date_id,calendar_date,semester_id,semester_week,is_enrollment_period,is_exam_week,is_event_day,is_sem_break,is_tally_date,is_store_closed
1,2023-01-01,,,0,0,0,0,0,0
2,2023-01-02,,,0,0,0,0,0,0
3,2023-01-03,,,0,0,0,0,0,0
4,2023-01-04,,,0,0,0,0,0,0
5,2023-01-05,,,0,0,0,0,0,0
6,2023-01-06,,,0,0,0,0,0,0
7,2023-01-07,,,0,0,0,0,0,0
8,2023-01-08,,,0,0,0,0,0,0
9,2023-01-09,AY2223-T2,1,0,0,0,0,0,1
10,2023-01-10,AY2223-T2,1,1,0,0,0,0,0
11,2023-01-11,AY2223-T2,1,1,0,0,0,0,0
12,2023-01-12,AY2223-T2,1,1,0,0,0,0,0
13,2023-01-13,AY2223-T2,1,1,0,0,0,0,0
14,2023-01-14,AY2223-T2,1,1,0,0,0,0,0
15,2023-01-15,AY2223-T2,1,1,0,0,0,0,0
16,2023-01-16,AY2223-T2,2,1,0,0,0,0,0
17,2023-01-17,AY2223-T2,2,0,0,0,0,0,0
18,2023-01-18,AY2223-T2,2,0,0,0,0,0,0
19,2023-01-19,AY2223-T2,2,0,0,0,0,0,0
20,2023-01-20,AY2223-T2,2,0,0,0,0,0,0
21,2023-01-21,AY2223-T2,2,0,0,0,0,0,0
22,2023-01-22,AY2223-T2,2,0,0,0,0,0,0
23,2023-01-23,AY2223-T2,3,0,0,0,0,0,0
24,2023-01-24,AY2223-T2,3,0,0,0,0,0,0
25,2023-01-25,AY2223-T2,3,0,0,0,0,0,0
26,2023-01-26,AY2223-T2,3,0,0,0,0,0,0
27,2023-01-27,AY2223-T2,3,0,0,0,0,0,0
28,2023-01-28,AY2223-T2,3,0,0,1,0,0,0
29,2023-01-29,AY2223-T2,3,0,0,0,0,0,0
30,2023-01-30,AY2223-T2,4,0,0,0,0,0,0
31,2023-01-31,AY2223-T2,4,0,0,0,0,0,0
32,2023-02-01,AY2223-T2,4,0,0,0,0,0,0
33,2023-02-02,AY2223-T2,4,0,0,0,0,0,0
34,2023-02-03,AY2223-T2,4,0,0,0,0,0,0
35,2023-02-04,AY2223-T2,4,0,0,0,0,0,0
36,2023-02-05,AY2223-T2,4,0,0,0,0,0,0
37,2023-02-06,AY2223-T2,5,0,0,0,0,0,0
38,2023-02-07,AY2223-T2,5,0,0,0,0,0,0
39,2023-02-08,AY2223-T2,5,0,0,0,0,0,0
40,2023-02-09,AY2223-T2,5,0,0,0,0,0,0
41,2023-02-10,AY2223-T2,5,0,0,0,0,0,0
42,2023-02-11,AY2223-T2,5,0,0,0,0,0,0
43,2023-02-12,AY2223-T2,5,0,0,0,0,0,0
44,2023-02-13,AY2223-T2,6,0,0,0,0,0,0
45,2023-02-14,AY2223-T2,6,0,0,0,0,0,0
46,2023-02-15,AY2223-T2,6,0,0,0,0,0,0
47,2023-02-16,AY2223-T2,6,0,0,0,0,0,0
48,2023-02-17,AY2223-T2,6,0,0,0,0,0,0
49,2023-02-18,AY2223-T2,6,0,0,0,0,0,0
50,2023-02-19,AY2223-T2,6,0,0,0,0,0,0
51,2023-02-20,AY2223-T2,7,0,0,0,0,0,0
52,2023-02-21,AY2223-T2,7,0,0,0,0,0,0
53,2023-02-22,AY2223-T2,7,0,0,0,0,0,0
54,2023-02-23,AY2223-T2,7,0,0,0,0,0,0
55,2023-02-24,AY2223-T2,7,0,0,0,0,0,0
56,2023-02-25,AY2223-T2,7,0,0,0,0,0,1
57,2023-02-26,AY2223-T2,7,0,0,0,0,0,0
58,2023-02-27,AY2223-T2,8,0,0,0,0,0,0
59,2023-02-28,AY2223-T2,8,0,0,0,0,0,0
60,2023-03-01,AY2223-T2,8,0,0,0,0,0,0
61,2023-03-02,AY2223-T2,8,0,0,0,0,0,0
62,2023-03-03,AY2223-T2,8,0,0,0,0,0,0
63,2023-03-04,AY2223-T2,8,0,0,0,0,0,0
64,2023-03-05,AY2223-T2,8,0,0,0,0,0,0
65,2023-03-06,AY2223-T2,9,0,0,0,0,0,0
66,2023-03-07,AY2223-T2,9,0,0,0,0,0,0
67,2023-03-08,AY2223-T2,9,0,0,0,0,0,0
68,2023-03-09,AY2223-T2,9,0,0,0,0,0,0
69,2023-03-10,AY2223-T2,9,0,0,0,0,0,0
70,2023-03-11,AY2223-T2,9,0,0,0,0,0,0
71,2023-03-12,AY2223-T2,9,0,0,0,0,0,0
72,2023-03-13,AY2223-T2,10,0,0,0,0,0,0
73,2023-03-14,AY2223-T2,10,0,0,0,0,0,0
74,2023-03-15,AY2223-T2,10,0,0,0,0,0,0
75,2023-03-16,AY2223-T2,10,0,0,0,0,0,0
76,2023-03-17,AY2223-T2,10,0,1,0,0,0,0
77,2023-03-18,AY2223-T2,10,0,1,0,0,0,0
78,2023-03-19,AY2223-T2,10,0,1,0,0,0,0
79,2023-03-20,AY2223-T2,11,0,0,0,1,0,0
80,2023-03-21,AY2223-T2,11,0,0,0,1,0,0
81,2023-03-22,AY2223-T2,11,0,0,0,0,0,0
82,2023-03-23,AY2223-T2,11,0,0,0,0,0,0
83,2023-03-24,AY2223-T2,11,0,0,0,0,0,0
84,2023-03-25,AY2223-T2,11,0,0,0,0,0,0
85,2023-03-26,AY2223-T2,11,0,0,0,0,0,0
86,2023-03-27,AY2223-T2,12,0,0,0,0,0,0
87,2023-03-28,AY2223-T2,12,0,0,0,0,0,0
88,2023-03-29,AY2223-T2,12,0,0,0,0,0,0
89,2023-03-30,AY2223-T2,12,0,0,0,0,0,0
90,2023-03-31,AY2223-T2,12,0,0,0,0,0,0
91,2023-04-01,AY2223-T2,12,0,0,0,0,0,0
92,2023-04-02,AY2223-T2,12,0,0,0,1,0,0
93,2023-04-03,AY2223-T2,13,0,0,0,1,0,0
94,2023-04-04,AY2223-T2,13,0,0,0,1,0,0
95,2023-04-05,AY2223-T2,13,0,0,0,1,0,0
96,2023-04-06,AY2223-T2,13,0,0,0,1,0,0
97,2023-04-07,AY2223-T2,13,0,0,0,1,0,0
98,2023-04-08,AY2223-T2,13,0,0,0,1,0,0
99,2023-04-09,AY2223-T2,13,0,0,0,1,0,1
100,2023-04-10,AY2223-T2,14,0,0,0,1,0,0
101,2023-04-11,AY2223-T2,14,0,0,0,0,0,0
102,2023-04-12,AY2223-T2,14,0,0,0,0,0,0
103,2023-04-13,AY2223-T2,14,0,0,0,0,0,0
104,2023-04-14,AY2223-T2,14,0,0,0,0,0,0
105,2023-04-15,AY2223-T2,14,0,0,0,0,0,0
106,2023-04-16,AY2223-T2,14,0,0,0,0,0,0
107,2023-04-17,AY2223-T2,15,0,0,0,0,0,0
108,2023-04-18,AY2223-T2,15,0,0,0,0,0,0
109,2023-04-19,AY2223-T2,15,0,0,0,0,0,0
110,2023-04-20,AY2223-T2,15,0,0,0,0,0,0
111,2023-04-21,AY2223-T2,15,0,0,0,0,0,0
112,2023-04-22,AY2223-T2,15,0,0,0,0,0,0
113,2023-04-23,AY2223-T2,15,0,0,0,0,0,0
114,2023-04-24,AY2223-T2,16,0,0,0,0,0,0
115,2023-04-25,AY2223-T2,16,0,0,0,0,0,0
116,2023-04-26,AY2223-T2,16,0,0,0,0,0,0
117,2023-04-27,AY2223-T2,16,0,0,0,0,0,0
118,2023-04-28,AY2223-T2,16,0,0,0,0,0,0
119,2023-04-29,AY2223-T2,16,0,0,0,0,0,0
120,2023-04-30,AY2223-T2,16,0,0,0,0,0,0
121,2023-05-01,AY2223-T2,17,0,0,0,0,0,1
122,2023-05-02,AY2223-T2,17,0,0,0,0,0,0
123,2023-05-03,AY2223-T2,17,0,0,0,0,0,0
124,2023-05-04,AY2223-T2,17,0,0,0,0,0,0
125,2023-05-05,AY2223-T2,17,0,0,0,0,0,0
126,2023-05-06,AY2223-T2,17,0,0,0,0,0,0
127,2023-05-07,AY2223-T2,17,0,0,0,0,0,0
128,2023-05-08,AY2223-T2,18,0,0,0,0,0,0
129,2023-05-09,AY2223-T2,18,0,0,0,0,0,0
130,2023-05-10,AY2223-T2,18,0,0,0,0,0,0
131,2023-05-11,AY2223-T2,18,0,0,0,0,0,0
132,2023-05-12,AY2223-T2,18,0,1,0,0,0,0
133,2023-05-13,AY2223-T2,18,0,1,0,0,0,0
134,2023-05-14,AY2223-T2,18,0,1,0,0,0,0
135,2023-05-15,AY2223-T2,19,0,1,0,0,0,0
136,2023-05-16,AY2223-T2,19,0,1,0,0,0,0
137,2023-05-17,AY2223-T2,19,0,1,0,0,0,0
138,2023-05-18,AY2223-T2,19,0,1,0,0,0,0
139,2023-05-19,AY2223-T2,19,0,0,0,0,0,0
140,2023-05-20,AY2223-T2,19,0,0,0,0,0,0
141,2023-05-21,AY2223-T2,19,0,0,0,0,0,0
142,2023-05-22,AY2223-T2,20,0,0,0,0,0,0
143,2023-05-23,AY2223-T2,20,0,0,0,0,0,0
144,2023-05-24,AY2223-T2,20,0,0,0,0,0,0
145,2023-05-25,AY2223-T2,20,0,0,0,0,0,0
146,2023-05-26,AY2223-T2,20,0,0,1,0,0,0
147,2023-05-27,AY2223-T2,20,0,1,0,0,0,0
148,2023-05-28,AY2223-T2,20,0,1,0,0,0,0
149,2023-05-29,AY2223-T2,21,0,1,0,0,0,0
150,2023-05-30,AY2223-T2,21,0,1,1,0,0,0
151,2023-05-31,AY2223-T2,21,0,1,0,0,0,0
152,2023-06-01,AY2223-T2,21,0,1,1,0,0,0
153,2023-06-02,AY2223-T2,21,0,1,0,0,0,0
154,2023-06-03,AY2223-T2,21,0,0,0,1,0,0
155,2023-06-04,AY2223-T2,21,0,0,0,1,0,0
156,2023-06-05,AY2223-T2,22,0,0,0,1,0,0
157,2023-06-06,AY2223-T2,22,0,0,0,1,0,0
158,2023-06-07,AY2223-T2,22,0,0,0,1,0,0
159,2023-06-08,AY2223-T2,22,0,0,0,1,0,0
160,2023-06-09,AY2223-T2,22,0,0,0,1,0,0
161,2023-06-10,AY2223-T2,22,0,0,0,1,0,0
162,2023-06-11,AY2223-T2,22,0,0,0,1,0,0
163,2023-06-12,AY2223-ST,1,0,0,0,1,0,1
164,2023-06-13,AY2223-ST,1,1,0,0,0,0,0
165,2023-06-14,AY2223-ST,1,1,0,0,0,0,0
166,2023-06-15,AY2223-ST,1,0,0,1,0,0,0
167,2023-06-16,AY2223-ST,1,0,0,0,0,0,0
168,2023-06-17,AY2223-ST,1,0,0,0,0,0,0
169,2023-06-18,AY2223-ST,1,0,0,0,0,0,0
170,2023-06-19,AY2223-ST,2,0,0,0,0,0,0
171,2023-06-20,AY2223-ST,2,0,0,0,0,0,0
172,2023-06-21,AY2223-ST,2,0,0,0,0,0,0
173,2023-06-22,AY2223-ST,2,0,0,0,0,0,0
174,2023-06-23,AY2223-ST,2,0,0,0,0,0,0
175,2023-06-24,AY2223-ST,2,0,0,0,0,0,0
176,2023-06-25,AY2223-ST,2,0,0,0,0,0,0
177,2023-06-26,AY2223-ST,3,0,0,0,0,0,0
178,2023-06-27,AY2223-ST,3,0,0,0,0,0,0
179,2023-06-28,AY2223-ST,3,0,0,0,0,0,0
180,2023-06-29,AY2223-ST,3,0,0,0,0,0,0
181,2023-06-30,AY2223-ST,3,0,1,0,0,0,0
182,2023-07-01,AY2223-ST,3,0,1,0,0,0,0
183,2023-07-02,AY2223-ST,3,0,1,0,0,0,0
184,2023-07-03,AY2223-ST,4,0,1,0,0,0,0
185,2023-07-04,AY2223-ST,4,0,1,0,0,0,0
186,2023-07-05,AY2223-ST,4,0,1,0,0,0,0
187,2023-07-06,AY2223-ST,4,0,0,0,0,0,0
188,2023-07-07,AY2223-ST,4,0,0,0,0,0,0
189,2023-07-08,AY2223-ST,4,0,0,0,0,0,0
190,2023-07-09,AY2223-ST,4,0,0,0,0,0,0
191,2023-07-10,AY2223-ST,5,0,0,0,0,0,0
192,2023-07-11,AY2223-ST,5,0,0,0,0,0,0
193,2023-07-12,AY2223-ST,5,0,0,0,0,0,0
194,2023-07-13,AY2223-ST,5,0,0,0,0,0,0
195,2023-07-14,AY2223-ST,5,0,0,0,0,0,0
196,2023-07-15,AY2223-ST,5,0,0,0,0,0,0
197,2023-07-16,AY2223-ST,5,0,0,0,0,0,0
198,2023-07-17,AY2223-ST,6,0,0,0,0,0,0
199,2023-07-18,AY2223-ST,6,0,0,0,0,0,0
200,2023-07-19,AY2223-ST,6,0,0,0,0,0,0
201,2023-07-20,AY2223-ST,6,0,1,0,0,0,0
202,2023-07-21,AY2223-ST,6,0,1,0,0,0,0
203,2023-07-22,AY2223-ST,6,0,1,0,0,0,0
204,2023-07-23,AY2223-ST,6,0,1,0,0,0,0
205,2023-07-24,AY2223-ST,7,0,1,0,0,0,0
206,2023-07-25,AY2223-ST,7,0,0,0,1,0,0
207,2023-07-26,AY2223-ST,7,0,0,0,1,0,0
208,2023-07-27,AY2223-ST,7,0,0,0,1,0,0
209,2023-07-28,AY2223-ST,7,0,0,0,1,0,0
210,2023-07-29,AY2223-ST,7,0,0,0,1,0,0
211,2023-07-30,AY2223-ST,7,0,0,0,1,0,0
212,2023-07-31,AY2223-ST,8,0,0,0,1,0,0
213,2023-08-01,AY2324-T1,1,0,0,1,0,0,0
214,2023-08-02,AY2324-T1,1,0,0,1,0,0,0
215,2023-08-03,AY2324-T1,1,0,0,1,0,0,0
216,2023-08-04,AY2324-T1,1,0,0,1,0,0,0
217,2023-08-05,AY2324-T1,1,0,0,0,0,0,0
218,2023-08-06,AY2324-T1,1,0,0,0,0,0,0
219,2023-08-07,AY2324-T1,1,0,0,0,0,0,0
220,2023-08-08,AY2324-T1,2,0,0,0,0,0,1
221,2023-08-09,AY2324-T1,2,0,0,1,0,0,0
222,2023-08-10,AY2324-T1,2,0,0,0,0,0,0
223,2023-08-11,AY2324-T1,2,0,0,0,0,0,0
224,2023-08-12,AY2324-T1,2,0,0,0,0,0,0
225,2023-08-13,AY2324-T1,2,0,0,0,0,0,0
226,2023-08-14,AY2324-T1,2,0,0,0,0,0,0
227,2023-08-15,AY2324-T1,3,0,0,0,0,0,0
228,2023-08-16,AY2324-T1,3,0,0,0,0,0,0
229,2023-08-17,AY2324-T1,3,0,0,0,0,0,0
230,2023-08-18,AY2324-T1,3,0,0,0,0,0,0
231,2023-08-19,AY2324-T1,3,0,0,0,0,0,0
232,2023-08-20,AY2324-T1,3,0,0,0,0,0,0
233,2023-08-21,AY2324-T1,3,0,0,0,0,0,1
234,2023-08-22,AY2324-T1,4,0,0,0,0,0,0
235,2023-08-23,AY2324-T1,4,0,0,0,0,0,0
236,2023-08-24,AY2324-T1,4,0,0,0,0,0,0
237,2023-08-25,AY2324-T1,4,0,0,0,0,0,0
238,2023-08-26,AY2324-T1,4,0,0,0,0,0,0
239,2023-08-27,AY2324-T1,4,0,0,0,0,0,0
240,2023-08-28,AY2324-T1,4,0,0,0,0,0,1
241,2023-08-29,AY2324-T1,5,0,0,0,0,0,0
242,2023-08-30,AY2324-T1,5,0,0,0,0,0,0
243,2023-08-31,AY2324-T1,5,0,0,0,0,0,0
244,2023-09-01,AY2324-T1,5,0,0,0,0,0,0
245,2023-09-02,AY2324-T1,5,0,0,0,0,0,0
246,2023-09-03,AY2324-T1,5,0,0,0,0,0,0
247,2023-09-04,AY2324-T1,5,0,0,0,0,0,0
248,2023-09-05,AY2324-T1,6,0,0,0,0,0,0
249,2023-09-06,AY2324-T1,6,0,0,0,0,0,0
250,2023-09-07,AY2324-T1,6,0,0,0,0,0,0
251,2023-09-08,AY2324-T1,6,0,0,0,0,0,0
252,2023-09-09,AY2324-T1,6,0,0,0,0,0,0
253,2023-09-10,AY2324-T1,6,0,0,0,0,0,0
254,2023-09-11,AY2324-T1,6,0,0,0,0,0,0
255,2023-09-12,AY2324-T1,7,0,0,0,0,0,0
256,2023-09-13,AY2324-T1,7,0,0,0,0,0,0
257,2023-09-14,AY2324-T1,7,0,0,0,0,0,0
258,2023-09-15,AY2324-T1,7,0,0,0,0,0,0
259,2023-09-16,AY2324-T1,7,0,0,0,0,0,0
260,2023-09-17,AY2324-T1,7,0,0,0,0,0,0
261,2023-09-18,AY2324-T1,7,0,0,0,0,0,0
262,2023-09-19,AY2324-T1,8,0,0,0,0,0,0
263,2023-09-20,AY2324-T1,8,0,0,0,0,0,0
264,2023-09-21,AY2324-T1,8,0,0,0,0,0,0
265,2023-09-22,AY2324-T1,8,0,0,0,0,0,0
266,2023-09-23,AY2324-T1,8,0,0,0,0,0,0
267,2023-09-24,AY2324-T1,8,0,0,0,0,0,0
268,2023-09-25,AY2324-T1,8,0,0,0,0,0,0
269,2023-09-26,AY2324-T1,9,0,0,0,0,0,0
270,2023-09-27,AY2324-T1,9,0,0,0,0,0,0
271,2023-09-28,AY2324-T1,9,0,0,0,0,0,0
272,2023-09-29,AY2324-T1,9,0,0,0,0,0,0
273,2023-09-30,AY2324-T1,9,0,0,0,0,0,0
274,2023-10-01,AY2324-T1,9,0,0,0,0,0,0
275,2023-10-02,AY2324-T1,9,0,0,0,0,0,0
276,2023-10-03,AY2324-T1,10,0,0,0,0,0,0
277,2023-10-04,AY2324-T1,10,0,0,0,0,0,0
278,2023-10-05,AY2324-T1,10,0,0,0,0,0,0
279,2023-10-06,AY2324-T1,10,0,0,0,0,0,0
280,2023-10-07,AY2324-T1,10,0,0,0,0,0,0
281,2023-10-08,AY2324-T1,10,0,0,0,0,0,0
282,2023-10-09,AY2324-T1,10,0,1,0,0,0,0
283,2023-10-10,AY2324-T1,11,0,1,0,0,0,0
284,2023-10-11,AY2324-T1,11,0,1,0,0,0,0
285,2023-10-12,AY2324-T1,11,0,1,0,0,0,0
286,2023-10-13,AY2324-T1,11,0,1,0,0,0,0
287,2023-10-14,AY2324-T1,11,0,1,0,0,0,0
288,2023-10-15,AY2324-T1,11,0,0,0,0,0,0
289,2023-10-16,AY2324-T1,11,0,0,0,0,0,0
290,2023-10-17,AY2324-T1,12,0,0,0,0,0,0
291,2023-10-18,AY2324-T1,12,0,0,0,0,0,0
292,2023-10-19,AY2324-T1,12,0,0,0,0,0,0
293,2023-10-20,AY2324-T1,12,0,0,0,0,0,0
294,2023-10-21,AY2324-T1,12,0,0,0,0,0,0
295,2023-10-22,AY2324-T1,12,0,0,0,0,0,0
296,2023-10-23,AY2324-T1,12,0,0,0,0,0,0
297,2023-10-24,AY2324-T1,13,0,0,0,0,0,0
298,2023-10-25,AY2324-T1,13,0,0,0,0,0,0
299,2023-10-26,AY2324-T1,13,0,0,0,0,0,0
300,2023-10-27,AY2324-T1,13,0,0,0,0,0,0
301,2023-10-28,AY2324-T1,13,0,0,0,0,0,0
302,2023-10-29,AY2324-T1,13,0,0,0,0,0,0
303,2023-10-30,AY2324-T1,13,0,0,0,1,0,0
304,2023-10-31,AY2324-T1,14,0,0,0,1,0,0
305,2023-11-01,AY2324-T1,14,0,0,0,1,0,0
306,2023-11-02,AY2324-T1,14,0,0,0,1,0,0
307,2023-11-03,AY2324-T1,14,0,0,0,1,0,0
308,2023-11-04,AY2324-T1,14,0,0,0,1,0,0
309,2023-11-05,AY2324-T1,14,0,0,0,1,0,0
310,2023-11-06,AY2324-T1,14,0,0,0,1,0,0
311,2023-11-07,AY2324-T1,15,0,0,0,0,0,0
312,2023-11-08,AY2324-T1,15,0,0,0,0,0,0
313,2023-11-09,AY2324-T1,15,0,0,0,0,0,0
314,2023-11-10,AY2324-T1,15,0,0,0,0,0,0
315,2023-11-11,AY2324-T1,15,0,0,0,0,0,0
316,2023-11-12,AY2324-T1,15,0,0,0,0,0,0
317,2023-11-13,AY2324-T1,15,0,0,0,0,0,0
318,2023-11-14,AY2324-T1,16,0,0,0,0,0,0
319,2023-11-15,AY2324-T1,16,0,0,0,0,0,0
320,2023-11-16,AY2324-T1,16,0,0,0,0,0,0
321,2023-11-17,AY2324-T1,16,0,0,0,0,0,0
322,2023-11-18,AY2324-T1,16,0,0,0,0,0,0
323,2023-11-19,AY2324-T1,16,0,0,0,0,0,0
324,2023-11-20,AY2324-T1,16,0,0,0,0,0,0
325,2023-11-21,AY2324-T1,17,0,0,0,0,0,0
326,2023-11-22,AY2324-T1,17,0,0,0,0,0,0
327,2023-11-23,AY2324-T1,17,0,0,0,0,0,0
328,2023-11-24,AY2324-T1,17,0,0,0,0,0,0
329,2023-11-25,AY2324-T1,17,0,0,0,0,0,0
330,2023-11-26,AY2324-T1,17,0,0,0,0,0,0
331,2023-11-27,AY2324-T1,17,0,0,0,0,0,1
332,2023-11-28,AY2324-T1,18,0,0,0,0,0,0
333,2023-11-29,AY2324-T1,18,0,0,0,0,0,0
334,2023-11-30,AY2324-T1,18,0,0,0,0,0,0
335,2023-12-01,AY2324-T1,18,0,0,0,0,0,0
336,2023-12-02,AY2324-T1,18,0,0,0,0,0,0
337,2023-12-03,AY2324-T1,18,0,0,0,0,0,0
338,2023-12-04,AY2324-T1,18,0,0,0,0,0,0
339,2023-12-05,AY2324-T1,19,0,0,0,0,0,0
340,2023-12-06,AY2324-T1,19,0,0,0,0,0,0
341,2023-12-07,AY2324-T1,19,0,0,0,0,0,0
342,2023-12-08,AY2324-T1,19,0,0,0,0,0,1
343,2023-12-09,AY2324-T1,19,0,0,0,0,0,0
344,2023-12-10,AY2324-T1,19,0,0,0,0,0,0
345,2023-12-11,AY2324-T1,19,0,0,0,0,0,0
346,2023-12-12,AY2324-T1,20,0,0,0,0,0,0
347,2023-12-13,AY2324-T1,20,0,0,0,0,0,0
348,2023-12-14,AY2324-T1,20,0,0,0,0,0,0
349,2023-12-15,AY2324-T1,20,0,0,0,0,0,0
350,2023-12-16,AY2324-T1,20,0,1,0,0,0,0
351,2023-12-17,AY2324-T1,20,0,1,0,0,0,0
352,2023-12-18,AY2324-T1,20,0,1,0,0,0,0
353,2023-12-19,AY2324-T1,21,0,1,0,0,0,0
354,2023-12-20,AY2324-T1,21,0,1,0,0,0,0
355,2023-12-21,AY2324-T1,21,0,1,1,0,0,0
356,2023-12-22,AY2324-T1,21,0,1,0,0,0,0
357,2023-12-23,AY2324-T1,21,0,0,0,1,0,0
358,2023-12-24,AY2324-T1,21,0,0,0,1,0,0
359,2023-12-25,AY2324-T1,21,0,0,0,1,0,0
360,2023-12-26,AY2324-T1,22,0,0,0,1,0,0
361,2023-12-27,AY2324-T1,22,0,0,0,1,0,0
362,2023-12-28,AY2324-T1,22,0,0,0,1,0,0
363,2023-12-29,AY2324-T1,22,0,0,0,1,0,0
364,2023-12-30,AY2324-T1,22,0,0,0,1,0,0
365,2023-12-31,AY2324-T1,22,0,0,0,1,0,0
366,2024-01-01,AY2324-T1,22,0,0,0,1,0,0
367,2024-01-02,AY2324-T1,23,0,0,0,1,0,0
368,2024-01-03,AY2324-T1,23,0,0,0,1,0,0
369,2024-01-04,AY2324-T1,23,0,0,0,1,0,0
370,2024-01-05,AY2324-T1,23,0,0,0,1,0,0
371,2024-01-06,AY2324-T1,23,0,0,0,1,0,0
372,2024-01-07,AY2324-T1,23,0,0,0,1,0,0
373,2024-01-08,AY2324-T1,23,0,0,0,1,0,0
374,2024-01-09,AY2324-T2,1,0,0,0,1,0,1
375,2024-01-10,AY2324-T2,1,1,0,0,0,0,0
376,2024-01-11,AY2324-T2,1,1,0,0,0,0,0
377,2024-01-12,AY2324-T2,1,1,0,0,0,0,0
378,2024-01-13,AY2324-T2,1,1,0,0,0,0,0
379,2024-01-14,AY2324-T2,1,1,0,0,0,0,0
380,2024-01-15,AY2324-T2,1,1,0,0,0,0,0
381,2024-01-16,AY2324-T2,2,0,0,0,0,0,0
382,2024-01-17,AY2324-T2,2,0,0,0,0,0,0
383,2024-01-18,AY2324-T2,2,0,0,0,0,0,0
384,2024-01-19,AY2324-T2,2,0,0,0,0,0,0
385,2024-01-20,AY2324-T2,2,0,0,0,0,0,0
386,2024-01-21,AY2324-T2,2,0,0,0,0,0,0
387,2024-01-22,AY2324-T2,2,0,0,0,0,0,0
388,2024-01-23,AY2324-T2,3,0,0,0,0,0,0
389,2024-01-24,AY2324-T2,3,0,0,0,0,0,0
390,2024-01-25,AY2324-T2,3,0,0,0,0,0,0
391,2024-01-26,AY2324-T2,3,0,0,0,0,0,0
392,2024-01-27,AY2324-T2,3,0,0,0,0,0,0
393,2024-01-28,AY2324-T2,3,0,0,1,0,0,0
394,2024-01-29,AY2324-T2,3,0,0,0,0,0,0
395,2024-01-30,AY2324-T2,4,0,0,0,0,0,0
396,2024-01-31,AY2324-T2,4,0,0,0,0,0,0
397,2024-02-01,AY2324-T2,4,0,0,0,0,0,0
398,2024-02-02,AY2324-T2,4,0,0,0,0,0,0
399,2024-02-03,AY2324-T2,4,0,0,0,0,0,0
400,2024-02-04,AY2324-T2,4,0,0,0,0,0,0
401,2024-02-05,AY2324-T2,4,0,0,0,0,0,0
402,2024-02-06,AY2324-T2,5,0,0,0,0,0,0
403,2024-02-07,AY2324-T2,5,0,0,0,0,0,0
404,2024-02-08,AY2324-T2,5,0,0,0,0,0,0
405,2024-02-09,AY2324-T2,5,0,0,0,0,0,0
406,2024-02-10,AY2324-T2,5,0,0,0,0,0,0
407,2024-02-11,AY2324-T2,5,0,0,0,0,0,0
408,2024-02-12,AY2324-T2,5,0,0,0,0,0,0
409,2024-02-13,AY2324-T2,6,0,0,0,0,0,0
410,2024-02-14,AY2324-T2,6,0,0,0,0,0,0
411,2024-02-15,AY2324-T2,6,0,0,0,0,0,0
412,2024-02-16,AY2324-T2,6,0,0,0,0,0,0
413,2024-02-17,AY2324-T2,6,0,0,0,0,0,0
414,2024-02-18,AY2324-T2,6,0,0,0,0,0,0
415,2024-02-19,AY2324-T2,6,0,0,0,0,0,0
416,2024-02-20,AY2324-T2,7,0,0,0,0,0,0
417,2024-02-21,AY2324-T2,7,0,0,0,0,0,0
418,2024-02-22,AY2324-T2,7,0,0,0,0,0,0
419,2024-02-23,AY2324-T2,7,0,0,0,0,0,0
420,2024-02-24,AY2324-T2,7,0,0,0,0,0,0
421,2024-02-25,AY2324-T2,7,0,0,0,0,0,1
422,2024-02-26,AY2324-T2,7,0,0,0,0,0,0
423,2024-02-27,AY2324-T2,8,0,0,0,0,0,0
424,2024-02-28,AY2324-T2,8,0,0,0,0,0,0
425,2024-02-29,AY2324-T2,8,0,0,0,0,0,0
426,2024-03-01,AY2324-T2,8,0,0,0,0,0,0
427,2024-03-02,AY2324-T2,8,0,0,0,0,0,0
428,2024-03-03,AY2324-T2,8,0,0,0,0,0,0
429,2024-03-04,AY2324-T2,8,0,0,0,0,0,0
430,2024-03-05,AY2324-T2,9,0,0,0,0,0,0
431,2024-03-06,AY2324-T2,9,0,0,0,0,0,0
432,2024-03-07,AY2324-T2,9,0,0,0,0,0,0
433,2024-03-08,AY2324-T2,9,0,0,0,0,0,0
434,2024-03-09,AY2324-T2,9,0,0,0,0,0,0
435,2024-03-10,AY2324-T2,9,0,0,0,0,0,0
436,2024-03-11,AY2324-T2,9,0,0,0,0,0,0
437,2024-03-12,AY2324-T2,10,0,0,0,0,0,0
438,2024-03-13,AY2324-T2,10,0,1,0,0,0,0
439,2024-03-14,AY2324-T2,10,0,1,0,0,0,0
440,2024-03-15,AY2324-T2,10,0,1,0,0,0,0
441,2024-03-16,AY2324-T2,10,0,1,0,0,0,0
442,2024-03-17,AY2324-T2,10,0,1,0,0,0,0
443,2024-03-18,AY2324-T2,10,0,1,0,0,0,0
444,2024-03-19,AY2324-T2,11,0,0,0,0,0,0
445,2024-03-20,AY2324-T2,11,0,0,0,0,0,0
446,2024-03-21,AY2324-T2,11,0,0,0,0,0,0
447,2024-03-22,AY2324-T2,11,0,0,0,0,0,0
448,2024-03-23,AY2324-T2,11,0,0,0,0,0,0
449,2024-03-24,AY2324-T2,11,0,0,0,0,0,0
450,2024-03-25,AY2324-T2,11,0,0,0,1,0,0
451,2024-03-26,AY2324-T2,12,0,0,0,1,0,0
452,2024-03-27,AY2324-T2,12,0,0,0,1,0,0
453,2024-03-28,AY2324-T2,12,0,0,0,1,0,0
454,2024-03-29,AY2324-T2,12,0,0,0,1,0,0
455,2024-03-30,AY2324-T2,12,0,0,0,1,0,0
456,2024-03-31,AY2324-T2,12,0,0,0,1,0,0
457,2024-04-01,AY2324-T2,12,0,0,0,1,0,0
458,2024-04-02,AY2324-T2,13,0,0,0,0,0,0
459,2024-04-03,AY2324-T2,13,0,0,0,0,0,0
460,2024-04-04,AY2324-T2,13,0,0,0,0,0,0
461,2024-04-05,AY2324-T2,13,0,0,0,0,0,0
462,2024-04-06,AY2324-T2,13,0,0,0,0,0,0
463,2024-04-07,AY2324-T2,13,0,0,0,0,0,0
464,2024-04-08,AY2324-T2,13,0,0,0,0,0,0
465,2024-04-09,AY2324-T2,14,0,0,0,0,0,1
466,2024-04-10,AY2324-T2,14,0,0,0,0,0,0
467,2024-04-11,AY2324-T2,14,0,0,0,0,0,0
468,2024-04-12,AY2324-T2,14,0,0,0,0,0,0
469,2024-04-13,AY2324-T2,14,0,0,0,0,0,0
470,2024-04-14,AY2324-T2,14,0,0,0,0,0,0
471,2024-04-15,AY2324-T2,14,0,0,0,0,0,0
472,2024-04-16,AY2324-T2,15,0,0,0,0,0,0
473,2024-04-17,AY2324-T2,15,0,0,0,0,0,0
474,2024-04-18,AY2324-T2,15,0,0,0,0,0,0
475,2024-04-19,AY2324-T2,15,0,0,0,0,0,0
476,2024-04-20,AY2324-T2,15,0,0,0,0,0,0
477,2024-04-21,AY2324-T2,15,0,0,0,0,0,0
478,2024-04-22,AY2324-T2,15,0,0,0,0,0,0
479,2024-04-23,AY2324-T2,16,0,0,0,0,0,0
480,2024-04-24,AY2324-T2,16,0,0,0,0,0,0
481,2024-04-25,AY2324-T2,16,0,0,0,0,0,0
482,2024-04-26,AY2324-T2,16,0,0,0,0,0,0
483,2024-04-27,AY2324-T2,16,0,0,0,0,0,0
484,2024-04-28,AY2324-T2,16,0,0,0,0,0,0
485,2024-04-29,AY2324-T2,16,0,0,0,0,0,0
486,2024-04-30,AY2324-T2,17,0,0,0,0,0,0
487,2024-05-01,AY2324-T2,17,0,0,0,0,0,1
488,2024-05-02,AY2324-T2,17,0,0,0,0,1,0
489,2024-05-03,AY2324-T2,17,0,0,0,0,1,0
490,2024-05-04,AY2324-T2,17,0,0,0,0,1,0
491,2024-05-05,AY2324-T2,17,0,0,0,0,0,0
492,2024-05-06,AY2324-T2,17,0,0,0,0,1,0
493,2024-05-07,AY2324-T2,18,0,0,0,0,1,0
494,2024-05-08,AY2324-T2,18,0,0,0,0,1,0
495,2024-05-09,AY2324-T2,18,0,0,0,0,1,0
496,2024-05-10,AY2324-T2,18,0,1,0,0,1,0
497,2024-05-11,AY2324-T2,18,0,1,0,0,0,0
498,2024-05-12,AY2324-T2,18,0,1,0,0,0,0
499,2024-05-13,AY2324-T2,18,0,1,0,0,1,0
500,2024-05-14,AY2324-T2,19,0,1,0,0,1,0
501,2024-05-15,AY2324-T2,19,0,1,0,0,1,0
502,2024-05-16,AY2324-T2,19,0,1,0,0,1,0
503,2024-05-17,AY2324-T2,19,0,0,0,0,1,0
504,2024-05-18,AY2324-T2,19,0,0,0,0,0,0
505,2024-05-19,AY2324-T2,19,0,0,0,0,0,0
506,2024-05-20,AY2324-T2,19,0,0,0,0,1,0
507,2024-05-21,AY2324-T2,20,0,1,0,0,1,0
508,2024-05-22,AY2324-T2,20,0,1,0,0,1,0
509,2024-05-23,AY2324-T2,20,0,1,0,0,1,0
510,2024-05-24,AY2324-T2,20,0,1,1,0,1,0
511,2024-05-25,AY2324-T2,20,0,1,0,0,0,0
512,2024-05-26,AY2324-T2,20,0,1,0,0,0,0
513,2024-05-27,AY2324-T2,20,0,1,0,0,1,0
514,2024-05-28,AY2324-T2,21,0,0,0,0,1,0
515,2024-05-29,AY2324-T2,21,0,0,0,0,1,0
516,2024-05-30,AY2324-T2,21,0,0,0,0,1,0
517,2024-05-31,AY2324-T2,21,0,0,1,0,1,0
518,2024-06-01,AY2324-T2,21,0,0,1,0,0,0
519,2024-06-02,AY2324-T2,21,0,0,0,1,0,0
520,2024-06-03,AY2324-T2,21,0,0,0,1,0,0
521,2024-06-04,AY2324-T2,22,0,0,0,1,0,0
522,2024-06-05,AY2324-T2,22,0,0,0,1,0,0
523,2024-06-06,AY2324-ST,1,1,0,0,0,0,0
524,2024-06-07,AY2324-ST,1,1,0,0,0,0,0
525,2024-06-08,AY2324-ST,1,0,0,0,0,0,0
526,2024-06-09,AY2324-ST,1,0,0,0,0,0,0
527,2024-06-10,AY2324-ST,1,0,0,1,0,0,0
528,2024-06-11,AY2324-ST,1,0,0,0,0,0,0
529,2024-06-12,AY2324-ST,1,0,0,0,0,0,1
530,2024-06-13,AY2324-ST,2,0,0,0,0,0,0
531,2024-06-14,AY2324-ST,2,0,0,0,0,0,0
532,2024-06-15,AY2324-ST,2,0,0,0,0,0,0
533,2024-06-16,AY2324-ST,2,0,0,0,0,0,0
534,2024-06-17,AY2324-ST,2,0,0,0,0,0,0
535,2024-06-18,AY2324-ST,2,0,0,0,0,0,0
536,2024-06-19,AY2324-ST,2,0,0,0,0,0,0
537,2024-06-20,AY2324-ST,3,0,0,0,0,0,0
538,2024-06-21,AY2324-ST,3,0,0,0,0,0,0
539,2024-06-22,AY2324-ST,3,0,0,0,0,0,0
540,2024-06-23,AY2324-ST,3,0,0,0,0,0,0
541,2024-06-24,AY2324-ST,3,0,0,0,0,0,0
542,2024-06-25,AY2324-ST,3,0,0,0,0,0,0
543,2024-06-26,AY2324-ST,3,0,0,0,0,0,0
544,2024-06-27,AY2324-ST,4,0,1,0,0,0,0
545,2024-06-28,AY2324-ST,4,0,1,0,0,0,0
546,2024-06-29,AY2324-ST,4,0,1,0,0,0,0
547,2024-06-30,AY2324-ST,4,0,1,0,0,0,0
548,2024-07-01,AY2324-ST,4,0,1,0,0,0,0
549,2024-07-02,AY2324-ST,4,0,1,0,0,0,0
550,2024-07-03,AY2324-ST,4,0,0,0,0,0,0
551,2024-07-04,AY2324-ST,5,0,0,0,0,0,0
552,2024-07-05,AY2324-ST,5,0,0,0,0,0,0
553,2024-07-06,AY2324-ST,5,0,0,0,0,0,0
554,2024-07-07,AY2324-ST,5,0,0,0,0,0,0
555,2024-07-08,AY2324-ST,5,0,0,0,0,0,0
556,2024-07-09,AY2324-ST,5,0,0,0,0,0,0
557,2024-07-10,AY2324-ST,5,0,0,0,0,0,0
558,2024-07-11,AY2324-ST,6,0,0,0,0,0,0
559,2024-07-12,AY2324-ST,6,0,0,0,0,0,0
560,2024-07-13,AY2324-ST,6,0,0,0,0,0,0
561,2024-07-14,AY2324-ST,6,0,0,0,0,0,0
562,2024-07-15,AY2324-ST,6,0,0,0,0,0,0
563,2024-07-16,AY2324-ST,6,0,0,0,0,0,0
564,2024-07-17,AY2324-ST,6,0,1,0,0,0,0
565,2024-07-18,AY2324-ST,7,0,1,0,0,0,0
566,2024-07-19,AY2324-ST,7,0,1,0,0,0,0
567,2024-07-20,AY2324-ST,7,0,1,0,0,0,0
568,2024-07-21,AY2324-ST,7,0,1,0,0,0,0
569,2024-07-22,AY2324-ST,7,0,0,0,1,0,0
570,2024-07-23,AY2324-ST,7,0,0,0,1,0,0
571,2024-07-24,AY2324-ST,7,0,0,0,1,0,0
572,2024-07-25,AY2324-ST,8,0,0,0,1,0,0
573,2024-07-26,AY2324-ST,8,0,0,0,1,0,0
574,2024-07-27,AY2324-ST,8,0,0,0,1,0,0
575,2024-07-28,AY2324-ST,8,0,0,0,1,0,0
576,2024-07-29,AY2324-ST,8,0,0,0,1,0,0
577,2024-07-30,AY2324-ST,8,0,0,0,1,0,0
578,2024-07-31,AY2324-ST,8,0,0,0,1,0,0
579,2024-08-01,AY2425-T1,1,0,0,1,0,0,0
580,2024-08-02,AY2425-T1,1,0,0,1,0,0,0
581,2024-08-03,AY2425-T1,1,0,0,1,0,0,0
582,2024-08-04,AY2425-T1,1,0,0,1,0,0,0
583,2024-08-05,AY2425-T1,1,0,0,1,0,0,0
584,2024-08-06,AY2425-T1,1,0,0,0,0,1,0
585,2024-08-07,AY2425-T1,1,0,0,1,0,0,0
586,2024-08-08,AY2425-T1,2,0,0,0,0,0,1
587,2024-08-09,AY2425-T1,2,0,0,1,0,1,0
588,2024-08-10,AY2425-T1,2,0,0,0,0,0,0
589,2024-08-11,AY2425-T1,2,0,0,0,0,0,0
590,2024-08-12,AY2425-T1,2,0,0,0,0,0,0
591,2024-08-13,AY2425-T1,2,0,0,0,0,1,0
592,2024-08-14,AY2425-T1,2,0,0,0,0,0,0
593,2024-08-15,AY2425-T1,3,0,0,0,0,0,0
594,2024-08-16,AY2425-T1,3,0,0,0,0,1,0
595,2024-08-17,AY2425-T1,3,0,0,0,0,0,0
596,2024-08-18,AY2425-T1,3,0,0,0,0,0,0
597,2024-08-19,AY2425-T1,3,0,0,0,0,0,0
598,2024-08-20,AY2425-T1,3,0,0,0,0,0,0
599,2024-08-21,AY2425-T1,3,0,0,0,0,0,1
600,2024-08-22,AY2425-T1,4,0,0,0,0,1,0
601,2024-08-23,AY2425-T1,4,0,0,0,0,0,0
602,2024-08-24,AY2425-T1,4,0,0,0,0,0,0
603,2024-08-25,AY2425-T1,4,0,0,0,0,0,0
604,2024-08-26,AY2425-T1,4,0,0,0,0,0,1
605,2024-08-27,AY2425-T1,4,0,0,0,0,0,0
606,2024-08-28,AY2425-T1,4,0,0,0,0,0,0
607,2024-08-29,AY2425-T1,5,0,0,0,0,0,0
608,2024-08-30,AY2425-T1,5,0,0,0,0,0,0
609,2024-08-31,AY2425-T1,5,0,0,0,0,0,0
610,2024-09-01,AY2425-T1,5,0,0,0,0,0,0
611,2024-09-02,AY2425-T1,5,0,0,0,0,0,0
612,2024-09-03,AY2425-T1,5,0,0,0,0,0,0
613,2024-09-04,AY2425-T1,5,0,0,0,0,0,0
614,2024-09-05,AY2425-T1,6,0,0,0,0,0,0
615,2024-09-06,AY2425-T1,6,0,0,0,0,0,0
616,2024-09-07,AY2425-T1,6,0,0,0,0,0,0
617,2024-09-08,AY2425-T1,6,0,0,0,0,0,0
618,2024-09-09,AY2425-T1,6,0,0,0,0,0,0
619,2024-09-10,AY2425-T1,6,0,0,0,0,0,0
620,2024-09-11,AY2425-T1,6,0,0,0,0,0,0
621,2024-09-12,AY2425-T1,7,0,0,0,0,0,0
622,2024-09-13,AY2425-T1,7,0,0,0,0,0,0
623,2024-09-14,AY2425-T1,7,0,0,0,0,0,0
624,2024-09-15,AY2425-T1,7,0,0,0,0,0,0
625,2024-09-16,AY2425-T1,7,0,0,0,0,0,0
626,2024-09-17,AY2425-T1,7,0,0,0,0,1,0
627,2024-09-18,AY2425-T1,7,0,0,0,0,1,0
628,2024-09-19,AY2425-T1,8,0,0,0,0,1,0
629,2024-09-20,AY2425-T1,8,0,0,0,0,0,0
630,2024-09-21,AY2425-T1,8,0,0,0,0,0,0
631,2024-09-22,AY2425-T1,8,0,0,0,0,0,0
632,2024-09-23,AY2425-T1,8,0,0,0,0,0,0
633,2024-09-24,AY2425-T1,8,0,0,0,0,0,0
634,2024-09-25,AY2425-T1,8,0,0,0,0,0,0
635,2024-09-26,AY2425-T1,9,0,0,0,0,0,0
636,2024-09-27,AY2425-T1,9,0,0,0,0,0,0
637,2024-09-28,AY2425-T1,9,0,0,0,0,0,0
638,2024-09-29,AY2425-T1,9,0,0,0,0,0,0
639,2024-09-30,AY2425-T1,9,0,0,0,0,0,0
640,2024-10-01,AY2425-T1,9,0,0,0,0,1,0
641,2024-10-02,AY2425-T1,9,0,0,0,0,1,0
642,2024-10-03,AY2425-T1,10,0,0,0,0,1,0
643,2024-10-04,AY2425-T1,10,0,0,0,0,1,0
644,2024-10-05,AY2425-T1,10,0,0,0,0,0,0
645,2024-10-06,AY2425-T1,10,0,0,0,0,0,0
646,2024-10-07,AY2425-T1,10,0,0,0,0,1,0
647,2024-10-08,AY2425-T1,10,0,0,0,0,1,0
648,2024-10-09,AY2425-T1,10,0,1,0,0,1,0
649,2024-10-10,AY2425-T1,11,0,1,0,0,1,0
650,2024-10-11,AY2425-T1,11,0,1,0,0,1,0
651,2024-10-12,AY2425-T1,11,0,1,0,0,0,0
652,2024-10-13,AY2425-T1,11,0,1,0,0,0,0
653,2024-10-14,AY2425-T1,11,0,1,0,0,0,0
654,2024-10-15,AY2425-T1,11,0,0,0,0,0,0
655,2024-10-16,AY2425-T1,11,0,0,0,0,1,0
656,2024-10-17,AY2425-T1,12,0,0,0,0,1,0
657,2024-10-18,AY2425-T1,12,0,0,0,0,1,0
658,2024-10-19,AY2425-T1,12,0,0,0,0,1,0
659,2024-10-20,AY2425-T1,12,0,0,0,0,1,0
660,2024-10-21,AY2425-T1,12,0,0,0,0,0,0
661,2024-10-22,AY2425-T1,12,0,0,0,0,0,0
662,2024-10-23,AY2425-T1,12,0,0,0,0,0,0
663,2024-10-24,AY2425-T1,13,0,0,0,0,0,0
664,2024-10-25,AY2425-T1,13,0,0,0,0,0,0
665,2024-10-26,AY2425-T1,13,0,0,0,0,0,0
666,2024-10-27,AY2425-T1,13,0,0,0,0,0,0
667,2024-10-28,AY2425-T1,13,0,0,0,1,0,0
668,2024-10-29,AY2425-T1,13,0,0,0,1,0,0
669,2024-10-30,AY2425-T1,13,0,0,0,1,0,0
670,2024-10-31,AY2425-T1,14,0,0,0,1,0,0
671,2024-11-01,AY2425-T1,14,0,0,0,1,0,0
672,2024-11-02,AY2425-T1,14,0,0,0,1,0,0
673,2024-11-03,AY2425-T1,14,0,0,0,1,1,0
674,2024-11-04,AY2425-T1,14,0,0,0,0,1,0
675,2024-11-05,AY2425-T1,14,0,0,0,0,1,0
676,2024-11-06,AY2425-T1,14,0,0,0,0,1,0
677,2024-11-07,AY2425-T1,15,0,0,0,0,1,0
678,2024-11-08,AY2425-T1,15,0,0,0,0,1,0
679,2024-11-09,AY2425-T1,15,0,0,0,0,0,0
680,2024-11-10,AY2425-T1,15,0,0,0,0,0,0
681,2024-11-11,AY2425-T1,15,0,0,0,0,0,0
682,2024-11-12,AY2425-T1,15,0,0,0,0,1,0
683,2024-11-13,AY2425-T1,15,0,0,0,0,1,0
684,2024-11-14,AY2425-T1,16,0,0,0,0,1,0
685,2024-11-15,AY2425-T1,16,0,0,0,0,1,0
686,2024-11-16,AY2425-T1,16,0,0,0,0,0,0
687,2024-11-17,AY2425-T1,16,0,0,0,0,0,0
688,2024-11-18,AY2425-T1,16,0,0,0,0,0,0
689,2024-11-19,AY2425-T1,16,0,0,0,0,1,0
690,2024-11-20,AY2425-T1,16,0,0,0,0,1,0
691,2024-11-21,AY2425-T1,17,0,0,0,0,1,0
692,2024-11-22,AY2425-T1,17,0,0,0,0,1,0
693,2024-11-23,AY2425-T1,17,0,0,0,0,0,0
694,2024-11-24,AY2425-T1,17,0,0,0,0,0,0
695,2024-11-25,AY2425-T1,17,0,0,0,0,1,0
696,2024-11-26,AY2425-T1,17,0,0,0,0,1,0
697,2024-11-27,AY2425-T1,17,0,0,0,0,1,0
698,2024-11-28,AY2425-T1,18,0,0,0,0,1,0
699,2024-11-29,AY2425-T1,18,0,0,0,0,1,0
700,2024-11-30,AY2425-T1,18,0,0,0,0,0,1
701,2024-12-01,AY2425-T1,18,0,0,0,0,0,0
702,2024-12-02,AY2425-T1,18,0,0,0,0,1,0
703,2024-12-03,AY2425-T1,18,0,0,0,0,1,0
704,2024-12-04,AY2425-T1,18,0,0,0,0,1,0
705,2024-12-05,AY2425-T1,19,0,0,0,0,0,0
706,2024-12-06,AY2425-T1,19,0,0,0,0,1,0
707,2024-12-07,AY2425-T1,19,0,0,0,0,1,0
708,2024-12-08,AY2425-T1,19,0,0,0,0,0,1
709,2024-12-09,AY2425-T1,19,0,0,0,0,1,0
710,2024-12-10,AY2425-T1,19,0,0,0,0,1,0
711,2024-12-11,AY2425-T1,19,0,0,0,0,1,0
712,2024-12-12,AY2425-T1,20,0,0,0,0,1,0
713,2024-12-13,AY2425-T1,20,0,0,0,0,1,0
714,2024-12-14,AY2425-T1,20,0,0,0,0,0,0
715,2024-12-15,AY2425-T1,20,0,0,0,0,1,0
716,2024-12-16,AY2425-T1,20,0,1,0,0,0,0
717,2024-12-17,AY2425-T1,20,0,1,0,0,0,0
718,2024-12-18,AY2425-T1,20,0,1,0,0,1,0
719,2024-12-19,AY2425-T1,21,0,1,0,0,1,0
720,2024-12-20,AY2425-T1,21,0,1,1,0,1,0
721,2024-12-21,AY2425-T1,21,0,1,0,0,0,0
722,2024-12-22,AY2425-T1,21,0,1,0,0,0,0
723,2024-12-23,AY2425-T1,21,0,0,0,1,0,0
724,2024-12-24,AY2425-T1,21,0,0,0,1,0,0
725,2024-12-25,AY2425-T1,21,0,0,0,1,0,0
726,2024-12-26,AY2425-T1,22,0,0,0,1,0,0
727,2024-12-27,AY2425-T1,22,0,0,0,1,0,0
728,2024-12-28,AY2425-T1,22,0,0,0,1,0,0
729,2024-12-29,AY2425-T1,22,0,0,0,1,0,0
730,2024-12-30,AY2425-T1,22,0,0,0,1,0,0
731,2024-12-31,AY2425-T1,22,0,0,0,1,0,0
732,2025-01-01,AY2425-T1,22,0,0,0,1,0,0
733,2025-01-02,AY2425-T1,23,0,0,0,1,0,0
734,2025-01-03,AY2425-T1,23,0,0,0,1,0,0
735,2025-01-04,AY2425-T1,23,0,0,0,1,0,0
736,2025-01-05,AY2425-T1,23,0,0,0,1,0,0
737,2025-01-06,AY2425-T1,23,0,0,0,1,0,0
738,2025-01-07,AY2425-T1,23,0,0,0,1,1,0
739,2025-01-08,AY2425-T1,23,0,0,0,1,1,0
740,2025-01-09,AY2425-T2,1,0,0,0,1,0,1
741,2025-01-10,AY2425-T2,1,1,0,0,0,1,0
742,2025-01-11,AY2425-T2,1,1,0,0,0,0,0
743,2025-01-12,AY2425-T2,1,1,0,0,0,1,0
744,2025-01-13,AY2425-T2,1,1,0,0,0,0,0
745,2025-01-14,AY2425-T2,1,0,0,0,0,0,0
746,2025-01-15,AY2425-T2,1,0,0,0,0,1,0
747,2025-01-16,AY2425-T2,2,0,0,0,0,1,0
748,2025-01-17,AY2425-T2,2,0,0,0,0,1,0
749,2025-01-18,AY2425-T2,2,0,0,0,0,1,0
750,2025-01-19,AY2425-T2,2,0,0,0,0,0,0
751,2025-01-20,AY2425-T2,2,0,0,0,0,1,0
752,2025-01-21,AY2425-T2,2,0,0,0,0,1,0
753,2025-01-22,AY2425-T2,2,0,0,0,0,1,0
754,2025-01-23,AY2425-T2,3,0,0,0,0,1,0
755,2025-01-24,AY2425-T2,3,0,0,0,0,1,0
756,2025-01-25,AY2425-T2,3,0,0,0,0,1,0
757,2025-01-26,AY2425-T2,3,0,0,0,0,0,0
758,2025-01-27,AY2425-T2,3,0,0,0,0,1,0
759,2025-01-28,AY2425-T2,3,0,0,1,0,0,0
760,2025-01-29,AY2425-T2,3,0,0,0,0,1,0
761,2025-01-30,AY2425-T2,4,0,0,0,0,1,0
762,2025-01-31,AY2425-T2,4,0,0,0,0,1,0
763,2025-02-01,AY2425-T2,4,0,0,0,0,0,0
764,2025-02-02,AY2425-T2,4,0,0,0,0,0,0
765,2025-02-03,AY2425-T2,4,0,0,0,0,1,0
766,2025-02-04,AY2425-T2,4,0,0,0,0,1,0
767,2025-02-05,AY2425-T2,4,0,0,0,0,1,0
768,2025-02-06,AY2425-T2,5,0,0,0,0,1,0
769,2025-02-07,AY2425-T2,5,0,0,0,0,1,0
770,2025-02-08,AY2425-T2,5,0,0,0,0,0,0
771,2025-02-09,AY2425-T2,5,0,0,0,0,1,0
772,2025-02-10,AY2425-T2,5,0,0,0,0,1,0
773,2025-02-11,AY2425-T2,5,0,0,0,0,1,0
774,2025-02-12,AY2425-T2,5,0,0,0,0,1,0
775,2025-02-13,AY2425-T2,6,0,0,0,0,1,0
776,2025-02-14,AY2425-T2,6,0,0,0,0,1,0
777,2025-02-15,AY2425-T2,6,0,0,0,0,0,0
778,2025-02-16,AY2425-T2,6,0,0,0,0,0,0
779,2025-02-17,AY2425-T2,6,0,0,0,0,1,0
780,2025-02-18,AY2425-T2,6,0,0,0,0,1,0
781,2025-02-19,AY2425-T2,6,0,0,0,0,1,0
782,2025-02-20,AY2425-T2,7,0,0,0,0,1,0
783,2025-02-21,AY2425-T2,7,0,0,0,0,1,0
784,2025-02-22,AY2425-T2,7,0,0,0,0,0,0
785,2025-02-23,AY2425-T2,7,0,0,0,0,0,0
786,2025-02-24,AY2425-T2,7,0,0,0,0,1,0
787,2025-02-25,AY2425-T2,7,0,0,0,0,0,1
788,2025-02-26,AY2425-T2,7,0,0,0,0,1,0
789,2025-02-27,AY2425-T2,8,0,0,0,0,1,0
790,2025-02-28,AY2425-T2,8,0,0,0,0,1,0
791,2025-03-01,AY2425-T2,8,0,0,0,0,0,0
792,2025-03-02,AY2425-T2,8,0,0,0,0,0,0
793,2025-03-03,AY2425-T2,8,0,0,0,0,1,0
794,2025-03-04,AY2425-T2,8,0,0,0,0,0,0
795,2025-03-05,AY2425-T2,8,0,0,0,0,1,0
796,2025-03-06,AY2425-T2,9,0,0,0,0,1,0
797,2025-03-07,AY2425-T2,9,0,0,0,0,1,0
798,2025-03-08,AY2425-T2,9,0,0,0,0,1,0
799,2025-03-09,AY2425-T2,9,0,0,0,0,0,0
800,2025-03-10,AY2425-T2,9,0,0,0,0,1,0
801,2025-03-11,AY2425-T2,9,0,0,0,0,1,0
802,2025-03-12,AY2425-T2,9,0,0,0,0,1,0
803,2025-03-13,AY2425-T2,10,0,1,0,0,1,0
804,2025-03-14,AY2425-T2,10,0,1,0,0,1,0
805,2025-03-15,AY2425-T2,10,0,1,0,0,1,0
806,2025-03-16,AY2425-T2,10,0,1,0,0,0,0
807,2025-03-17,AY2425-T2,10,0,1,0,0,1,0
808,2025-03-18,AY2425-T2,10,0,1,0,0,1,0
809,2025-03-19,AY2425-T2,10,0,0,0,0,1,0
810,2025-03-20,AY2425-T2,11,0,0,0,0,1,0
811,2025-03-21,AY2425-T2,11,0,0,0,0,1,0
812,2025-03-22,AY2425-T2,11,0,0,0,0,1,0
813,2025-03-23,AY2425-T2,11,0,0,0,0,0,0
814,2025-03-24,AY2425-T2,11,0,0,0,0,0,0
815,2025-03-25,AY2425-T2,11,0,0,0,0,1,0
816,2025-03-26,AY2425-T2,11,0,0,0,0,1,0
817,2025-03-27,AY2425-T2,12,0,0,0,0,1,0
818,2025-03-28,AY2425-T2,12,0,0,0,0,1,0
819,2025-03-29,AY2425-T2,12,0,0,0,0,1,0
820,2025-03-30,AY2425-T2,12,0,0,0,0,0,0
821,2025-03-31,AY2425-T2,12,0,0,0,0,1,0
822,2025-04-01,AY2425-T2,12,0,0,0,0,0,0
823,2025-04-02,AY2425-T2,12,0,0,0,0,1,0
824,2025-04-03,AY2425-T2,13,0,0,0,0,1,0
825,2025-04-04,AY2425-T2,13,0,0,0,0,1,0
826,2025-04-05,AY2425-T2,13,0,0,0,0,1,0
827,2025-04-06,AY2425-T2,13,0,0,0,0,0,0
828,2025-04-07,AY2425-T2,13,0,0,0,0,1,0
829,2025-04-08,AY2425-T2,13,0,0,0,0,1,0
830,2025-04-09,AY2425-T2,13,0,0,0,0,0,1
831,2025-04-10,AY2425-T2,14,0,0,0,0,1,0
832,2025-04-11,AY2425-T2,14,0,0,0,0,1,0
833,2025-04-12,AY2425-T2,14,0,0,0,0,0,0
834,2025-04-13,AY2425-T2,14,0,0,0,0,0,0
835,2025-04-14,AY2425-T2,14,0,0,0,1,0,0
836,2025-04-15,AY2425-T2,14,0,0,0,1,0,0
837,2025-04-16,AY2425-T2,14,0,0,0,1,0,0
838,2025-04-17,AY2425-T2,15,0,0,0,1,0,0
839,2025-04-18,AY2425-T2,15,0,0,0,1,0,0
840,2025-04-19,AY2425-T2,15,0,0,0,1,0,0
841,2025-04-20,AY2425-T2,15,0,0,0,1,0,0
842,2025-04-21,AY2425-T2,15,0,0,0,1,0,0
843,2025-04-22,AY2425-T2,15,0,0,0,0,1,0
844,2025-04-23,AY2425-T2,15,0,0,0,0,1,0
845,2025-04-24,AY2425-T2,16,0,0,0,0,0,0
846,2025-04-25,AY2425-T2,16,0,0,0,0,1,0
847,2025-04-26,AY2425-T2,16,0,0,0,0,1,0
848,2025-04-27,AY2425-T2,16,0,0,0,0,0,0
849,2025-04-28,AY2425-T2,16,0,0,0,0,1,0
850,2025-04-29,AY2425-T2,16,0,0,0,0,1,0
851,2025-04-30,AY2425-T2,16,0,0,0,0,1,0
852,2025-05-01,AY2425-T2,17,0,0,0,0,0,1
853,2025-05-02,AY2425-T2,17,0,0,0,0,1,0
854,2025-05-03,AY2425-T2,17,0,0,0,0,1,0
855,2025-05-04,AY2425-T2,17,0,0,0,0,0,0
856,2025-05-05,AY2425-T2,17,0,0,0,0,1,0
857,2025-05-06,AY2425-T2,17,0,0,0,0,1,0
858,2025-05-07,AY2425-T2,17,0,0,0,0,1,0
859,2025-05-08,AY2425-T2,18,0,0,0,0,1,0
860,2025-05-09,AY2425-T2,18,0,1,0,0,1,0
861,2025-05-10,AY2425-T2,18,0,1,0,0,1,0
862,2025-05-11,AY2425-T2,18,0,1,0,0,0,0
863,2025-05-12,AY2425-T2,18,0,1,0,0,0,0
864,2025-05-13,AY2425-T2,18,0,1,0,0,0,0
865,2025-05-14,AY2425-T2,18,0,1,0,0,1,0
866,2025-05-15,AY2425-T2,19,0,1,0,0,1,0
867,2025-05-16,AY2425-T2,19,0,0,0,0,1,0
868,2025-05-17,AY2425-T2,19,0,0,0,0,1,0
869,2025-05-18,AY2425-T2,19,0,0,0,0,0,0
870,2025-05-19,AY2425-T2,19,0,0,0,0,1,0
871,2025-05-20,AY2425-T2,19,0,0,0,0,1,0
872,2025-05-21,AY2425-T2,19,0,0,0,0,1,0
873,2025-05-22,AY2425-T2,20,0,0,0,0,1,0
874,2025-05-23,AY2425-T2,20,0,1,1,0,1,0
875,2025-05-24,AY2425-T2,20,0,1,0,0,1,0
876,2025-05-25,AY2425-T2,20,0,1,0,0,0,0
877,2025-05-26,AY2425-T2,20,0,1,0,0,1,0
878,2025-05-27,AY2425-T2,20,0,1,0,0,1,0
879,2025-05-28,AY2425-T2,20,0,1,0,0,1,0
880,2025-05-29,AY2425-T2,21,0,1,0,0,1,0
881,2025-05-30,AY2425-T2,21,0,0,1,0,1,0
882,2025-05-31,AY2425-T2,21,0,0,0,0,1,0
883,2025-06-01,AY2425-T2,21,0,0,0,0,0,0
884,2025-06-02,AY2425-T2,21,0,0,1,0,1,0
885,2025-06-03,AY2425-T2,21,0,0,0,1,1,0
886,2025-06-04,AY2425-T2,21,0,0,0,1,1,0
887,2025-06-05,AY2425-T2,22,0,0,0,1,1,0
888,2025-06-06,AY2425-ST,1,1,0,0,0,1,0
889,2025-06-07,AY2425-ST,1,1,0,0,0,1,0
890,2025-06-08,AY2425-ST,1,1,0,0,0,0,0
891,2025-06-09,AY2425-ST,1,1,0,0,0,1,0
892,2025-06-10,AY2425-ST,1,0,0,1,0,1,0
893,2025-06-11,AY2425-ST,1,0,0,0,0,1,0
894,2025-06-12,AY2425-ST,1,0,0,0,0,1,1
895,2025-06-13,AY2425-ST,2,0,0,0,0,1,0
896,2025-06-14,AY2425-ST,2,0,0,0,0,1,0
897,2025-06-15,AY2425-ST,2,0,0,0,0,0,0
898,2025-06-16,AY2425-ST,2,0,0,0,0,1,0
899,2025-06-17,AY2425-ST,2,0,0,0,0,1,0
900,2025-06-18,AY2425-ST,2,0,0,0,0,1,0
901,2025-06-19,AY2425-ST,2,0,0,0,0,1,0
902,2025-06-20,AY2425-ST,3,0,0,0,0,1,0
903,2025-06-21,AY2425-ST,3,0,0,0,0,1,0
904,2025-06-22,AY2425-ST,3,0,0,0,0,0,0
905,2025-06-23,AY2425-ST,3,0,0,0,0,0,0
906,2025-06-24,AY2425-ST,3,0,0,0,0,0,1
907,2025-06-25,AY2425-ST,3,0,0,0,0,1,0
908,2025-06-26,AY2425-ST,3,0,0,0,0,1,0
909,2025-06-27,AY2425-ST,4,0,0,0,0,1,0
910,2025-06-28,AY2425-ST,4,0,0,0,0,1,0
911,2025-06-29,AY2425-ST,4,0,0,0,0,0,0
912,2025-06-30,AY2425-ST,4,0,1,0,0,1,0
913,2025-07-01,AY2425-ST,4,0,1,0,0,1,0
914,2025-07-02,AY2425-ST,4,0,1,0,0,0,0
915,2025-07-03,AY2425-ST,4,0,1,0,0,0,0
916,2025-07-04,AY2425-ST,5,0,1,0,0,0,0
917,2025-07-05,AY2425-ST,5,0,1,0,0,1,0
918,2025-07-06,AY2425-ST,5,0,0,0,0,0,0
919,2025-07-07,AY2425-ST,5,0,0,0,0,1,0
920,2025-07-08,AY2425-ST,5,0,0,0,0,0,0
921,2025-07-09,AY2425-ST,5,0,0,0,0,0,0
922,2025-07-10,AY2425-ST,5,0,0,0,0,0,0
923,2025-07-11,AY2425-ST,6,0,0,0,0,1,0
924,2025-07-12,AY2425-ST,6,0,0,0,0,1,0
925,2025-07-13,AY2425-ST,6,0,0,0,0,0,0
926,2025-07-14,AY2425-ST,6,0,0,0,0,1,0
927,2025-07-15,AY2425-ST,6,0,0,0,0,1,0
928,2025-07-16,AY2425-ST,6,0,0,0,0,1,0
929,2025-07-17,AY2425-ST,6,0,0,1,0,1,0
930,2025-07-18,AY2425-ST,7,0,1,0,0,1,0
931,2025-07-19,AY2425-ST,7,0,1,0,0,0,0
932,2025-07-20,AY2425-ST,7,0,1,0,0,0,0
933,2025-07-21,AY2425-ST,7,0,1,0,0,1,0
934,2025-07-22,AY2425-ST,7,0,1,0,0,0,0
935,2025-07-23,AY2425-ST,7,0,0,0,1,0,0
936,2025-07-24,AY2425-ST,7,0,0,0,1,0,0
937,2025-07-25,AY2425-ST,8,0,0,0,1,0,0
938,2025-07-26,AY2425-ST,8,0,0,0,1,0,0
939,2025-07-27,AY2425-ST,8,0,0,0,1,0,0
940,2025-07-28,AY2425-ST,8,0,0,0,1,0,0
941,2025-07-29,AY2425-ST,8,0,0,0,1,0,0
942,2025-07-30,AY2425-ST,8,0,0,0,1,0,0
943,2025-07-31,AY2425-ST,8,0,0,0,1,1,0
944,2025-08-01,AY2526-T1,1,0,0,1,0,1,0
945,2025-08-02,AY2526-T1,1,0,0,1,0,0,0
946,2025-08-03,AY2526-T1,1,0,0,1,0,0,0
947,2025-08-04,AY2526-T1,1,0,0,1,0,1,0
948,2025-08-05,AY2526-T1,1,0,0,1,0,1,0
949,2025-08-06,AY2526-T1,1,0,0,1,0,1,0
950,2025-08-07,AY2526-T1,1,0,0,1,0,1,0
951,2025-08-08,AY2526-T1,2,0,0,0,0,0,1
952,2025-08-09,AY2526-T1,2,0,0,0,0,0,0
953,2025-08-10,AY2526-T1,2,0,0,0,0,0,0
954,2025-08-11,AY2526-T1,2,0,0,0,0,1,0
955,2025-08-12,AY2526-T1,2,0,0,0,0,1,0
956,2025-08-13,AY2526-T1,2,0,0,0,0,1,0
957,2025-08-14,AY2526-T1,2,0,0,0,0,1,0
958,2025-08-15,AY2526-T1,3,0,0,0,0,1,0
959,2025-08-16,AY2526-T1,3,0,0,0,0,1,0
960,2025-08-17,AY2526-T1,3,0,0,0,0,0,0
961,2025-08-18,AY2526-T1,3,0,0,0,0,1,0
962,2025-08-19,AY2526-T1,3,0,0,0,0,1,0
963,2025-08-20,AY2526-T1,3,0,0,0,0,1,0
964,2025-08-21,AY2526-T1,3,0,0,0,0,0,1
965,2025-08-22,AY2526-T1,4,0,0,0,0,1,0
966,2025-08-23,AY2526-T1,4,0,0,0,0,1,0
967,2025-08-24,AY2526-T1,4,0,0,0,0,0,0
968,2025-08-25,AY2526-T1,4,0,0,0,0,0,1
969,2025-08-26,AY2526-T1,4,0,0,0,0,0,0
970,2025-08-27,AY2526-T1,4,0,0,0,0,1,0
971,2025-08-28,AY2526-T1,4,0,0,0,0,1,0
972,2025-08-29,AY2526-T1,5,0,0,0,0,1,0
973,2025-08-30,AY2526-T1,5,0,0,0,0,0,0
974,2025-08-31,AY2526-T1,5,0,0,0,0,0,0
975,2025-09-01,AY2526-T1,5,0,0,0,0,0,0
976,2025-09-02,AY2526-T1,5,0,0,0,0,1,0
977,2025-09-03,AY2526-T1,5,0,0,0,0,1,0
978,2025-09-04,AY2526-T1,5,0,0,0,0,1,0
979,2025-09-05,AY2526-T1,6,0,0,0,0,1,0
980,2025-09-06,AY2526-T1,6,0,0,0,0,1,0
981,2025-09-07,AY2526-T1,6,0,0,0,0,0,0
982,2025-09-08,AY2526-T1,6,0,0,0,0,1,0
983,2025-09-09,AY2526-T1,6,0,0,0,0,1,0
984,2025-09-10,AY2526-T1,6,0,0,0,0,0,0
985,2025-09-11,AY2526-T1,6,0,0,0,0,1,0
986,2025-09-12,AY2526-T1,7,0,0,0,0,1,0
987,2025-09-13,AY2526-T1,7,0,0,0,0,1,0
988,2025-09-14,AY2526-T1,7,0,0,0,0,0,0
989,2025-09-15,AY2526-T1,7,0,0,0,0,1,0
990,2025-09-16,AY2526-T1,7,0,0,0,0,1,0
991,2025-09-17,AY2526-T1,7,0,0,0,0,0,0
992,2025-09-18,AY2526-T1,7,0,0,0,0,1,0
993,2025-09-19,AY2526-T1,8,0,0,0,0,1,0
994,2025-09-20,AY2526-T1,8,0,0,0,0,1,0
995,2025-09-21,AY2526-T1,8,0,0,0,0,1,0
996,2025-09-22,AY2526-T1,8,0,0,0,0,0,0
997,2025-09-23,AY2526-T1,8,0,0,0,0,0,0
998,2025-09-24,AY2526-T1,8,0,0,0,0,1,0
999,2025-09-25,AY2526-T1,8,0,0,0,0,1,0
1000,2025-09-26,AY2526-T1,9,0,0,0,0,0,0
1001,2025-09-27,AY2526-T1,9,0,0,0,0,0,0
1002,2025-09-28,AY2526-T1,9,0,0,0,0,0,0
1003,2025-09-29,AY2526-T1,9,0,0,0,0,1,0
1004,2025-09-30,AY2526-T1,9,0,0,0,0,1,0
1005,2025-10-01,AY2526-T1,9,0,0,0,0,1,0
1006,2025-10-02,AY2526-T1,9,0,0,0,0,1,0
1007,2025-10-03,AY2526-T1,10,0,0,0,0,1,0
1008,2025-10-04,AY2526-T1,10,0,0,0,0,1,0
1009,2025-10-05,AY2526-T1,10,0,0,0,0,0,0
1010,2025-10-06,AY2526-T1,10,0,0,0,0,1,0
1011,2025-10-07,AY2526-T1,10,0,0,0,0,1,0
1012,2025-10-08,AY2526-T1,10,0,1,0,0,1,0
1013,2025-10-09,AY2526-T1,10,0,1,0,0,1,0
1014,2025-10-10,AY2526-T1,11,0,1,0,0,1,0
1015,2025-10-11,AY2526-T1,11,0,1,0,0,0,0
1016,2025-10-12,AY2526-T1,11,0,1,0,0,0,0
1017,2025-10-13,AY2526-T1,11,0,1,0,0,1,0
1018,2025-10-14,AY2526-T1,11,0,0,0,0,1,0
1019,2025-10-15,AY2526-T1,11,0,0,0,0,0,0
1020,2025-10-16,AY2526-T1,11,0,0,0,0,0,0
1021,2025-10-17,AY2526-T1,12,0,0,0,0,1,0
1022,2025-10-18,AY2526-T1,12,0,0,0,0,0,0
1023,2025-10-19,AY2526-T1,12,0,0,0,0,1,0
1024,2025-10-20,AY2526-T1,12,0,0,0,0,0,0
1025,2025-10-21,AY2526-T1,12,0,0,0,0,0,0
1026,2025-10-22,AY2526-T1,12,0,0,0,0,1,0
1027,2025-10-23,AY2526-T1,12,0,0,0,0,1,0
1028,2025-10-24,AY2526-T1,13,0,0,0,0,1,0
1029,2025-10-25,AY2526-T1,13,0,0,0,0,1,0
1030,2025-10-26,AY2526-T1,13,0,0,0,0,0,0
1031,2025-10-27,AY2526-T1,13,0,0,0,0,1,0
1032,2025-10-28,AY2526-T1,13,0,0,0,0,1,0
1033,2025-10-29,AY2526-T1,13,0,0,0,0,1,0
1034,2025-10-30,AY2526-T1,13,0,0,0,1,0,0
1035,2025-10-31,AY2526-T1,14,0,0,0,1,0,0
1036,2025-11-01,AY2526-T1,14,0,0,0,1,0,0
1037,2025-11-02,AY2526-T1,14,0,0,0,1,0,0
1038,2025-11-03,AY2526-T1,14,0,0,0,1,0,0
1039,2025-11-04,AY2526-T1,14,0,0,0,1,0,0
1040,2025-11-05,AY2526-T1,14,0,0,0,0,1,0
1041,2025-11-06,AY2526-T1,14,0,0,0,0,1,0
1042,2025-11-07,AY2526-T1,15,0,0,0,0,1,0
1043,2025-11-08,AY2526-T1,15,0,0,0,0,0,0
1044,2025-11-09,AY2526-T1,15,0,0,0,0,0,0
1045,2025-11-10,AY2526-T1,15,0,0,0,0,0,0
1046,2025-11-11,AY2526-T1,15,0,0,0,0,0,0
1047,2025-11-12,AY2526-T1,15,0,0,0,0,1,0
1048,2025-11-13,AY2526-T1,15,0,0,0,0,1,0
1049,2025-11-14,AY2526-T1,16,0,0,0,0,1,0
1050,2025-11-15,AY2526-T1,16,0,0,0,0,0,0
1051,2025-11-16,AY2526-T1,16,0,0,0,0,1,0
1052,2025-11-17,AY2526-T1,16,0,0,0,0,0,0
1053,2025-11-18,AY2526-T1,16,0,0,0,0,0,0
1054,2025-11-19,AY2526-T1,16,0,0,0,0,1,0
1055,2025-11-20,AY2526-T1,16,0,0,0,0,1,0
1056,2025-11-21,AY2526-T1,17,0,0,0,0,1,0
1057,2025-11-22,AY2526-T1,17,0,0,0,0,1,0
1058,2025-11-23,AY2526-T1,17,0,0,0,0,0,0
1059,2025-11-24,AY2526-T1,17,0,0,0,0,1,0
1060,2025-11-25,AY2526-T1,17,0,0,0,0,1,0
1061,2025-11-26,AY2526-T1,17,0,0,0,0,1,0
1062,2025-11-27,AY2526-T1,17,0,0,0,0,1,0
1063,2025-11-28,AY2526-T1,18,0,0,0,0,1,0
1064,2025-11-29,AY2526-T1,18,0,0,0,0,0,0
1065,2025-11-30,AY2526-T1,18,0,0,0,0,1,1
1066,2025-12-01,AY2526-T1,18,0,0,0,0,0,0
1067,2025-12-02,AY2526-T1,18,0,0,0,0,1,0
1068,2025-12-03,AY2526-T1,18,0,0,0,0,1,0
1069,2025-12-04,AY2526-T1,18,0,0,0,0,1,0
1070,2025-12-05,AY2526-T1,19,0,0,0,0,0,0
1071,2025-12-06,AY2526-T1,19,0,0,0,0,1,0
1072,2025-12-07,AY2526-T1,19,0,0,0,0,1,0
1073,2025-12-08,AY2526-T1,19,0,0,0,0,0,1
1074,2025-12-09,AY2526-T1,19,0,0,0,0,0,0
1075,2025-12-10,AY2526-T1,19,0,0,0,0,1,0
1076,2025-12-11,AY2526-T1,19,0,0,0,0,1,0
1077,2025-12-12,AY2526-T1,20,0,1,0,0,1,0
1078,2025-12-13,AY2526-T1,20,0,1,0,0,1,0
1079,2025-12-14,AY2526-T1,20,0,1,0,0,0,0
1080,2025-12-15,AY2526-T1,20,0,1,0,0,1,0
1081,2025-12-16,AY2526-T1,20,0,1,0,0,1,0
1082,2025-12-17,AY2526-T1,20,0,1,0,0,1,0
1083,2025-12-18,AY2526-T1,20,0,1,0,0,1,0
1084,2025-12-19,AY2526-T1,21,0,0,1,0,0,0
1085,2025-12-20,AY2526-T1,21,0,0,0,1,0,0
1086,2025-12-21,AY2526-T1,21,0,0,0,1,0,0
1087,2025-12-22,AY2526-T1,21,0,0,0,1,0,0
1088,2025-12-23,AY2526-T1,21,0,0,0,1,0,0
1089,2025-12-24,AY2526-T1,21,0,0,0,1,0,0
1090,2025-12-25,AY2526-T1,21,0,0,0,1,0,0
1091,2025-12-26,AY2526-T1,22,0,0,0,1,0,0
1092,2025-12-27,AY2526-T1,22,0,0,0,1,0,0
1093,2025-12-28,AY2526-T1,22,0,0,0,1,0,0
1094,2025-12-29,AY2526-T1,22,0,0,0,1,0,0
1095,2025-12-30,AY2526-T1,22,0,0,0,1,0,0
1096,2025-12-31,AY2526-T1,22,0,0,0,1,0,0
1097,2026-01-01,AY2526-T1,22,0,0,0,1,0,0
1098,2026-01-02,AY2526-T1,23,0,0,0,1,0,0
1099,2026-01-03,AY2526-T1,23,0,0,0,1,0,0
1100,2026-01-04,AY2526-T1,23,0,0,0,1,0,0
1101,2026-01-05,AY2526-T1,23,0,0,0,1,0,0
1102,2026-01-06,AY2526-T1,23,0,0,0,1,0,0
1103,2026-01-07,AY2526-T1,23,0,0,0,1,1,0
1104,2026-01-08,AY2526-T1,23,0,0,0,1,1,0
1105,2026-01-09,AY2526-T2,1,0,0,0,1,0,1
1106,2026-01-10,AY2526-T2,1,0,0,0,1,1,0
1107,2026-01-11,AY2526-T2,1,0,0,0,1,0,0
1108,2026-01-12,AY2526-T2,1,1,0,0,0,1,0
1109,2026-01-13,AY2526-T2,1,1,0,0,0,1,0
1110,2026-01-14,AY2526-T2,1,1,0,0,0,1,0
1111,2026-01-15,AY2526-T2,1,1,0,0,0,1,0
1112,2026-01-16,AY2526-T2,2,1,0,0,0,1,0
1113,2026-01-17,AY2526-T2,2,0,0,0,0,1,0
1114,2026-01-18,AY2526-T2,2,0,0,0,0,0,0
1115,2026-01-19,AY2526-T2,2,0,0,0,0,1,0
1116,2026-01-20,AY2526-T2,2,0,0,0,0,1,0
1117,2026-01-21,AY2526-T2,2,0,0,0,0,1,0
1118,2026-01-22,AY2526-T2,2,0,0,0,0,1,0
1119,2026-01-23,AY2526-T2,3,0,0,0,0,1,0
1120,2026-01-24,AY2526-T2,3,0,0,0,0,0,0
1121,2026-01-25,AY2526-T2,3,0,0,0,0,1,0
1122,2026-01-26,AY2526-T2,3,0,0,0,0,0,0
1123,2026-01-27,AY2526-T2,3,0,0,0,0,1,0
1124,2026-01-28,AY2526-T2,3,0,0,1,0,0,0
1125,2026-01-29,AY2526-T2,3,0,0,0,0,1,0
1126,2026-01-30,AY2526-T2,4,0,0,0,0,1,0
1127,2026-01-31,AY2526-T2,4,0,0,0,0,1,0
1128,2026-02-01,AY2526-T2,4,0,0,0,0,1,0
1129,2026-02-02,AY2526-T2,4,0,0,0,0,0,0
1130,2026-02-03,AY2526-T2,4,0,0,0,0,0,0
1131,2026-02-04,AY2526-T2,4,0,0,0,0,0,0
1132,2026-02-05,AY2526-T2,4,0,0,0,0,1,0
1133,2026-02-06,AY2526-T2,5,0,0,0,0,1,0
1134,2026-02-07,AY2526-T2,5,0,0,0,0,1,0
1135,2026-02-08,AY2526-T2,5,0,0,0,0,0,0
1136,2026-02-09,AY2526-T2,5,0,0,0,0,1,0
1137,2026-02-10,AY2526-T2,5,0,0,0,0,1,0
1138,2026-02-11,AY2526-T2,5,0,0,0,0,1,0
1139,2026-02-12,AY2526-T2,5,0,0,0,0,1,0
1140,2026-02-13,AY2526-T2,6,0,0,0,0,1,0
1141,2026-02-14,AY2526-T2,6,0,0,0,0,1,0
1142,2026-02-15,AY2526-T2,6,0,0,0,0,0,0
1143,2026-02-16,AY2526-T2,6,0,0,0,0,1,0
1144,2026-02-17,AY2526-T2,6,0,0,0,0,0,1
1145,2026-02-18,AY2526-T2,6,0,0,0,0,1,0
1146,2026-02-19,AY2526-T2,6,0,0,0,0,1,0
1147,2026-02-20,AY2526-T2,7,0,0,0,0,1,0
1148,2026-02-21,AY2526-T2,7,0,0,0,0,1,0
1149,2026-02-22,AY2526-T2,7,0,0,0,0,0,0
1150,2026-02-23,AY2526-T2,7,0,0,0,0,1,0
1151,2026-02-24,AY2526-T2,7,0,0,0,0,1,0
1152,2026-02-25,AY2526-T2,7,0,0,0,0,0,1
1153,2026-02-26,AY2526-T2,7,0,0,0,0,0,0
1154,2026-02-27,AY2526-T2,8,0,0,0,0,1,0
1155,2026-02-28,AY2526-T2,8,0,0,0,0,1,0
1156,2026-03-01,AY2526-T2,8,0,0,0,0,0,0
1157,2026-03-02,AY2526-T2,8,0,0,0,0,1,0
1158,2026-03-03,AY2526-T2,8,0,0,0,0,0,0
1159,2026-03-04,AY2526-T2,8,0,0,1,0,0,0
1160,2026-03-05,AY2526-T2,8,0,0,1,0,0,0
1161,2026-03-06,AY2526-T2,9,0,0,1,0,0,0
1162,2026-03-07,AY2526-T2,9,0,0,0,0,1,0
1163,2026-03-08,AY2526-T2,9,0,0,0,0,0,0
1164,2026-03-09,AY2526-T2,9,0,0,0,0,1,0
1165,2026-03-10,AY2526-T2,9,0,0,0,0,1,0
1166,2026-03-11,AY2526-T2,9,0,0,0,0,1,0
1167,2026-03-12,AY2526-T2,9,0,0,0,0,1,0
1168,2026-03-13,AY2526-T2,10,0,0,0,0,1,0
1169,2026-03-14,AY2526-T2,10,0,0,0,0,1,0
1170,2026-03-15,AY2526-T2,10,0,0,0,0,0,0
1171,2026-03-16,AY2526-T2,10,0,0,0,0,1,0
1172,2026-03-17,AY2526-T2,10,0,0,0,0,1,0
1173,2026-03-18,AY2526-T2,10,0,1,0,0,1,0
1174,2026-03-19,AY2526-T2,10,0,1,0,0,0,0
1175,2026-03-20,AY2526-T2,11,0,1,0,0,0,0
1176,2026-03-21,AY2526-T2,11,0,1,0,0,1,0
1177,2026-03-22,AY2526-T2,11,0,1,0,0,0,0
1178,2026-03-23,AY2526-T2,11,0,1,0,0,1,0
1179,2026-03-24,AY2526-T2,11,0,0,0,0,1,0
1180,2026-03-25,AY2526-T2,11,0,0,0,0,1,0
1181,2026-03-26,AY2526-T2,11,0,0,0,0,0,0
1182,2026-03-27,AY2526-T2,12,0,0,0,0,0,0
1183,2026-03-28,AY2526-T2,12,0,0,0,0,1,0
1184,2026-03-29,AY2526-T2,12,0,0,0,0,1,0
1185,2026-03-30,AY2526-T2,12,0,0,0,1,0,0
1186,2026-03-31,AY2526-T2,12,0,0,0,1,0,0
1187,2026-04-01,AY2526-T2,12,0,0,0,1,0,0
1188,2026-04-02,AY2526-T2,12,0,0,0,1,0,0
1189,2026-04-03,AY2526-T2,13,0,0,0,1,0,0
1190,2026-04-04,AY2526-T2,13,0,0,0,1,0,0
1191,2026-04-05,AY2526-T2,13,0,0,0,1,1,0
1192,2026-04-06,AY2526-T2,13,0,0,0,0,0,0
1193,2026-04-07,AY2526-T2,13,0,0,0,0,1,0
1194,2026-04-08,AY2526-T2,13,0,0,0,0,1,0
1195,2026-04-09,AY2526-T2,13,0,0,0,0,0,1
1196,2026-04-10,AY2526-T2,14,0,0,0,0,1,0
1197,2026-04-11,AY2526-T2,14,0,0,0,0,1,0
1198,2026-04-12,AY2526-T2,14,0,0,0,0,0,0
1199,2026-04-13,AY2526-T2,14,0,0,0,0,1,0
1200,2026-04-14,AY2526-T2,14,0,0,0,0,1,0
1201,2026-04-15,AY2526-T2,14,0,0,0,0,0,0
1202,2026-04-16,AY2526-T2,14,0,0,0,0,0,0
1203,2026-04-17,AY2526-T2,15,0,0,0,0,0,0
1204,2026-04-18,AY2526-T2,15,0,0,0,0,1,0
1205,2026-04-19,AY2526-T2,15,0,0,0,0,0,0
1206,2026-04-20,AY2526-T2,15,0,0,0,0,0,0
1207,2026-04-21,AY2526-T2,15,0,0,0,0,1,0
1208,2026-04-22,AY2526-T2,15,0,0,0,0,1,0
1209,2026-04-23,AY2526-T2,15,0,0,0,0,1,0
1210,2026-04-24,AY2526-T2,16,0,0,0,0,1,0
1211,2026-04-25,AY2526-T2,16,0,0,0,0,1,0
1212,2026-04-26,AY2526-T2,16,0,0,0,0,0,0
1213,2026-04-27,AY2526-T2,16,0,0,0,0,0,0
1214,2026-04-28,AY2526-T2,16,0,0,0,0,1,0
1215,2026-04-29,AY2526-T2,16,0,0,0,0,1,0
1216,2026-04-30,AY2526-T2,16,0,0,0,0,1,0
1217,2026-05-01,AY2526-T2,17,0,0,0,0,0,1
1218,2026-05-02,AY2526-T2,17,0,0,0,0,0,0
1219,2026-05-03,AY2526-T2,17,0,0,0,0,0,0
1220,2026-05-04,AY2526-T2,17,0,0,0,0,0,0
1221,2026-05-05,AY2526-T2,17,0,0,0,0,1,0
1222,2026-05-06,AY2526-T2,17,0,0,0,0,1,0
1223,2026-05-07,AY2526-T2,17,0,0,0,0,1,0
1224,2026-05-08,AY2526-T2,18,0,0,0,0,0,0
1225,2026-05-09,AY2526-T2,18,0,1,0,0,1,0
1226,2026-05-10,AY2526-T2,18,0,1,0,0,0,0
1227,2026-05-11,AY2526-T2,18,0,1,0,0,0,0
1228,2026-05-12,AY2526-T2,18,0,1,0,0,1,0
1229,2026-05-13,AY2526-T2,18,0,1,0,0,1,0
1230,2026-05-14,AY2526-T2,18,0,1,0,0,1,0
1231,2026-05-15,AY2526-T2,19,0,1,0,0,1,0
1232,2026-05-16,AY2526-T2,19,0,0,0,0,1,0
1233,2026-05-17,AY2526-T2,19,0,0,0,0,0,0
1234,2026-05-18,AY2526-T2,19,0,0,0,0,0,0
1235,2026-05-19,AY2526-T2,19,0,0,0,0,1,0
1236,2026-05-20,AY2526-T2,19,0,0,0,0,1,0
1237,2026-05-21,AY2526-T2,19,0,0,0,0,1,0
1238,2026-05-22,AY2526-T2,20,0,0,1,0,0,0
1239,2026-05-23,AY2526-T2,20,0,0,0,0,1,0
1240,2026-05-24,AY2526-T2,20,0,0,0,0,0,0
1241,2026-05-25,AY2526-T2,20,0,0,0,0,0,0
1242,2026-05-26,AY2526-T2,20,0,1,0,0,0,0
1243,2026-05-27,AY2526-T2,20,0,1,0,0,0,0
1244,2026-05-28,AY2526-T2,20,0,1,0,0,1,0
1245,2026-05-29,AY2526-T2,21,0,1,1,0,1,0
1246,2026-05-30,AY2526-T2,21,0,1,0,0,1,0
1247,2026-05-31,AY2526-T2,21,0,1,0,0,0,0
1248,2026-06-01,AY2526-T2,21,0,1,1,0,1,0
1249,2026-06-02,AY2526-T2,21,0,0,0,1,1,0
1250,2026-06-03,AY2526-T2,21,0,0,0,1,1,0
1251,2026-06-04,AY2526-T2,21,0,0,0,1,1,0
1252,2026-06-05,AY2526-T2,22,0,0,0,1,1,0
1253,2026-06-06,AY2526-ST,1,1,0,0,0,1,0
1254,2026-06-07,AY2526-ST,1,1,0,0,0,0,0
1255,2026-06-08,AY2526-ST,1,1,0,0,0,1,0
1256,2026-06-09,AY2526-ST,1,1,0,0,0,1,0
1257,2026-06-10,AY2526-ST,1,0,0,1,0,1,0
1258,2026-06-11,AY2526-ST,1,0,0,0,0,1,0
1259,2026-06-12,AY2526-ST,1,0,0,0,0,0,1
1260,2026-06-13,AY2526-ST,2,0,0,0,0,1,0
1261,2026-06-14,AY2526-ST,2,0,0,0,0,0,0
1262,2026-06-15,AY2526-ST,2,0,0,0,0,1,0
1263,2026-06-16,AY2526-ST,2,0,0,0,0,1,0
1264,2026-06-17,AY2526-ST,2,0,0,0,0,1,0
1265,2026-06-18,AY2526-ST,2,0,0,0,0,1,0
1266,2026-06-19,AY2526-ST,2,0,0,0,0,1,0
1267,2026-06-20,AY2526-ST,3,0,0,0,0,1,0
1268,2026-06-21,AY2526-ST,3,0,0,0,0,0,0
1269,2026-06-22,AY2526-ST,3,0,0,0,0,0,0
1270,2026-06-23,AY2526-ST,3,0,0,0,0,1,0
1271,2026-06-24,AY2526-ST,3,0,0,0,0,0,1
1272,2026-06-25,AY2526-ST,3,0,0,0,0,1,0
1273,2026-06-26,AY2526-ST,3,0,0,0,0,1,0
1274,2026-06-27,AY2526-ST,4,0,0,0,0,0,0
1275,2026-06-28,AY2526-ST,4,0,0,0,0,0,0
1276,2026-06-29,AY2526-ST,4,0,0,0,0,1,0
1277,2026-06-30,AY2526-ST,4,0,0,0,0,1,0
1278,2026-07-01,AY2526-ST,4,0,1,0,0,0,0
1279,2026-07-02,AY2526-ST,4,0,1,0,0,0,0
1280,2026-07-03,AY2526-ST,4,0,1,0,0,0,0
1281,2026-07-04,AY2526-ST,5,0,1,0,0,0,0
1282,2026-07-05,AY2526-ST,5,0,1,0,0,0,0
1283,2026-07-06,AY2526-ST,5,0,1,0,0,0,0
1284,2026-07-07,AY2526-ST,5,0,0,0,0,0,0
1285,2026-07-08,AY2526-ST,5,0,0,0,0,0,0
1286,2026-07-09,AY2526-ST,5,0,0,0,0,0,0
1287,2026-07-10,AY2526-ST,5,0,0,0,0,0,0
1288,2026-07-11,AY2526-ST,6,0,0,0,0,0,0
1289,2026-07-12,AY2526-ST,6,0,0,0,0,0,0
1290,2026-07-13,AY2526-ST,6,0,0,0,0,0,0
1291,2026-07-14,AY2526-ST,6,0,0,0,0,0,0
1292,2026-07-15,AY2526-ST,6,0,0,0,0,0,0
1293,2026-07-16,AY2526-ST,6,0,0,0,0,0,0
1294,2026-07-17,AY2526-ST,6,0,0,0,0,0,0
1295,2026-07-18,AY2526-ST,7,0,0,0,0,0,0
1296,2026-07-19,AY2526-ST,7,0,0,0,0,0,0
1297,2026-07-20,AY2526-ST,7,0,1,0,0,0,0
1298,2026-07-21,AY2526-ST,7,0,1,0,0,0,0
1299,2026-07-22,AY2526-ST,7,0,1,0,0,0,0
1300,2026-07-23,AY2526-ST,7,0,1,0,0,0,0
1301,2026-07-24,AY2526-ST,7,0,1,0,0,0,0
1302,2026-07-25,AY2526-ST,8,0,0,0,1,0,0
1303,2026-07-26,AY2526-ST,8,0,0,0,1,0,0
1304,2026-07-27,AY2526-ST,8,0,0,0,1,0,0
1305,2026-07-28,AY2526-ST,8,0,0,0,1,0,0
1306,2026-07-29,AY2526-ST,8,0,0,0,1,0,0
1307,2026-07-30,AY2526-ST,8,0,0,0,1,0,0
1308,2026-07-31,AY2526-ST,8,0,0,0,1,0,0
1309,2026-08-01,AY2627-T1,1,0,0,1,0,0,0
1310,2026-08-02,AY2627-T1,1,0,0,1,0,0,0
1311,2026-08-03,AY2627-T1,1,0,0,1,0,0,0
1312,2026-08-04,AY2627-T1,1,0,0,1,0,0,0
1313,2026-08-05,AY2627-T1,1,0,0,1,0,0,0
1314,2026-08-06,AY2627-T1,1,0,0,1,0,0,0
1315,2026-08-07,AY2627-T1,1,0,0,1,0,0,0
1316,2026-08-08,AY2627-T1,2,0,0,0,0,0,1
1317,2026-08-09,AY2627-T1,2,0,0,0,0,0,0
1318,2026-08-10,AY2627-T1,2,0,0,0,0,0,0
1319,2026-08-11,AY2627-T1,2,0,0,0,0,0,0
1320,2026-08-12,AY2627-T1,2,0,0,0,0,0,0
1321,2026-08-13,AY2627-T1,2,0,0,0,0,0,0
1322,2026-08-14,AY2627-T1,2,0,0,0,0,0,0
1323,2026-08-15,AY2627-T1,3,0,0,0,0,0,0
1324,2026-08-16,AY2627-T1,3,0,0,0,0,0,0
1325,2026-08-17,AY2627-T1,3,0,0,0,0,0,0
1326,2026-08-18,AY2627-T1,3,0,0,0,0,0,0
1327,2026-08-19,AY2627-T1,3,0,0,0,0,0,0
1328,2026-08-20,AY2627-T1,3,0,0,0,0,0,0
1329,2026-08-21,AY2627-T1,3,0,0,0,0,0,1
1330,2026-08-22,AY2627-T1,4,0,0,0,0,0,0
1331,2026-08-23,AY2627-T1,4,0,0,0,0,0,0
1332,2026-08-24,AY2627-T1,4,0,0,0,0,0,0
1333,2026-08-25,AY2627-T1,4,0,0,0,0,0,0
1334,2026-08-26,AY2627-T1,4,0,0,0,0,0,0
1335,2026-08-27,AY2627-T1,4,0,0,0,0,0,0
1336,2026-08-28,AY2627-T1,4,0,0,0,0,0,0
1337,2026-08-29,AY2627-T1,5,0,0,0,0,0,0
1338,2026-08-30,AY2627-T1,5,0,0,0,0,0,0
1339,2026-08-31,AY2627-T1,5,0,0,0,0,0,1
1340,2026-09-01,AY2627-T1,5,0,0,0,0,0,0
1341,2026-09-02,AY2627-T1,5,0,0,0,0,0,0
1342,2026-09-03,AY2627-T1,5,0,0,0,0,0,0
1343,2026-09-04,AY2627-T1,5,0,0,0,0,0,0
1344,2026-09-05,AY2627-T1,6,0,0,0,0,0,0
1345,2026-09-06,AY2627-T1,6,0,0,0,0,0,0
1346,2026-09-07,AY2627-T1,6,0,0,0,0,0,0
1347,2026-09-08,AY2627-T1,6,0,0,0,0,0,0
1348,2026-09-09,AY2627-T1,6,0,0,0,0,0,0
1349,2026-09-10,AY2627-T1,6,0,0,0,0,0,0
1350,2026-09-11,AY2627-T1,6,0,0,0,0,0,0
1351,2026-09-12,AY2627-T1,7,0,0,0,0,0,0
1352,2026-09-13,AY2627-T1,7,0,0,0,0,0,0
1353,2026-09-14,AY2627-T1,7,0,0,0,0,0,0
1354,2026-09-15,AY2627-T1,7,0,0,0,0,0,0
1355,2026-09-16,AY2627-T1,7,0,0,0,0,0,0
1356,2026-09-17,AY2627-T1,7,0,0,0,0,0,0
1357,2026-09-18,AY2627-T1,7,0,0,0,0,0,0
1358,2026-09-19,AY2627-T1,8,0,0,0,0,0,0
1359,2026-09-20,AY2627-T1,8,0,0,0,0,0,0
1360,2026-09-21,AY2627-T1,8,0,0,0,0,0,0
1361,2026-09-22,AY2627-T1,8,0,0,0,0,0,0
1362,2026-09-23,AY2627-T1,8,0,0,0,0,0,0
1363,2026-09-24,AY2627-T1,8,0,0,0,0,0,0
1364,2026-09-25,AY2627-T1,8,0,0,0,0,0,0
1365,2026-09-26,AY2627-T1,9,0,0,0,0,0,0
1366,2026-09-27,AY2627-T1,9,0,0,0,0,0,0
1367,2026-09-28,AY2627-T1,9,0,0,0,0,0,0
1368,2026-09-29,AY2627-T1,9,0,0,0,0,0,0
1369,2026-09-30,AY2627-T1,9,0,0,0,0,0,0
1370,2026-10-01,AY2627-T1,9,0,0,0,0,0,0
1371,2026-10-02,AY2627-T1,9,0,0,0,0,0,0
1372,2026-10-03,AY2627-T1,10,0,0,0,0,0,0
1373,2026-10-04,AY2627-T1,10,0,0,0,0,0,0
1374,2026-10-05,AY2627-T1,10,0,0,0,0,0,0
1375,2026-10-06,AY2627-T1,10,0,0,0,0,0,0
1376,2026-10-07,AY2627-T1,10,0,0,0,0,0,0
1377,2026-10-08,AY2627-T1,10,0,0,0,0,0,0
1378,2026-10-09,AY2627-T1,10,0,1,0,0,0,0
1379,2026-10-10,AY2627-T1,11,0,1,0,0,0,0
1380,2026-10-11,AY2627-T1,11,0,1,0,0,0,0
1381,2026-10-12,AY2627-T1,11,0,1,0,0,0,0
1382,2026-10-13,AY2627-T1,11,0,1,0,0,0,0
1383,2026-10-14,AY2627-T1,11,0,1,0,0,0,0
1384,2026-10-15,AY2627-T1,11,0,0,0,0,0,0
1385,2026-10-16,AY2627-T1,11,0,0,0,0,0,0
1386,2026-10-17,AY2627-T1,12,0,0,0,0,0,0
1387,2026-10-18,AY2627-T1,12,0,0,0,0,0,0
1388,2026-10-19,AY2627-T1,12,0,0,0,0,0,0
1389,2026-10-20,AY2627-T1,12,0,0,0,0,0,0
1390,2026-10-21,AY2627-T1,12,0,0,0,0,0,0
1391,2026-10-22,AY2627-T1,12,0,0,0,0,0,0
1392,2026-10-23,AY2627-T1,12,0,0,0,0,0,0
1393,2026-10-24,AY2627-T1,13,0,0,0,0,0,0
1394,2026-10-25,AY2627-T1,13,0,0,0,0,0,0
1395,2026-10-26,AY2627-T1,13,0,0,0,0,0,0
1396,2026-10-27,AY2627-T1,13,0,0,0,0,0,0
1397,2026-10-28,AY2627-T1,13,0,0,0,0,0,0
1398,2026-10-29,AY2627-T1,13,0,0,0,1,0,0
1399,2026-10-30,AY2627-T1,13,0,0,0,1,0,0
1400,2026-10-31,AY2627-T1,14,0,0,0,1,0,0
1401,2026-11-01,AY2627-T1,14,0,0,0,1,0,0
1402,2026-11-02,AY2627-T1,14,0,0,0,1,0,0
1403,2026-11-03,AY2627-T1,14,0,0,0,1,0,0
1404,2026-11-04,AY2627-T1,14,0,0,0,0,0,0
1405,2026-11-05,AY2627-T1,14,0,0,0,0,0,0
1406,2026-11-06,AY2627-T1,14,0,0,0,0,0,0
1407,2026-11-07,AY2627-T1,15,0,0,0,0,0,0
1408,2026-11-08,AY2627-T1,15,0,0,0,0,0,0
1409,2026-11-09,AY2627-T1,15,0,0,0,0,0,0
1410,2026-11-10,AY2627-T1,15,0,0,0,0,0,0
1411,2026-11-11,AY2627-T1,15,0,0,0,0,0,0
1412,2026-11-12,AY2627-T1,15,0,0,0,0,0,0
1413,2026-11-13,AY2627-T1,15,0,0,0,0,0,0
1414,2026-11-14,AY2627-T1,16,0,0,0,0,0,0
1415,2026-11-15,AY2627-T1,16,0,0,0,0,0,0
1416,2026-11-16,AY2627-T1,16,0,0,0,0,0,0
1417,2026-11-17,AY2627-T1,16,0,0,0,0,0,0
1418,2026-11-18,AY2627-T1,16,0,0,0,0,0,0
1419,2026-11-19,AY2627-T1,16,0,0,0,0,0,0
1420,2026-11-20,AY2627-T1,16,0,0,0,0,0,0
1421,2026-11-21,AY2627-T1,17,0,0,0,0,0,0
1422,2026-11-22,AY2627-T1,17,0,0,0,0,0,0
1423,2026-11-23,AY2627-T1,17,0,0,0,0,0,0
1424,2026-11-24,AY2627-T1,17,0,0,0,0,0,0
1425,2026-11-25,AY2627-T1,17,0,0,0,0,0,0
1426,2026-11-26,AY2627-T1,17,0,0,0,0,0,0
1427,2026-11-27,AY2627-T1,17,0,0,0,0,0,0
1428,2026-11-28,AY2627-T1,18,0,0,0,0,0,0
1429,2026-11-29,AY2627-T1,18,0,0,0,0,0,0
1430,2026-11-30,AY2627-T1,18,0,0,0,0,0,1
1431,2026-12-01,AY2627-T1,18,0,0,0,0,0,0
1432,2026-12-02,AY2627-T1,18,0,0,0,0,0,0
1433,2026-12-03,AY2627-T1,18,0,0,0,0,0,0
1434,2026-12-04,AY2627-T1,18,0,0,0,0,0,0
1435,2026-12-05,AY2627-T1,19,0,0,0,0,0,0
1436,2026-12-06,AY2627-T1,19,0,0,0,0,0,0
1437,2026-12-07,AY2627-T1,19,0,0,0,0,0,0
1438,2026-12-08,AY2627-T1,19,0,0,0,0,0,1
1439,2026-12-09,AY2627-T1,19,0,0,0,0,0,0
1440,2026-12-10,AY2627-T1,19,0,0,0,0,0,0
1441,2026-12-11,AY2627-T1,19,0,0,0,0,0,0
1442,2026-12-12,AY2627-T1,20,0,0,0,0,0,0
1443,2026-12-13,AY2627-T1,20,0,0,0,0,0,0
1444,2026-12-14,AY2627-T1,20,0,1,0,0,0,0
1445,2026-12-15,AY2627-T1,20,0,1,0,0,0,0
1446,2026-12-16,AY2627-T1,20,0,1,0,0,0,0
1447,2026-12-17,AY2627-T1,20,0,1,0,0,0,0
1448,2026-12-18,AY2627-T1,20,0,1,1,0,0,0
1449,2026-12-19,AY2627-T1,21,0,1,0,0,0,0
1450,2026-12-20,AY2627-T1,21,0,1,0,0,0,0
1451,2026-12-21,AY2627-T1,21,0,0,0,1,0,0
1452,2026-12-22,AY2627-T1,21,0,0,0,1,0,0
1453,2026-12-23,AY2627-T1,21,0,0,0,1,0,0
1454,2026-12-24,AY2627-T1,21,0,0,0,1,0,0
1455,2026-12-25,AY2627-T1,21,0,0,0,1,0,0
1456,2026-12-26,AY2627-T1,22,0,0,0,1,0,0
1457,2026-12-27,AY2627-T1,22,0,0,0,1,0,0
1458,2026-12-28,AY2627-T1,22,0,0,0,1,0,0
1459,2026-12-29,AY2627-T1,22,0,0,0,1,0,0
1460,2026-12-30,AY2627-T1,22,0,0,0,1,0,0
1461,2026-12-31,AY2627-T1,22,0,0,0,1,0,0
