product_id,item_name,n_obs,n_test,n_test_break,naive_last_MAE,naive_last_RMSE,naive_last_MAPE,naive_last_MAPE_sem,naive_last_MAE_break,naive_mean_MAE,naive_mean_RMSE,naive_mean_MAPE,naive_mean_MAPE_sem,naive_mean_MAE_break,prophet_base_MAE,prophet_base_RMSE,prophet_base_MAPE,prophet_base_MAPE_sem,prophet_base_MAE_break,prophet_reg_MAE,prophet_reg_RMSE,prophet_reg_MAPE,prophet_reg_MAPE_sem,prophet_reg_MAE_break,prophet_tuned_MAE,prophet_tuned_RMSE,prophet_tuned_MAPE,prophet_tuned_MAPE_sem,prophet_tuned_MAE_break,prophet_flatlog_MAE,prophet_flatlog_RMSE,prophet_flatlog_MAPE,prophet_flatlog_MAPE_sem,prophet_flatlog_MAE_break
28,5M Magnetic Pin,124,25,2,1.04,1.47,36.3,39.5,0.0,3.728,3.87,267.2,249.0,4.768,27.597,71.573,1563.1,1582.2,13.433,12.861,45.276,642.3,689.5,1.0,15.046,15.655,1011.4,966.5,15.283,1.846,2.442,144.3,129.5,3.15
29,5M Rotating Keychain,181,36,4,5.0,7.024,69.7,68.3,7.0,5.961,6.583,222.3,235.3,5.679,6.78,8.588,188.8,175.2,12.33,6.778,8.554,185.3,173.8,11.245,8.594,9.317,305.7,320.1,7.847,3.238,5.583,47.0,43.6,6.643
33,ABSC College Shirt (60th),78,16,0,2.75,2.784,250.0,250.0,,2.137,2.181,196.4,196.4,,64.409,98.057,6087.6,6087.6,,68.02,102.696,6426.3,6426.3,,1.229,1.294,99.0,99.0,,0.757,1.208,56.7,56.7,
35,Aquaflask,136,27,2,1.111,1.466,70.4,69.3,2.5,1.977,2.106,163.2,164.8,2.5,2.646,3.008,224.6,227.7,2.587,2.707,3.251,221.9,220.0,2.663,2.753,3.051,233.8,238.3,2.535,1.067,1.4,73.0,64.9,2.503
37,Arch @320,130,26,1,2.308,4.197,38.5,37.0,3.0,2.521,3.509,123.4,127.4,0.846,2.243,3.426,81.0,82.1,2.146,2.825,4.283,82.9,82.2,4.0,2.794,3.66,153.1,158.1,1.11,2.317,3.717,80.2,81.4,2.053
38,Arch @350,63,13,0,11.692,12.366,574.8,574.8,,4.032,5.553,138.9,138.9,,25.966,31.745,1230.5,1230.5,,202.953,225.024,10096.1,10096.1,,35.398,35.794,1525.2,1525.2,,4.164,6.242,94.2,94.2,
47,Automatic Umbrella,79,16,1,3.625,4.555,146.0,151.3,12.0,3.25,4.638,89.0,89.7,14.111,4.438,5.677,91.0,92.9,11.103,60.608,70.121,2485.1,2649.9,2.329,3.679,5.054,159.5,165.0,13.636,3.437,5.134,59.9,58.8,13.73
49,BASE BALL SHIRT,113,23,0,0.913,1.922,22.4,22.4,,1.493,1.767,104.9,104.9,,6.198,7.599,505.1,505.1,,4.474,5.465,338.9,338.9,,1.647,2.446,76.8,76.8,,1.61,2.073,105.7,105.7,
55,Ballpen 2 Designs @50 (B&Y),126,25,0,26.76,54.945,64.7,64.7,,25.602,53.579,77.1,77.1,,26.68,54.876,72.7,72.7,,25.354,53.692,77.6,77.6,,25.824,53.784,85.8,85.8,,25.449,52.546,115.7,115.7,
56,"Ballpen 3 Designs @50 (B,Y,W)",94,19,3,5.684,7.934,76.3,72.3,7.667,7.461,8.492,147.0,140.1,9.436,390.686,560.997,6225.9,7379.8,6.742,89.465,126.441,1492.4,1756.4,9.703,21.973,23.694,422.1,472.9,8.83,8.702,10.458,171.9,187.0,7.524
58,Bamboo Notebook @150,88,18,1,4.556,12.936,57.5,60.8,0.0,4.683,12.459,119.9,120.9,2.029,22.893,38.252,992.1,1050.0,0.181,19.611,24.591,903.3,882.0,25.297,5.296,12.373,157.4,156.2,3.563,5.012,12.611,128.8,116.6,6.724
59,Bamboo Pen @60,103,21,2,2.048,4.053,36.4,40.3,0.0,3.033,3.619,171.2,157.9,2.976,64.854,74.964,4373.6,3870.9,91.494,61.869,71.299,4166.8,3683.5,87.579,2.611,3.922,110.5,119.3,0.269,2.011,3.764,59.7,64.1,0.18
60,Baseball Cap METAL @380,100,20,3,1.7,3.912,30.5,28.5,1.333,1.989,3.534,88.0,91.6,1.137,4.446,5.541,285.0,310.4,2.128,5.145,5.846,325.9,348.8,3.193,3.814,4.963,224.1,216.6,3.828,2.775,3.943,142.4,124.3,3.609
74,Black Eco Bag,95,19,4,17.684,20.607,519.0,634.6,17.75,14.328,20.129,210.6,255.9,18.454,171.953,207.537,5265.5,6634.4,19.18,20.737,27.728,100.0,100.0,30.25,17.648,24.721,174.4,194.2,30.25,17.313,24.431,111.6,117.2,28.454
80,Black Hoodie Embro,71,14,2,0.429,1.134,12.9,15.0,0.0,0.649,1.051,39.9,40.1,0.386,45.317,85.748,4488.9,5220.3,1.0,43.666,82.165,4323.7,5027.7,1.0,1.595,1.718,142.6,130.8,2.131,0.794,1.182,53.7,43.8,1.132
83,Black Lanyard,97,19,0,2.211,3.728,61.0,61.0,,4.07,4.317,256.9,256.9,,3.474,4.877,100.0,100.0,,3.474,4.877,100.0,100.0,,16.424,16.788,1018.6,1018.6,,3.117,3.67,171.3,171.3,
111,C. Keychain,322,64,4,4.609,7.857,51.9,49.3,10.0,4.606,6.379,181.5,190.3,5.841,5.312,8.192,94.9,95.4,9.777,5.093,7.975,92.5,92.0,11.0,5.092,8.039,89.1,88.3,11.0,3.945,6.732,85.2,86.1,8.073
123,Chibi Stickers,62,12,0,1.667,2.082,100.2,100.2,,2.75,3.073,203.2,203.2,,18.375,38.205,1397.7,1397.7,,2.833,3.512,100.0,100.0,,2.833,3.512,100.0,100.0,,1.622,2.182,63.6,63.6,
134,Corp Jacket V2,160,32,4,3.219,5.394,52.3,51.8,3.5,2.549,4.695,56.3,60.0,2.215,2.995,4.863,57.6,61.1,2.145,3.579,4.914,87.7,90.8,3.152,2.738,4.726,64.1,68.6,2.323,3.311,5.395,57.0,54.8,4.269
135,Corp Jacket V3,73,15,2,0.733,0.856,64.4,64.1,1.0,1.163,1.274,104.8,107.7,1.0,51.528,59.515,4149.3,3952.7,81.37,33.877,44.404,2666.0,2464.3,60.005,0.863,1.003,70.0,71.6,1.052,0.768,0.865,67.1,65.5,1.001
137,Corp Jacket v.3,135,27,0,0.111,0.333,5.6,5.6,,0.27,0.328,22.5,22.5,,0.378,0.489,31.9,31.9,,0.403,0.531,33.9,33.9,,0.304,0.416,25.9,25.9,,0.319,0.377,28.0,28.0,
138,Cotton Black Jacket,108,22,3,0.545,1.477,14.1,13.7,0.333,0.907,1.378,59.6,61.2,0.554,1.169,1.5,88.7,86.7,1.108,1.13,1.505,85.0,83.7,0.994,1.157,1.532,87.0,89.3,0.732,0.92,1.413,60.9,62.2,0.57
140,Cotton Brush Jacket,177,35,3,1.171,1.964,58.7,56.9,1.0,1.462,1.977,90.8,88.9,1.2,2.971,4.564,193.2,190.1,2.475,3.111,4.936,194.9,198.7,1.593,2.405,2.658,177.6,167.9,3.227,1.333,1.829,79.7,74.1,1.398
142,Cotton Gray Jacket,95,19,2,1.474,2.695,30.1,33.7,0.0,1.602,2.35,67.6,65.9,0.816,20.208,41.11,1620.9,1730.1,6.923,19.271,39.41,1546.4,1660.2,5.791,2.002,3.038,69.1,70.4,0.579,1.771,2.838,53.8,52.9,0.616
143,DRI-FIT NEW,188,38,3,0.947,1.539,30.5,30.3,0.667,1.432,1.555,113.3,114.9,1.253,1.947,2.294,100.0,100.0,1.667,1.947,2.294,100.0,100.0,1.667,1.947,2.294,100.0,100.0,1.667,1.128,1.359,75.0,74.2,1.044
153,Eco Bag @80,65,13,2,8.231,8.607,591.0,516.7,10.0,2.482,2.818,168.8,144.2,3.038,17.596,21.942,1222.0,1092.1,19.361,15.82,20.19,1050.0,904.0,18.529,3.422,3.914,242.3,210.4,4.181,2.782,3.02,198.5,173.1,3.379
169,"Go USTE (W,Y,B) @450",132,26,3,2.0,2.935,48.1,45.3,3.0,2.001,2.293,115.0,124.3,1.399,2.933,3.614,98.7,98.5,4.0,2.999,3.689,100.0,100.0,3.99,2.969,3.655,99.0,98.9,4.0,1.88,2.816,47.9,42.5,3.651
182,"Hoodie UST embro (V,G,Y,B) @1800",142,28,3,1.464,1.763,83.1,90.4,1.0,1.666,1.954,96.5,104.8,1.135,1.708,2.1,98.1,106.9,1.248,2.01,2.636,100.8,109.2,1.154,1.576,1.831,89.5,97.0,1.119,1.764,2.217,55.1,53.1,3.212
183,Hoodies Breaker,241,48,4,1.104,2.72,27.6,24.8,1.5,1.874,2.669,132.0,141.4,0.578,1.246,2.628,54.0,57.4,0.505,1.492,2.753,72.2,73.9,1.371,1.417,2.492,85.0,91.1,0.506,1.43,2.568,83.0,88.9,0.5
185,ID Case,83,17,0,5.0,5.483,220.8,220.8,,3.045,3.546,118.4,118.4,,4.256,5.373,100.0,100.0,,4.147,5.262,92.4,92.4,,6.53,7.08,279.9,279.9,,5.236,5.692,228.7,228.7,
188,ID Case v2 @40,136,27,3,4.37,11.665,57.5,60.8,1.333,4.21,11.214,95.1,101.4,1.223,5.606,12.397,86.2,84.5,3.333,5.656,12.383,91.8,90.8,3.333,5.696,12.433,86.8,85.1,3.333,4.885,11.962,59.0,56.9,2.644
202,Jacket,192,38,3,1.316,2.828,26.2,28.5,0.0,1.756,2.505,99.5,96.0,1.396,1.797,2.861,74.6,72.8,0.958,1.953,2.998,85.2,80.6,1.38,1.545,2.884,48.5,47.9,0.555,1.638,2.624,77.6,82.7,0.189
206,Keychain @180,87,17,1,4.059,4.832,223.7,225.2,4.0,3.194,4.427,142.0,144.0,2.186,3.867,5.929,92.8,96.3,0.725,3.83,5.946,91.4,94.0,0.992,3.13,5.311,78.5,79.2,1.34,2.685,4.886,62.0,64.2,0.54
208,Kraft Notebook @130,73,15,2,12.4,28.09,281.8,271.3,4.5,14.031,27.765,413.4,397.5,6.724,11.193,29.79,99.6,99.6,1.5,204.169,229.174,14606.2,14130.7,231.55,11.068,29.786,93.4,92.4,1.5,10.19,28.796,86.0,83.9,1.497
210,Lanyard @180,317,63,1,13.968,15.127,183.9,180.1,21.0,11.719,12.882,157.6,154.2,18.496,16.855,19.282,205.2,201.5,21.574,15.022,18.081,184.0,180.4,20.301,18.315,19.39,219.1,215.1,23.527,4.724,6.763,40.6,40.6,1.94
211,Lanyard @190,128,26,0,1.692,2.631,42.5,42.5,,3.065,3.283,210.0,210.0,,1.556,2.258,57.1,57.1,,1.671,2.4,66.7,66.7,,2.017,2.848,59.9,59.9,,2.824,3.636,205.5,205.5,
215,Logo Sticker @25,83,17,0,1.941,2.555,88.7,88.7,,2.892,3.143,177.0,177.0,,45.282,57.468,2801.5,2801.5,,32.12,43.52,2233.1,2233.1,,2.1,3.008,64.3,64.3,,2.013,2.658,93.2,93.2,
217,Long Sticker @120,82,16,4,2.562,3.865,102.1,103.3,6.0,2.487,4.017,78.9,75.7,6.303,9.492,11.921,606.4,667.7,7.389,29.612,36.418,1453.7,1633.2,20.878,4.09,5.739,133.4,144.5,8.0,2.742,4.743,58.0,51.1,7.391
220,MJ Sticker Large,225,45,4,2.311,3.528,49.0,46.6,3.0,2.23,2.742,122.3,131.6,1.0,2.787,3.643,108.1,113.3,2.327,2.989,3.983,116.0,123.9,1.393,2.917,3.398,165.0,177.7,1.162,1.975,2.763,89.1,95.8,0.958
221,MJ Sticker Medium,260,52,3,2.538,4.215,69.6,70.1,5.0,3.911,4.529,188.9,194.7,3.819,4.468,5.742,127.4,129.1,7.333,4.516,6.042,129.4,131.6,6.902,3.839,4.676,154.2,157.7,5.009,3.737,4.763,142.4,146.1,4.649
222,MJ Sticker Small,271,54,3,4.111,6.739,164.1,170.5,4.333,5.672,7.419,257.7,267.5,5.169,5.851,8.279,213.1,221.6,6.878,5.733,8.608,184.5,192.1,6.111,6.606,8.307,307.0,319.0,4.768,4.935,7.29,216.7,225.5,4.792
224,Machete V2,70,14,3,0.929,1.669,26.9,28.2,0.667,1.033,1.401,57.1,55.5,0.911,2.776,3.302,189.7,214.1,1.667,10.066,16.041,795.6,985.4,1.667,1.421,1.833,106.3,117.7,1.02,1.115,1.548,54.1,53.5,1.069
237,New GT Shirts,155,31,4,0.935,2.008,25.5,24.6,1.0,1.348,1.829,92.1,93.4,1.185,0.98,1.745,49.5,48.2,0.969,1.303,2.035,74.3,75.6,1.072,1.777,2.549,86.6,84.6,2.0,0.978,1.937,34.7,34.6,0.995
239,New Keychain,96,19,0,6.947,16.658,51.1,51.1,,7.985,15.333,197.2,197.2,,16.396,21.858,643.9,643.9,,18.447,26.787,691.5,691.5,,7.437,16.624,85.3,85.3,,6.644,15.906,74.3,74.3,
244,New Tiger Plushie Big @850,103,21,0,2.476,4.024,58.1,58.1,,4.037,4.444,237.0,237.0,,441.579,542.678,18822.9,18822.9,,264.419,310.942,11599.0,11599.0,,3.377,3.842,183.3,183.3,,2.558,3.652,96.4,96.4,
246,New Tiger Plushie Small @750,93,19,0,1.579,2.224,42.6,42.6,,2.267,2.574,169.1,169.1,,172.442,212.847,9636.5,9636.5,,85.853,106.455,4793.7,4793.7,,1.44,2.022,47.0,47.0,,1.349,1.719,58.7,58.7,
253,Notelet,95,19,0,18.895,27.56,922.4,922.4,,16.427,27.19,725.7,725.7,,41.779,44.367,2642.0,2642.0,,43.977,47.751,2700.4,2700.4,,17.71,27.04,863.8,863.8,,12.814,27.011,397.9,397.9,
259,"Oversized shirt (V,B) @650",68,14,0,3.643,9.2,34.7,34.7,,4.336,8.53,153.8,153.8,,4.716,9.409,105.9,105.9,,4.452,9.607,93.7,93.7,,7.996,9.693,494.9,494.9,,3.571,8.653,66.8,66.8,
268,Pen @40,116,23,0,49.957,51.634,2951.0,2951.0,,10.101,13.266,469.2,469.2,,10245.66,13024.91,554605.1,554605.1,,9933.242,12978.002,537786.2,537786.2,,42.949,46.736,2610.8,2610.8,,9.395,13.024,421.7,421.7,
274,Polo Shirt @800,153,31,4,0.968,1.107,77.7,79.4,1.0,0.996,1.125,80.7,82.6,1.0,1.126,1.392,82.3,86.0,1.139,0.975,1.245,68.0,66.7,1.013,1.166,1.308,99.4,100.5,0.989,0.828,1.095,63.3,58.9,0.985
277,Poloshirt 123456 @860,84,17,0,0.588,1.328,19.6,19.6,,0.773,1.192,50.3,50.3,,0.654,1.276,29.5,29.5,,0.998,1.507,62.5,62.5,,0.775,1.343,38.7,38.7,,0.702,1.316,31.7,31.7,
280,Poloshirt @800,242,48,4,1.604,4.352,31.3,31.5,0.75,2.126,4.061,119.0,119.8,1.232,1.958,3.962,86.6,87.7,0.844,1.993,4.048,85.4,81.4,1.486,2.121,4.103,109.2,114.5,0.667,1.663,4.024,67.8,70.1,0.648
285,"QUIANA SUBLI SHIRT (B&Y), 2 TONED",98,20,2,3.65,4.945,86.4,69.8,8.0,3.676,4.69,106.3,86.1,8.0,6.65,8.121,100.0,100.0,9.0,6.65,8.121,100.0,100.0,9.0,9.503,10.681,308.6,321.8,8.303,4.265,5.506,90.1,82.6,7.992
286,Quiana Black Subli Shirt,128,26,0,1.308,2.465,67.5,67.5,,1.511,2.464,87.6,87.6,,2.032,3.176,92.7,92.7,,2.095,3.186,108.8,108.8,,2.044,3.209,91.7,91.7,,1.276,2.463,60.7,60.7,
287,Quiana Yelloow Subli Shirt,180,36,0,1.389,3.598,28.9,28.9,,1.627,3.32,82.0,82.0,,2.007,3.765,100.0,100.0,,2.063,3.939,85.2,85.2,,1.376,3.439,39.8,39.8,,1.371,3.489,38.5,38.5,
293,Scarf @490,67,13,4,2.308,3.486,51.5,53.1,1.5,1.972,2.622,91.2,92.0,1.259,3.308,4.215,100.0,100.0,2.5,3.308,4.215,100.0,100.0,2.5,3.06,4.042,92.8,89.5,2.5,1.99,2.447,85.2,98.5,1.001
299,Shabby Hat,79,16,1,1.438,2.512,35.8,34.9,1.0,3.402,3.515,246.5,252.0,3.286,64.404,104.506,4790.2,5102.9,2.0,306.829,363.75,21651.6,21943.8,345.377,4.892,6.575,293.1,306.0,2.0,1.816,2.094,114.6,116.7,1.658
301,Shirts all @450 UPSIZE (3XL-4XL),109,22,2,1.773,1.822,164.8,168.8,1.5,1.804,1.853,167.7,171.7,1.534,122.302,164.931,9984.7,8784.4,290.492,100.779,134.674,8250.2,7311.8,231.045,2.567,3.207,221.1,233.2,1.5,2.002,2.708,172.5,186.2,0.443
317,Sticker @120,103,21,0,1.095,1.813,44.1,44.1,,1.472,1.771,82.3,82.3,,32.312,47.095,2053.3,2053.3,,19.415,28.396,1256.9,1256.9,,2.574,3.133,132.4,132.4,,1.732,2.409,73.4,73.4,
332,Thick Lanyard,75,15,0,13.533,18.314,77.3,77.3,,13.094,17.414,96.6,96.6,,120.863,159.254,1321.1,1321.1,,106.13,143.195,1156.3,1156.3,,14.727,19.836,78.7,78.7,,14.104,19.204,67.7,67.7,
342,Tiger Paw Keychain @375,92,18,2,88.889,89.048,3437.2,3727.6,83.5,6.456,6.976,307.8,336.7,6.5,1816.137,2372.597,101853.6,114422.2,110.775,1767.449,2311.149,99189.4,111427.7,108.793,38.77,40.945,1740.8,1920.2,20.17,5.547,6.017,253.5,275.9,6.42
345,Tiger Plushie Small,71,14,0,5.5,12.343,138.7,138.7,,5.841,12.257,167.9,167.9,,6.071,13.599,100.0,100.0,,6.071,13.599,100.0,100.0,,6.045,11.824,183.5,183.5,,4.98,12.321,99.9,99.9,
350,Tiger w/ Box,70,14,3,14.929,24.711,91.5,91.7,39.333,14.827,24.316,109.9,115.7,38.619,16.728,26.491,96.0,94.9,42.333,16.697,26.489,95.4,94.1,42.333,16.603,26.111,159.2,175.3,42.333,15.684,25.656,102.9,104.8,40.996
351,Tote (One For UST),148,30,1,7.7,7.821,512.2,498.9,9.0,2.941,3.195,218.4,211.5,4.186,11.88,20.015,788.5,801.3,4.173,13.511,20.439,874.4,873.7,8.946,2.295,2.675,99.5,100.0,0.852,1.325,1.664,97.0,94.3,1.765
352,Tote (Viva),153,31,0,3.452,6.172,59.9,59.9,,3.887,5.466,176.4,176.4,,5.809,7.26,204.5,204.5,,5.877,7.07,233.6,233.6,,3.655,6.133,90.7,90.7,,3.405,5.452,121.9,121.9,
353,Tote Bag Canvas White,151,30,0,5.933,13.372,51.2,51.2,,13.313,14.83,674.5,674.5,,6.904,13.843,97.0,97.0,,7.379,14.09,144.6,144.6,,6.787,13.813,92.4,92.4,,5.529,12.87,64.1,64.1,
356,Tote Viva Santo Tomas,105,21,3,5.095,13.408,67.0,68.9,2.667,6.134,12.787,170.9,172.0,3.893,572.242,673.48,19238.5,20825.9,275.693,538.471,615.663,17912.8,19108.0,303.79,7.027,14.595,97.9,97.6,4.333,5.852,13.869,77.6,77.6,3.728
358,Travel Mug,86,17,3,0.765,0.939,52.0,58.3,0.667,2.798,2.951,209.0,235.7,2.072,1.627,1.89,82.7,88.5,1.538,1.679,1.96,90.3,88.5,2.621,1.918,2.16,97.7,97.2,2.667,1.345,1.518,99.1,107.3,1.67
359,Triple Black Embro,77,15,3,2.6,7.819,29.2,28.5,10.0,2.666,7.549,64.5,56.5,10.328,31.6,39.051,2476.4,2646.6,20.804,33.643,41.315,2671.8,2773.9,23.71,2.678,7.46,62.4,47.4,10.474,2.659,7.564,53.8,43.7,10.316
362,Tripple Embro Black Shirt,87,17,0,0.529,1.553,11.9,11.9,,0.779,1.467,41.5,41.5,,4.676,9.792,397.7,397.7,,3.647,7.026,302.0,302.0,,0.759,1.396,40.5,40.5,,0.675,1.46,29.5,29.5,
366,Two-toned windbreaker @1700,84,17,4,0.882,1.0,75.5,75.6,0.75,1.647,1.749,151.5,148.1,1.75,132.422,161.522,11599.6,11169.1,152.088,74.561,88.819,6542.5,6466.7,79.813,1.289,1.592,92.1,89.7,1.25,0.981,1.271,75.2,78.9,0.645
373,UST College ID Lace,330,66,5,7.652,14.786,57.8,59.1,3.4,7.149,13.203,100.9,103.5,3.147,6.926,13.641,79.7,82.2,2.738,8.073,14.18,91.8,95.3,4.101,8.151,14.334,98.6,102.2,4.553,8.421,15.332,62.6,60.9,6.016
376,"UST Embro OS (B,V)",64,13,0,5.538,6.038,310.8,310.8,,2.495,2.869,121.9,121.9,,184.0,242.37,5682.3,5682.3,,198.74,278.084,5876.6,5876.6,,3.897,4.705,128.2,128.2,,2.54,2.975,129.9,129.9,
384,UST OAT Hoodie Jacket,270,54,4,2.148,3.103,102.3,100.6,2.25,2.068,3.113,92.2,90.4,2.25,2.638,3.504,141.8,138.3,2.159,2.691,3.657,147.6,138.3,2.864,2.666,3.412,155.7,152.3,2.246,2.044,3.289,80.4,75.6,2.236
387,UST OAT MUG (W inside),74,15,3,2.467,3.941,46.6,39.8,3.0,2.866,3.317,167.7,203.0,0.904,27.093,36.983,1773.9,2046.7,26.332,21.393,31.802,1514.2,1854.7,5.759,8.74,12.456,585.1,708.7,3.674,4.693,9.13,249.0,297.1,2.346
390,"UST OAT MUG (Y,W,B)",83,17,3,4.412,6.131,79.2,87.8,7.667,4.61,5.895,94.7,106.5,7.293,131.7,217.411,5039.1,6104.3,11.095,71.724,143.618,3286.0,3968.7,14.667,7.516,9.093,88.9,100.0,7.255,5.622,7.097,64.2,65.2,6.682
391,UST OAT MUG (Y/B inside),62,12,0,5.083,8.088,69.6,69.6,,6.163,6.783,180.3,180.3,,6.054,8.738,99.3,99.3,,112.619,149.832,4061.0,4061.0,,7.383,8.195,245.6,245.6,,4.182,6.817,73.9,73.9,
394,UST OAT T-Shirt Y/B/COLLEGE,320,64,5,12.656,19.068,217.5,191.6,12.6,9.86,18.694,138.0,120.7,7.635,10.752,18.836,158.5,140.4,11.5,12.083,19.539,194.1,169.1,12.547,10.05,18.851,135.5,121.2,7.363,8.832,19.843,71.8,65.3,2.68
397,UST Sweatshirt Sporty,252,50,4,1.24,1.811,66.7,65.4,2.25,1.426,1.812,87.0,86.3,2.25,1.298,1.893,63.8,63.6,2.326,1.333,1.938,66.3,67.7,2.407,1.594,1.898,105.1,106.5,2.228,1.256,1.878,61.0,62.3,2.17
400,UST T-Shirt Santo Tomas Shirt/UST T-Shirt Tiger Pattern/HAPPY,328,66,3,21.879,43.131,81.1,81.3,9.0,18.39,37.461,137.1,138.6,8.324,21.962,37.869,196.5,191.1,27.216,23.57,38.737,222.5,221.8,21.975,20.48,37.769,167.7,167.6,14.109,17.245,40.276,66.8,68.2,4.475
402,UST T-Shirt Sporty,351,70,4,1.729,2.487,46.2,45.0,2.25,5.666,5.877,348.5,358.9,5.077,2.303,2.839,143.3,149.8,1.041,2.354,2.889,139.3,144.7,1.753,1.93,2.433,86.0,86.6,2.576,1.85,2.236,123.0,128.8,0.918
410,UST-Pen W/Box,75,15,0,3.8,6.486,70.1,70.1,,4.213,5.826,163.1,163.1,,49.387,92.13,3700.1,3700.1,,27.986,63.933,2446.5,2446.5,,5.232,6.131,309.1,309.1,,4.246,6.69,96.7,96.7,
417,Umb (One For UST),213,43,0,10.186,28.171,107.3,107.3,,9.961,28.715,73.8,73.8,,10.531,28.612,67.4,67.4,,10.451,28.392,70.9,70.9,,12.997,30.554,88.9,88.9,,10.512,29.384,57.0,57.0,
425,Utensil,84,17,0,3.294,5.541,43.4,43.4,,7.362,8.139,532.7,532.7,,9.057,13.971,338.2,338.2,,19.08,24.497,918.8,918.8,,6.654,9.942,266.9,266.9,,5.014,7.072,271.5,271.5,
437,VL Sticker Pack,132,26,3,1.731,3.132,74.6,78.6,0.667,2.303,3.173,152.7,159.0,1.349,3.316,4.196,248.9,253.3,3.191,3.584,4.848,299.4,317.4,2.285,2.167,3.529,95.9,91.0,1.829,1.759,3.269,67.4,70.5,0.709
462,White Embro,93,19,3,0.789,1.539,22.9,27.2,0.0,1.219,1.397,89.2,82.6,1.243,15.108,29.317,1184.3,1027.6,20.205,10.342,19.596,798.9,700.0,13.261,0.85,1.372,36.9,41.1,0.145,0.967,1.251,59.6,59.8,0.59
482,"Y,B VL UST",87,17,0,5.647,6.107,354.1,354.1,,2.044,2.357,113.5,113.5,,186.176,250.033,8554.9,8554.9,,38.675,73.573,1501.3,1501.3,,3.353,4.08,100.0,100.0,,2.089,2.443,110.3,110.3,
496,Yellow Id Lanyard,82,16,2,24.25,24.556,1547.4,1482.7,26.5,4.932,5.438,353.9,337.6,6.076,220.406,262.267,13178.5,12010.1,293.868,190.986,228.007,11617.8,10396.1,276.082,2.857,3.893,109.6,111.0,1.5,2.716,3.583,125.6,130.7,1.365
499,Yellow Notebook,75,15,1,6.267,15.531,80.9,86.7,0.0,7.36,14.77,256.2,263.1,3.2,70.555,87.347,4838.9,4756.3,119.926,165.232,207.713,8719.2,8152.1,333.164,7.169,14.678,241.5,258.1,0.175,6.954,15.111,190.8,201.2,0.913
