Report Date,No,Item,Size,Price,Quantity,Notes
11/09/2024,1,Bucket Hat,,200,213,ALL STOCKS ARE TAKEN  12/12/2024
11/09/2024,2,Forward Back Pack,,1750,24,
11/09/2024,3,Yellow Laptop Bag,,1460,24,
11/09/2024,4,Pure Black Laptop Bag,,1450,35,10 pcs. 12/11/2024
11/09/2024,5,Artic Back Pack,,1750,41,5 pcs. 11/27/2024
11/09/2024,,Small Tiger,,750,30,"6pcs. 04/02/25,  the rest of the stocks are taken 04/03/25; March 24,2025"
11/09/2024,,Big Tiger,,850,175,"16pcs. 04/02/25, 11 pcs. 05/06/25, 20 pcs. THE REST OF THE STOCKS ARE TAKEN"
11/09/2024,,Thomasian Kit,,350,251,"10 pcs. 03-25-25,  90pcs. 05/06/25"
11/09/2024,,Yellow Golf Umbrella,,650,37,ALL STOCKS ARE TAKEN
11/09/2024,,Black Golf Umbrella,,650,41,"4 pcs.( 04 - 23 - 2025), ALL STOCKS ARE TAKEN"
11/09/2024,,Umbrella,,350,840,"1 box 04/02/25 , l box ( 04 - 23 -2025)"
11/09/2024,,Utensils,,250,936,"72 pcs. 03/24/25, 60 pcs. ( 04 - 23 - 2025), 48pcs. (05-15-25)"
11/09/2024,,One For UST tote,,350,188,"20pcs. (03-05), 20 ( 05 -09 ), 20 pcs. ( 05 - 21 - 25 )"
11/09/2024,,Viva Tote Bag,,350,658,"10 pcs. 05/06/25, 20 (5 - 09 ) , 20 pcs ( 05 - 21- 25 ), 10pcs. (05-27-25)"
11/09/2024,,Bookmarks,,30,3600,
11/09/2024,,Notelets,,50,1025,"120 pcs. 03/24/25, 400 pcs. 05/02/25, 20 pcs. 05-20-25"
11/09/2024,,Clappers,,18,9980,
11/09/2024,6,3 Color Polo Shirt,Small,800,10,"2XL - 9 pcs. 12/11/2024, L- 5 (005-13-25)"
11/09/2024,6,3 Color Polo Shirt,Medium,800,20,
11/09/2024,6,3 Color Polo Shirt,Large,800,40,
11/09/2024,6,3 Color Polo Shirt,XL,800,30,
11/09/2024,6,3 Color Polo Shirt,2XL,800,29,
11/09/2024,7,2 Color Polo Shirt (tiger pattern color),Small,800,17,"S&2xl 10 pcs. 12/11/2024, XL-5 2XL-5 (05-13-25)"
11/09/2024,7,2 Color Polo Shirt (tiger pattern color),Medium,800,38,
11/09/2024,7,2 Color Polo Shirt (tiger pattern color),Large,800,30,
11/09/2024,7,2 Color Polo Shirt (tiger pattern color),XL,800,40,
11/09/2024,7,2 Color Polo Shirt (tiger pattern color),2XL,800,30,
11/09/2024,8,2 Color Polo Shirt (white w/black scratch),Small,800,11,"S,M,L,2XL -  5 each (05-13-25)"
11/09/2024,8,2 Color Polo Shirt (white w/black scratch),Medium,800,39,
11/09/2024,8,2 Color Polo Shirt (white w/black scratch),Large,800,35,
11/09/2024,8,2 Color Polo Shirt (white w/black scratch),XL,800,40,
11/09/2024,8,2 Color Polo Shirt (white w/black scratch),2XL,800,30,
11/09/2024,9,2 Color Polo Shirt (yelow w/black scratch),Small,800,8,"medium -2xl , M- 5 (05-13-25)"
11/09/2024,9,2 Color Polo Shirt (yelow w/black scratch),Medium,800,49,all sizes for 10 pcs.
11/09/2024,9,2 Color Polo Shirt (yelow w/black scratch),Large,800,49,12/11/2024
11/09/2024,9,2 Color Polo Shirt (yelow w/black scratch),XL,800,50,
11/09/2024,9,2 Color Polo Shirt (yelow w/black scratch),2XL,800,30,
11/09/2024,10,2 Color Polo Shirt (white w/yellow collar),Medium,800,48,10 pcs. - 11/16/2024
11/09/2024,11,2 Color Polo Shirt (white w/yellow sleeves),Small,800,6,L-5 (05-13-25)
11/09/2024,11,2 Color Polo Shirt (white w/yellow sleeves),Medium,800,40,
11/09/2024,11,2 Color Polo Shirt (white w/yellow sleeves),Large,800,46,
11/09/2024,12,2 Color Polo Shirt (white w/black collar),Medium,800,40,
11/09/2024,12,2 Color Polo Shirt (white w/black collar),Large,800,30,
11/09/2024,13,2 Color Polo Shirt (white w/black sleeves),Medium,800,30,L-5(05-13-25)
11/09/2024,13,2 Color Polo Shirt (white w/black sleeves),Large,800,38,
11/09/2024,13,2 Color Polo Shirt (white w/black sleeves),XL,800,40,
11/09/2024,14,2 Color Polo Shirt (white w/black top w/yellow line),Medium,800,40,Medium - 20 pcs. (03-18-25)
11/09/2024,14,2 Color Polo Shirt (white w/black top w/yellow line),Large,800,40,Large - 5 pcs. (05-13-25)
11/09/2024,14,2 Color Polo Shirt (white w/black top w/yellow line),XL,800,40,XL - 20 pcs. (03-17-25)
11/09/2024,15,2 Color Polo Shirt (yellow w/black collar),Medium,800,26,
11/09/2024,15,2 Color Polo Shirt (yellow w/black collar),Large,800,28,
11/09/2024,15,2 Color Polo Shirt (yellow w/black collar),XL,800,38,
11/09/2024,16,Windbreaker,Large,1650,32,XL - 16 pcs. and L - 17 pcs. 12/14/2024
11/09/2024,16,Windbreaker,XL,1650,16,L - 15 pcs. 01/16/2025
11/09/2024,17,Napoliz Hoodie (black/yellow/green inside),Medium,1900,5,ALL SIZES
11/09/2024,17,Napoliz Hoodie (black/yellow/green inside),Large,1900,14,ARE TAKEN
11/09/2024,17,Napoliz Hoodie (black/yellow/green inside),XL,1900,13,12/02/2024
11/09/2024,18,Napoliz Jacket (black/yellow/green inside,Medium,1900,25,"M- 3pcs. , m - 5 (05-13-25)"
11/09/2024,18,Napoliz Jacket (black/yellow/green inside,Large,1900,10,ALL LARGE AND XL SIZES ARE TAKEN
11/09/2024,18,Napoliz Jacket (black/yellow/green inside,XL,1900,12,"12/02/2024, m-3 (03/05)"
11/09/2024,19,White Hoodie (black tiger head design),XS,1200,30,"medium 5pcs , m-3 (03-05), m-8 (05-13-25)"
11/09/2024,19,White Hoodie (black tiger head design),Medium,1200,17,large 9pcs. 12/11/2024
11/09/2024,19,White Hoodie (black tiger head design),Large,1200,9,
11/09/2024,20,White Baseball Shirt,Medium,800,7,M - 7 L - 10 2XL - 10
11/09/2024,20,White Baseball Shirt,Large,800,28,12/02/2024
11/09/2024,20,White Baseball Shirt,2XL,800,18,
11/09/2024,21,Yellow Baseball Shirt,Medium,800,10,M - 10 L -10  XL - 10
11/09/2024,21,Yellow Baseball Shirt,Large,800,20,2XL - 10 12/02/2024
11/09/2024,21,Yellow Baseball Shirt,XL,800,26,
11/09/2024,21,Yellow Baseball Shirt,2XL,800,20,
11/09/2024,22,White Hoodie (gold tigers lettering),Medium,1200,11,all items are taken 01/16/2025
11/09/2024,23,"JYL Hoodie ( white , yellow, green",XL,1900,19,"8 pcs. 12/02/2024 , 11 pcs. 12/14/2024"
11/09/2024,24,Yellow Happy Tiger,2XL,450,10,all items are taken 01/16/2025
11/09/2024,25,Yellow Oat Shirt,2XL,375,25,all items are taken 01/16/2025
11/09/2024,26,Bomber Jacket,Medium,1900,8,
11/09/2024,26,Bomber Jacket,Large,1900,13,ALL SIZES
11/09/2024,26,Bomber Jacket,XL,1900,15,ARE TAKEN
11/09/2024,26,Bomber Jacket,2XL,1900,11,11/16/2024
