item_name,fsn_class,ordering_cost_scenario,safety_stock,reorder_point,eoq
0.50L B1T1 Tumbler (MCX-A501) Push Button Lid,S,high_goods_value,0.043672334853905904,0.09298740334705659,524.0937756874105
0.50L B1T1 Tumbler (MCX-A501) Push Button Lid,S,low_admin_cost,0.043672334853905904,0.09298740334705659,41.43325096723989
1.2L Tumbler (MTA-T120) for Carbonated drinks,S,high_goods_value,0.21836167426952946,0.46493701673528287,1171.9093090215763
1.2L Tumbler (MTA-T120) for Carbonated drinks,S,low_admin_cost,0.21836167426952946,0.46493701673528287,92.64756569155732
1.5 Tumbler (MTA-T150) for Carbonated Drinks,S,high_goods_value,0.08734466970781181,0.18597480669411318,741.1805255324585
1.5 Tumbler (MTA-T150) for Carbonated Drinks,S,low_admin_cost,0.08734466970781181,0.18597480669411318,58.595465451078816
280ml Desk Mug,S,high_goods_value,0.08734466970781181,0.18597480669411318,741.1805255324585
280ml Desk Mug,S,low_admin_cost,0.08734466970781181,0.18597480669411318,58.595465451078816
280ml Desk Mug / MCIA028,S,high_goods_value,0.17468933941562362,0.37194961338822635,1048.187551374821
280ml Desk Mug / MCIA028,S,low_admin_cost,0.17468933941562362,0.37194961338822635,82.86650193447979
480ml Tumbler (MKA-KO48)Push Botton Lid Anti Bacterial,S,high_goods_value,0.17468933941562362,0.37194961338822635,1048.187551374821
480ml Tumbler (MKA-KO48)Push Botton Lid Anti Bacterial,S,low_admin_cost,0.17468933941562362,0.37194961338822635,82.86650193447979
500ml Tumbler (MTA-T050) for Carbonated drinks,S,high_goods_value,0.043672334853905904,0.09298740334705659,524.0937756874105
500ml Tumbler (MTA-T050) for Carbonated drinks,S,low_admin_cost,0.043672334853905904,0.09298740334705659,41.43325096723989
5M Magnetic Pin,S,high_goods_value,22.295972661870813,40.54254800433657,10081.14505967877
5M Magnetic Pin,S,low_admin_cost,22.295972661870813,40.54254800433657,796.984495278475
5M Rotating Keychain,F,high_goods_value,82.47843321385054,150.97706335083683,19532.60307427412
5M Rotating Keychain,F,low_admin_cost,82.47843321385054,150.97706335083683,1544.1878586678315
800ml Sports Tumbler (MCZ-S080) screw lid antibacterial,S,high_goods_value,0.043672334853905904,0.09298740334705659,524.0937756874105
800ml Sports Tumbler (MCZ-S080) screw lid antibacterial,S,low_admin_cost,0.043672334853905904,0.09298740334705659,41.43325096723989
800ml Tumbler (MTA-T080) for Carbonated drinks,S,high_goods_value,0.043672334853905904,0.09298740334705659,524.0937756874105
800ml Tumbler (MTA-T080) for Carbonated drinks,S,low_admin_cost,0.043672334853905904,0.09298740334705659,41.43325096723989
ABSC College Shirt (60th),S,high_goods_value,6.1490698473446095,9.409343819947349,4831.905864740566
ABSC College Shirt (60th),S,low_admin_cost,6.1490698473446095,9.409343819947349,381.9956993026417
Aquaflask,S,high_goods_value,10.744918026970511,23.56683583518969,8450.758207741734
Aquaflask,S,low_admin_cost,10.744918026970511,23.56683583518969,668.0910972956565
Arch @320,S,high_goods_value,8.642040498579348,15.200944608168388,6044.1442735924165
Arch @320,S,low_admin_cost,8.642040498579348,15.200944608168388,477.8315602803984
Arch @350,F,high_goods_value,14.727488464637835,31.54392682080222,9678.012783034099
Arch @350,F,low_admin_cost,14.727488464637835,31.54392682080222,765.1140904653183
Automatic Umbrella,F,high_goods_value,13.661578181637736,30.379386400815818,9649.58977662485
Automatic Umbrella,F,low_admin_cost,13.661578181637736,30.379386400815818,762.8670545102487
BASE BALL SHIRT,S,high_goods_value,5.267223412543344,6.417908344050193,2870.5798319204728
BASE BALL SHIRT,S,low_admin_cost,5.267223412543344,6.417908344050193,226.93926185530032
Baller,S,high_goods_value,4.155542366777259,4.25417250376356,741.1805255324585
Baller,S,low_admin_cost,4.155542366777259,4.25417250376356,58.595465451078816
Ballpen 2 Designs @50 (B&Y),F,high_goods_value,72.50804085811669,131.58749291291122,18140.005355173253
Ballpen 2 Designs @50 (B&Y),F,low_admin_cost,72.50804085811669,131.58749291291122,1434.0933422499786
"Ballpen 3 Designs @50 (B,Y,W)",F,high_goods_value,64.95128821059424,127.82800053936137,18713.890944582163
"Ballpen 3 Designs @50 (B,Y,W)",F,low_admin_cost,64.95128821059424,127.82800053936137,1479.4629817219875
Bamboo Notebook @150,S,high_goods_value,12.302560220062809,29.858724603624452,9888.581582526673
Bamboo Notebook @150,S,low_admin_cost,12.302560220062809,29.858724603624452,781.7610157294143
Bamboo Pen @60,S,high_goods_value,12.727468086548901,28.804180415316026,9462.759488799085
Bamboo Pen @60,S,low_admin_cost,12.727468086548901,28.804180415316026,748.0968233743926
Baseball Cap METAL @380,S,high_goods_value,5.437762019186666,14.708994895898995,7186.011808665897
Baseball Cap METAL @380,S,low_admin_cost,5.437762019186666,14.708994895898995,568.1041152062584
Baseball Cap VELCRO @380,S,high_goods_value,0.043672334853905904,0.09298740334705659,524.0937756874105
Baseball Cap VELCRO @380,S,low_admin_cost,0.043672334853905904,0.09298740334705659,41.43325096723989
Big Car,S,high_goods_value,1.0876917308901348,2.4685136486983543,2773.243588291515
Big Car,S,low_admin_cost,1.0876917308901348,2.4685136486983543,219.24415613648634
Black Eco Bag,F,high_goods_value,61.72950000955656,131.3623767218853,19693.65612141563
Black Eco Bag,F,low_admin_cost,61.72950000955656,131.3623767218853,1556.9202199947727
Black Embro Oversized Shirt,S,high_goods_value,1.2378136319996818,2.56932048131475,2723.271142263604
Black Embro Oversized Shirt,S,low_admin_cost,1.2378136319996818,2.56932048131475,215.29348739403548
Black Hoodie Embro,S,high_goods_value,2.4317364541305713,5.785161111664818,4321.787989775924
Black Hoodie Embro,S,low_admin_cost,2.4317364541305713,5.785161111664818,341.6673403013104
Black Lanyard,S,high_goods_value,21.15091545886201,41.12351819858804,10547.183781194186
Black Lanyard,S,low_admin_cost,21.15091545886201,41.12351819858804,833.8280912240158
Black Wearable Blanket,S,high_goods_value,1.4419877549488063,4.055686385085792,3815.4602792922824
Black Wearable Blanket,S,low_admin_cost,1.4419877549488063,4.055686385085792,301.63862011164474
Black w/ Yellow UST Embro,S,high_goods_value,4.520020538940052,8.120020538940052,4477.859182370841
Black w/ Yellow UST Embro,S,low_admin_cost,4.520020538940052,8.120020538940052,354.0058514447789
Blanca Pen,S,high_goods_value,9.102004131952821,17.140360296336382,6691.181403267182
Blanca Pen,S,low_admin_cost,9.102004131952821,17.140360296336382,528.9843367921479
Bomber Jacket,S,high_goods_value,3.4835158975987564,4.710913157872729,2096.375102749642
Bomber Jacket,S,low_admin_cost,3.4835158975987564,4.710913157872729,165.73300386895957
Bookmarks,S,high_goods_value,0.1310170045617177,0.2789622100411697,907.7570474212013
Bookmarks,S,low_admin_cost,0.1310170045617177,0.2789622100411697,71.76449579801182
Button Pin (Big),S,high_goods_value,19.386509143768986,35.75911188349501,9549.443065286208
Button Pin (Big),S,low_admin_cost,19.386509143768986,35.75911188349501,754.9497618101107
Button Pin (Small),S,high_goods_value,18.85073838288539,29.897313725351143,7843.917388652178
Button Pin (Small),S,low_admin_cost,18.85073838288539,29.897313725351143,620.1161181585268
Button Pins Small,S,high_goods_value,2.5092863456389054,5.468190455227946,4059.6129301766127
Button Pins Small,S,low_admin_cost,2.5092863456389054,5.468190455227946,320.9405819507049
C. Keychain,F,high_goods_value,36.1976765557353,72.34562176121474,14189.300596878318
C. Keychain,F,low_admin_cost,36.1976765557353,72.34562176121474,1121.762707273054
C. Sticker @120,S,high_goods_value,0.9275752878121949,1.4207259727437016,1657.3300386895958
C. Sticker @120,S,low_admin_cost,0.9275752878121949,1.4207259727437016,131.02344392185262
Canvass Bag,S,high_goods_value,0.08734466970781181,0.18597480669411318,741.1805255324585
Canvass Bag,S,low_admin_cost,0.08734466970781181,0.18597480669411318,58.595465451078816
Ceramic Mug 18oz,S,high_goods_value,2.3893152849656656,5.052328983595803,3851.286983408459
Ceramic Mug 18oz,S,low_admin_cost,2.3893152849656656,5.052328983595803,304.47096976324593
Charger,S,high_goods_value,0.043672334853905904,0.09298740334705659,524.0937756874105
Charger,S,low_admin_cost,0.043672334853905904,0.09298740334705659,41.43325096723989
Chibi Stickers,S,high_goods_value,14.383848022339862,28.78384802233986,8955.718364741682
Chibi Stickers,S,low_admin_cost,14.383848022339862,28.78384802233986,708.0117028895578
"Chibi Stickers (S1,S2)",S,high_goods_value,11.376324454547037,19.266735413451144,6629.320154758383
"Chibi Stickers (S1,S2)",S,low_admin_cost,11.376324454547037,19.266735413451144,524.0937756874105
Clappers,S,high_goods_value,31.85079470412808,41.12202758084041,7186.011808665897
Clappers,S,low_admin_cost,31.85079470412808,41.12202758084041,568.1041152062584
Clock @550,S,high_goods_value,6.238118132202864,8.95044689932615,3886.783466349227
Clock @550,S,low_admin_cost,6.238118132202864,8.95044689932615,307.27721313869944
Clock @700,S,high_goods_value,11.074619339362378,18.619824818814433,6482.681984663886
Clock @700,S,low_admin_cost,11.074619339362378,18.619824818814433,512.5010104519655
College Long Sticker,S,high_goods_value,0.9259526695016727,2.2574595188167415,2723.271142263604
College Long Sticker,S,low_admin_cost,0.9259526695016727,2.2574595188167415,215.29348739403548
College Sticker @120,S,high_goods_value,2.240337278906542,6.136227689865446,4658.24737121469
College Sticker @120,S,low_admin_cost,2.240337278906542,6.136227689865446,368.2667899382573
Corp Black Windbreaker,S,high_goods_value,1.6714240375145462,2.0549856813501624,1171.9093090215763
Corp Black Windbreaker,S,low_admin_cost,1.6714240375145462,2.0549856813501624,92.64756569155732
Corp Jacket V2,S,high_goods_value,12.061898656228692,56.861898656228696,12665.298372211482
Corp Jacket V2,S,low_admin_cost,12.061898656228692,56.861898656228696,1001.2797525452828
Corp Jacket V3,S,high_goods_value,5.416136714794212,18.917506577807913,6952.88963566331
Corp Jacket V3,S,low_admin_cost,5.416136714794212,18.917506577807913,549.6741892118587
Corp Jacket v.2,S,high_goods_value,2.0384465204535918,3.87954241086455,2567.524655605639
Corp Jacket v.2,S,low_admin_cost,2.0384465204535918,3.87954241086455,202.98064650883063
Corp Jacket v.3,S,high_goods_value,2.7097787986873167,8.079641812385947,4384.883122729727
Corp Jacket v.3,S,low_admin_cost,2.7097787986873167,8.079641812385947,346.6554485364394
Cotton Black Jacket,S,high_goods_value,3.8226387090256835,13.871953777518835,5998.527438344467
Cotton Black Jacket,S,low_admin_cost,3.8226387090256835,13.871953777518835,474.22523280459404
Cotton Brush Jacket,S,high_goods_value,8.897560221548462,25.544135564014212,7720.383410168176
Cotton Brush Jacket,S,low_admin_cost,8.897560221548462,25.544135564014212,610.3498996477349
Cotton Gray Jacket,S,high_goods_value,4.7246550643365985,14.620545475295502,5952.561033466423
Cotton Gray Jacket,S,low_admin_cost,4.7246550643365985,14.620545475295502,470.5912694229918
DRI-FIT NEW,S,high_goods_value,10.214452257169516,22.296644037991435,8203.365163151035
DRI-FIT NEW,S,low_admin_cost,10.214452257169516,22.296644037991435,648.5329598409012
Discounted Yellow Lanyard @80,F,high_goods_value,12.122062192695218,20.012473151599327,6629.320154758383
Discounted Yellow Lanyard @80,F,low_admin_cost,12.122062192695218,20.012473151599327,524.0937756874105
"Double Canopy (B,Y)",S,high_goods_value,10.784291121488636,22.225387011899596,7982.758563661705
"Double Canopy (B,Y)",S,low_admin_cost,10.784291121488636,22.225387011899596,631.0924768096307
Dri-Fit Golden Tigresses,S,high_goods_value,7.185570996912982,19.3663929147212,8236.780230856506
Dri-Fit Golden Tigresses,S,low_admin_cost,7.185570996912982,19.3663929147212,651.1746528938519
Eco Bag,F,high_goods_value,20.90867664768581,34.22374514083649,8611.739495761418
Eco Bag,F,low_admin_cost,20.90867664768581,34.22374514083649,680.817785565901
Forward Back Pack,S,high_goods_value,0.5912950420919587,0.9858155900371641,1482.361051064917
Forward Back Pack,S,low_admin_cost,0.5912950420919587,0.9858155900371641,117.19093090215763
Gemini Paper Bag Large,S,high_goods_value,0.4803956833929649,1.0228614368176223,1738.2224089158276
Gemini Paper Bag Large,S,low_admin_cost,0.4803956833929649,1.0228614368176223,137.41854730296467
Gemini Paper Bag Medium,S,high_goods_value,1.217793254929782,2.2534096932859464,2401.699398342765
Gemini Paper Bag Medium,S,low_admin_cost,1.217793254929782,2.2534096932859464,189.87100884547908
Gemini Paper Bag Small,S,high_goods_value,2.048546110085543,3.626628301866365,2964.722102129834
Gemini Paper Bag Small,S,low_admin_cost,2.048546110085543,3.626628301866365,234.38186180431526
Generic Lanyard,S,high_goods_value,2.7343342329448355,4.213786287739356,2870.5798319204728
Generic Lanyard,S,low_admin_cost,2.7343342329448355,4.213786287739356,226.93926185530032
Go Fight UST Shirt,S,high_goods_value,2.794899796327772,5.2496943168757175,4192.750205499284
Go Fight UST Shirt,S,low_admin_cost,2.794899796327772,5.2496943168757175,331.46600773791914
"Go USTE (W,Y,B) @450",F,high_goods_value,17.221296691675946,41.63225559578554,11660.350399047682
"Go USTE (W,Y,B) @450",F,low_admin_cost,17.221296691675946,41.63225559578554,921.8316394160983
Gold Baseball Shirt,S,high_goods_value,0.1925768953282889,0.38435771724609713,1171.9093090215763
Gold Baseball Shirt,S,low_admin_cost,0.1925768953282889,0.38435771724609713,92.64756569155732
"Hoodie UST embro (V,G,Y,B) @1800",F,high_goods_value,17.253800135021105,47.48393712132248,12975.952263431656
"Hoodie UST embro (V,G,Y,B) @1800",F,low_admin_cost,17.253800135021105,47.48393712132248,1025.839099051531
Hoodies Breaker,S,high_goods_value,8.588484209694498,20.621360922023264,8186.6064834145845
Hoodies Breaker,S,low_admin_cost,8.588484209694498,20.621360922023264,647.208069877289
ID Case,F,high_goods_value,18.269159215083533,34.69107702330271,9563.8139433417
ID Case,F,low_admin_cost,18.269159215083533,34.69107702330271,756.0858794759079
ID Case @20,S,high_goods_value,0.7861020273703062,1.6737732602470186,2223.5415765973758
ID Case @20,S,low_admin_cost,0.7861020273703062,1.6737732602470186,175.78639635323646
ID Case v2 @40,F,high_goods_value,21.686698645284128,51.670260289119746,12922.924038865418
ID Case v2 @40,F,low_admin_cost,21.686698645284128,51.670260289119746,1021.646849803926
IPEA Shirt,S,high_goods_value,1.0921434008613147,1.1304995652448764,524.0937756874105
IPEA Shirt,S,low_admin_cost,1.0921434008613147,1.1304995652448764,41.43325096723989
Insignia Pen,S,high_goods_value,2.8098114830701784,8.086523811837303,5421.26817003444
Insignia Pen,S,low_admin_cost,2.8098114830701784,8.086523811837303,428.58888059704555
JUC Corp Jacket,S,high_goods_value,0.8489167565472227,1.999601688054072,2029.8064650883064
JUC Corp Jacket,S,low_admin_cost,0.8489167565472227,1.999601688054072,160.47029097535244
Jacket,S,high_goods_value,8.351746390700328,22.083253240015395,7011.896829165211
Jacket,S,low_admin_cost,8.351746390700328,22.083253240015395,554.339117456866
Jersey Short,S,high_goods_value,1.9622438403171207,4.762243840317121,4477.859182370841
Jersey Short,S,low_admin_cost,1.9622438403171207,4.762243840317121,354.0058514447789
"Keep Growling OS (B,V)",S,high_goods_value,3.5676039758355818,8.647056030630102,5318.970899391294
"Keep Growling OS (B,V)",S,low_admin_cost,3.5676039758355818,8.647056030630102,420.50157125577
Kraft Notebook @130,F,high_goods_value,43.296679828602386,74.31585791079416,13144.205024050929
Kraft Notebook @130,F,low_admin_cost,43.296679828602386,74.31585791079416,1039.1406477057308
Lanyard @180,F,high_goods_value,174.15226736664803,425.36322627075765,37405.75906766993
Lanyard @180,F,low_admin_cost,174.15226736664803,425.36322627075765,2957.1849065333354
Logo Keychain @200,S,high_goods_value,14.328555149706247,24.191568848336384,7411.805255324585
Logo Keychain @200,S,low_admin_cost,14.328555149706247,24.191568848336384,585.9546545107881
Logo Sticker @25,F,high_goods_value,13.73451337252211,24.33725309854951,7684.723249966223
Logo Sticker @25,F,low_admin_cost,13.73451337252211,24.33725309854951,607.5307164486183
Logo Sticker @30,S,high_goods_value,3.2276277248502367,7.961874300192702,5135.049311211278
Logo Sticker @30,S,low_admin_cost,3.2276277248502367,7.961874300192702,405.96129301766126
Long Sticker @120,S,high_goods_value,5.6397184296748435,16.341088292688543,7720.383410168176
Long Sticker @120,S,low_admin_cost,5.6397184296748435,16.341088292688543,610.3498996477349
MJ Charger,S,high_goods_value,0.34937867883124724,0.7438992267764527,1482.361051064917
MJ Charger,S,low_admin_cost,0.34937867883124724,0.7438992267764527,117.19093090215763
MJ Sticker Bundle,S,high_goods_value,0.08734466970781181,0.18597480669411318,741.1805255324585
MJ Sticker Bundle,S,low_admin_cost,0.08734466970781181,0.18597480669411318,58.595465451078816
MJ Sticker Large,F,high_goods_value,22.24427956468697,47.14838915372806,11777.542794900568
MJ Sticker Large,F,low_admin_cost,22.24427956468697,47.14838915372806,931.096511799778
MJ Sticker Medium,F,high_goods_value,36.48864081117482,81.06946272898304,15757.714119938662
MJ Sticker Medium,F,low_admin_cost,36.48864081117482,81.06946272898304,1245.7566834200466
MJ Sticker Small,F,high_goods_value,60.07338843530211,115.40489528461717,17555.185802817028
MJ Sticker Small,F,low_admin_cost,60.07338843530211,115.40489528461717,1387.8592971088347
Machete V2,S,high_goods_value,2.8825512599841017,9.046934821627937,5859.546545107882
Machete V2,S,low_admin_cost,2.8825512599841017,9.046934821627937,463.2378284577866
New GT Shirts,S,high_goods_value,5.543725783247825,16.1683833174944,8722.658834487172
New GT Shirts,S,low_admin_cost,5.543725783247825,16.1683833174944,689.5867292392286
New Keychain,S,high_goods_value,16.826371072618596,31.127740935632293,8924.995398158077
New Keychain,S,low_admin_cost,16.826371072618596,31.127740935632293,705.582839117522
New Tiger Plushie Big @850,F,high_goods_value,29.425845718935935,35.83680462304552,5975.588434862055
New Tiger Plushie Big @850,F,low_admin_cost,29.425845718935935,35.83680462304552,472.4117453481202
New Tiger Plushie Small @750,S,high_goods_value,8.985709449438884,13.177490271356692,4831.905864740566
New Tiger Plushie Small @750,S,low_admin_cost,8.985709449438884,13.177490271356692,381.9956993026417
New UST Keychain,S,high_goods_value,2.5420221062569635,5.648871421325457,4159.865382437273
New UST Keychain,S,low_admin_cost,2.5420221062569635,5.648871421325457,328.8662342047295
Notelet,F,high_goods_value,71.10856956842511,108.04555586979498,14343.327368501354
Notelet,F,low_admin_cost,71.10856956842511,108.04555586979498,1133.9395927473386
"Oversized shirt (V,B) @650",F,high_goods_value,12.223847194824424,21.88960061948196,8319.730764874546
"Oversized shirt (V,B) @650",F,low_admin_cost,12.223847194824424,21.88960061948196,657.732468409459
Paper Bag  @ 130,S,high_goods_value,0.8734466970781178,1.8597480669411315,2343.8186180431526
Paper Bag  @ 130,S,low_admin_cost,0.8734466970781178,1.8597480669411315,185.29513138311464
Paper Bag @80,S,high_goods_value,0.17468933941562362,0.37194961338822635,1048.187551374821
Paper Bag @80,S,low_admin_cost,0.17468933941562362,0.37194961338822635,82.86650193447979
Paper Bag BIG @130,S,high_goods_value,0.21836167426952946,0.46493701673528287,1171.9093090215763
Paper Bag BIG @130,S,low_admin_cost,0.21836167426952946,0.46493701673528287,92.64756569155732
Paper Bag SMALL @80,S,high_goods_value,0.043672334853905904,0.09298740334705659,524.0937756874105
Paper Bag SMALL @80,S,low_admin_cost,0.043672334853905904,0.09298740334705659,41.43325096723989
Pen @40,F,high_goods_value,103.75715176775877,131.7187956033752,12479.596147311819
Pen @40,F,low_admin_cost,103.75715176775877,131.7187956033752,986.5987026141885
Pen with BOX,S,high_goods_value,0.3930510136851531,0.8368866301235093,1572.2813270622314
Pen with BOX,S,low_admin_cost,0.3930510136851531,0.8368866301235093,124.29975290171969
Pencil,S,high_goods_value,27.373911676632563,32.30541852594763,5240.937756874105
Pencil,S,low_admin_cost,27.373911676632563,32.30541852594763,414.33250967239894
Picasso Pen,S,high_goods_value,1.7008966611431573,3.5255541953897325,3187.9379811139
Picasso Pen,S,low_admin_cost,1.7008966611431573,3.5255541953897325,252.02862649196928
Polo Shirt @800,S,high_goods_value,4.150911196690621,9.674198867923497,6289.125308248926
Polo Shirt @800,S,low_admin_cost,4.150911196690621,9.674198867923497,497.19901160687874
Poloshirt 123456 @860,S,high_goods_value,2.5607895309639903,5.552570352881799,4628.670898402076
Poloshirt 123456 @860,S,low_admin_cost,2.5607895309639903,5.552570352881799,365.92856445720975
Poloshirt @800,S,high_goods_value,12.089740896122844,26.204809389273528,10053.861802454674
Poloshirt @800,S,low_admin_cost,12.089740896122844,26.204809389273528,794.8275644080652
Powerbank,S,high_goods_value,7.733042431784211,10.987836952332156,4257.757961315187
Powerbank,S,low_admin_cost,7.733042431784211,10.987836952332156,336.60532208677694
Pure Black Laptop Bag,S,high_goods_value,0.7146790102957729,1.0598844897478277,1386.6217941457576
Pure Black Laptop Bag,S,low_admin_cost,0.7146790102957729,1.0598844897478277,109.62207806824317
"QUIANA SUBLI SHIRT (B&Y), 2 TONED",F,high_goods_value,24.646335649581733,48.96414386875982,13196.344082466823
"QUIANA SUBLI SHIRT (B&Y), 2 TONED",F,low_admin_cost,24.646335649581733,48.96414386875982,1043.2626021970007
Quiana Black Subli Shirt,S,high_goods_value,5.348214257991499,10.756433436073692,6223.268778199627
Quiana Black Subli Shirt,S,low_admin_cost,5.348214257991499,10.756433436073692,491.9925957631012
Quiana Yelloow Subli Shirt,S,high_goods_value,6.5657366803074755,14.236969557019805,7411.805255324585
Quiana Yelloow Subli Shirt,S,low_admin_cost,6.5657366803074755,14.236969557019805,585.9546545107881
S88 UAAP Poloshirt,S,high_goods_value,2.4680343561381672,4.961185041069674,4225.379103870867
S88 UAAP Poloshirt,S,low_admin_cost,2.4680343561381672,4.961185041069674,334.04554864782824
SM Tiger Plushie Big V2,S,high_goods_value,0.1310170045617177,0.2789622100411697,907.7570474212013
SM Tiger Plushie Big V2,S,low_admin_cost,0.1310170045617177,0.2789622100411697,71.76449579801182
SM Tiger Plushie V2,S,high_goods_value,0.5677403531007766,1.2088362435117355,1889.6469813924807
SM Tiger Plushie V2,S,low_admin_cost,0.5677403531007766,1.2088362435117355,149.38971087155136
Scarf @490,S,high_goods_value,9.004870233321336,16.204870233321337,6332.649186105741
Scarf @490,S,low_admin_cost,9.004870233321336,16.204870233321337,500.6398762726414
Scarves,S,high_goods_value,3.5498645176037984,5.2265768463709215,3055.9655944211336
Scarves,S,low_admin_cost,3.5498645176037984,5.2265768463709215,241.59529323702833
Sci Ballpen,S,high_goods_value,0.4367233485390589,0.9298740334705657,1657.3300386895958
Sci Ballpen,S,low_admin_cost,0.4367233485390589,0.9298740334705657,131.02344392185262
Sci Notebook,S,high_goods_value,0.21836167426952946,0.46493701673528287,1171.9093090215763
Sci Notebook,S,low_admin_cost,0.21836167426952946,0.46493701673528287,92.64756569155732
Sci Totebag,S,high_goods_value,7.4679692600179095,15.900845972346676,6853.415415480288
Sci Totebag,S,low_admin_cost,7.4679692600179095,15.900845972346676,541.8100616056727
Shirts,S,high_goods_value,10.633954693214449,10.749023186365134,907.7570474212013
Shirts,S,low_admin_cost,10.633954693214449,10.749023186365134,71.76449579801182
Shirts all @450 UPSIZE (3XL-4XL),S,high_goods_value,5.361122517404699,16.407697859870453,8894.166306389503
Shirts all @450 UPSIZE (3XL-4XL),S,low_admin_cost,5.361122517404699,16.407697859870453,703.1455854129458
Shirts all @450 UPSIZE (5XL),S,high_goods_value,2.5424012895611683,5.227332796410483,4384.883122729727
Shirts all @450 UPSIZE (5XL),S,low_admin_cost,2.5424012895611683,5.227332796410483,346.6554485364394
Small Mystery Car,S,high_goods_value,5.240419010771457,8.150008051867347,4025.640676605757
Small Mystery Car,S,low_admin_cost,5.240419010771457,8.150008051867347,318.25483948738764
Stainless Eco Tumbler,S,high_goods_value,6.151804281085136,12.316187842728972,5859.546545107882
Stainless Eco Tumbler,S,low_admin_cost,6.151804281085136,12.316187842728972,463.2378284577866
Sticker @120,S,high_goods_value,6.975906140714744,9.096454085920223,3436.7127150395168
Sticker @120,S,low_admin_cost,6.975906140714744,9.096454085920223,271.695996079652
Sweatshirt (NEW),S,high_goods_value,0.7003366529519852,1.3140352830889714,2096.375102749642
Sweatshirt (NEW),S,low_admin_cost,0.7003366529519852,1.3140352830889714,165.73300386895957
Taslan NEW,S,high_goods_value,0.9817087956580535,2.2145855079868206,2620.4688784370524
Taslan NEW,S,low_admin_cost,0.9817087956580535,2.2145855079868206,207.16625483619947
Thick Lanyard,F,high_goods_value,21.88748292509968,31.99707196619557,7503.880900669237
Thick Lanyard,F,low_admin_cost,21.88748292509968,31.99707196619557,593.2338734187626
Thomasian Kit,S,high_goods_value,5.107216219454053,9.200366904385561,4774.721532643104
Thomasian Kit,S,low_admin_cost,5.107216219454053,9.200366904385561,377.47488090505533
Thomasian Kit Set,S,high_goods_value,2.562609562385282,4.2393218911524055,3055.9655944211336
Thomasian Kit Set,S,low_admin_cost,2.562609562385282,4.2393218911524055,241.59529323702833
Tiger Claw,S,high_goods_value,2.694038034998503,7.231024336368366,5026.930901227337
Tiger Claw,S,low_admin_cost,2.694038034998503,7.231024336368366,397.4137822040326
Tiger Claw Keychain @375,F,high_goods_value,14.737874129439536,22.28307960889159,6482.681984663886
Tiger Claw Keychain @375,F,low_admin_cost,14.737874129439536,22.28307960889159,512.5010104519655
Tiger Costume,S,high_goods_value,1.8779103987179537,3.998458343923433,3436.7127150395168
Tiger Costume,S,low_admin_cost,1.8779103987179537,3.998458343923433,271.695996079652
Tiger Headband (2 Designs),S,high_goods_value,19.198809356742835,34.437165521126396,9212.727841726048
Tiger Headband (2 Designs),S,low_admin_cost,19.198809356742835,34.437165521126396,728.3300860775382
Tiger Paw Keychain @375,F,high_goods_value,59.479528955010224,104.15898100980473,15775.135589184101
Tiger Paw Keychain @375,F,low_admin_cost,59.479528955010224,104.15898100980473,1247.1339714951007
Tiger Plushie Big,S,high_goods_value,14.955891940127989,33.10383714560744,10053.861802454674
Tiger Plushie Big,S,low_admin_cost,14.955891940127989,33.10383714560744,794.8275644080652
Tiger Plushie Small,F,high_goods_value,19.683221585432214,43.50239966762399,11518.145684093424
Tiger Plushie Small,F,low_admin_cost,19.683221585432214,43.50239966762399,910.5893695843367
Tiger w/ Box,F,high_goods_value,25.718398817366577,47.66360429681863,11055.770309791043
Tiger w/ Box,F,low_admin_cost,25.718398817366577,47.66360429681863,874.0353866651265
Tote (One For UST),S,high_goods_value,23.740064704072118,28.227735936948832,4999.5359784684015
Tote (One For UST),S,low_admin_cost,23.740064704072118,28.227735936948832,395.2480233979672
Tote (Viva),F,high_goods_value,41.449903977384686,53.729356032179204,8270.060286530996
Tote (Viva),F,low_admin_cost,41.449903977384686,53.729356032179204,653.8056723085668
Tote Bag Canvas White,F,high_goods_value,202.6623822097563,246.05964248372888,15547.133865396909
Tote Bag Canvas White,F,low_admin_cost,202.6623822097563,246.05964248372888,1229.1088525547977
Tote Viva Santo Tomas,F,high_goods_value,33.479240590970875,68.93677483754621,14053.142404052249
Tote Viva Santo Tomas,F,low_admin_cost,33.479240590970875,68.93677483754621,1110.9984569874844
Travel Mug,S,high_goods_value,13.044723369464947,29.515956246177275,9578.163259653253
Travel Mug,S,low_admin_cost,13.044723369464947,29.515956246177275,757.2202925361756
Triple Black Embro,S,high_goods_value,5.820367008048089,14.302558788870007,6873.4254300790335
Triple Black Embro,S,low_admin_cost,5.820367008048089,14.302558788870007,543.391992159304
Triple White Embro,S,high_goods_value,1.2826977156700683,2.4662593595056848,2567.524655605639
Triple White Embro,S,low_admin_cost,1.2826977156700683,2.4662593595056848,202.98064650883063
Tripple Embro Black Shirt,S,high_goods_value,2.4097192819116557,5.269993254514396,3991.3792818308525
Tripple Embro Black Shirt,S,low_admin_cost,2.4097192819116557,5.269993254514396,315.54623840481537
Trucker Cap,S,high_goods_value,0.8489508215441885,1.9831973968866543,2513.4654506136685
Trucker Cap,S,low_admin_cost,0.8489508215441885,1.9831973968866543,198.7068911020163
Two-toned windbreaker @1700,S,high_goods_value,7.8257980667912115,25.239496696928196,7896.268920011707
Two-toned windbreaker @1700,S,low_admin_cost,7.8257980667912115,25.239496696928196,624.254870110873
"UST 1611 Embro Shirt (B,V)",S,high_goods_value,3.5802027410349586,9.596641097199342,5788.804959328208
"UST 1611 Embro Shirt (B,V)",S,low_admin_cost,3.5802027410349586,9.596641097199342,457.6452150488879
UST Arch Clicker,S,high_goods_value,2.203202152797721,4.866215851427858,3851.286983408459
UST Arch Clicker,S,low_admin_cost,2.203202152797721,4.866215851427858,304.47096976324593
UST College ID Lace,F,high_goods_value,67.8114486492688,174.57857193694002,24385.853041700808
UST College ID Lace,F,low_admin_cost,67.8114486492688,174.57857193694002,1927.8709574479897
"UST Embro OS (B,V)",F,high_goods_value,13.620718865496096,27.724828454537192,8863.229982026061
"UST Embro OS (B,V)",F,low_admin_cost,13.620718865496096,27.724828454537192,700.69985422739
UST Keyboard Clicker (Fidget),F,high_goods_value,15.991744727781247,36.013662536000425,10560.196967860022
UST Keyboard Clicker (Fidget),F,low_admin_cost,15.991744727781247,36.013662536000425,834.8568739610402
UST Keychain,S,high_goods_value,2.45182282854114,4.818946116212373,3631.028189684805
UST Keychain,S,low_admin_cost,2.45182282854114,4.818946116212373,287.0579831920473
UST Logo Clicker,S,high_goods_value,0.9697050214598384,1.8573762543365508,2223.5415765973758
UST Logo Clicker,S,low_admin_cost,0.9697050214598384,1.8573762543365508,175.78639635323646
UST Logo Embro Polo Shirt (2XL-3XL),S,high_goods_value,0.3057063439773413,0.6509118234293961,1386.6217941457576
UST Logo Embro Polo Shirt (2XL-3XL),S,low_admin_cost,0.3057063439773413,0.6509118234293961,109.62207806824317
UST Logo Embro Polo Shirt (XS-XL),S,high_goods_value,1.467847312679781,3.5883952578852605,3436.7127150395168
UST Logo Embro Polo Shirt (XS-XL),S,low_admin_cost,1.467847312679781,3.5883952578852605,271.695996079652
UST Long Sticker,S,high_goods_value,1.6046263053281429,2.6402427436843072,2401.699398342765
UST Long Sticker,S,low_admin_cost,1.6046263053281429,2.6402427436843072,189.87100884547908
UST OAT Hoodie Jacket,S,high_goods_value,11.24255607791077,41.00693963955461,10323.45014310346
UST OAT Hoodie Jacket,S,low_admin_cost,11.24255607791077,41.00693963955461,816.1403940849533
UST OAT MUG (B),F,high_goods_value,26.323401565529014,41.16723718196737,9092.68717156815
UST OAT MUG (B),F,low_admin_cost,26.323401565529014,41.16723718196737,718.8400378387391
UST OAT MUG (Pure Black),S,high_goods_value,5.684912588170689,9.087652314198087,4353.449863531876
UST OAT MUG (Pure Black),S,low_admin_cost,5.684912588170689,9.087652314198087,344.1704312027483
"UST OAT MUG (Y,W)",F,high_goods_value,19.108740275931545,34.199151234835654,9167.8967832634
"UST OAT MUG (Y,W)",F,low_admin_cost,19.108740275931545,34.199151234835654,724.785879711085
"UST OAT MUG (Y,W,B)",F,high_goods_value,34.08952347519937,70.92787963958293,14324.164597929312
"UST OAT MUG (Y,W,B)",F,low_admin_cost,34.08952347519937,70.92787963958293,1132.424642715166
UST OAT T-Shirt Y/B/COLLEGE,F,high_goods_value,69.1750847535298,155.70659160284487,24893.07511279851
UST OAT T-Shirt Y/B/COLLEGE,F,low_admin_cost,69.1750847535298,155.70659160284487,1967.9703830524047
UST OAT T-Shirt Y/B/COLLEGE (3XL),S,high_goods_value,0.34663841159092007,0.6918438910429748,1572.2813270622314
UST OAT T-Shirt Y/B/COLLEGE (3XL),S,low_admin_cost,0.34663841159092007,0.6918438910429748,124.29975290171969
UST OAT T-Shirt Y/B/COLLEGE (XS-2XL),F,high_goods_value,26.026973341132482,47.12286375209139,12291.088525547977
UST OAT T-Shirt Y/B/COLLEGE (XS-2XL),F,low_admin_cost,26.026973341132482,47.12286375209139,971.6958665873068
UST Sweatshirt Sporty,S,high_goods_value,5.95975037364869,16.354270921593894,8627.67242241912
UST Sweatshirt Sporty,S,low_admin_cost,5.95975037364869,16.354270921593894,682.0773940166698
UST T-Shirt Santo Tomas Shirt/UST T-Shirt Tiger Pattern/HAPPY,F,high_goods_value,125.89103110859587,290.51568864284246,34335.142846443996
UST T-Shirt Santo Tomas Shirt/UST T-Shirt Tiger Pattern/HAPPY,F,low_admin_cost,125.89103110859587,290.51568864284246,2714.4313795499997
UST T-Shirt Santo Tomas Shirt/UST T-Shirt Tiger Pattern/HAPPY/Script,F,high_goods_value,25.665216042407106,53.55014754925642,14131.107731324028
UST T-Shirt Santo Tomas Shirt/UST T-Shirt Tiger Pattern/HAPPY/Script,F,low_admin_cost,25.665216042407106,53.55014754925642,1117.162157304966
UST T-Shirt Sporty,F,high_goods_value,49.0568068434327,101.56639588452859,19391.469700434187
UST T-Shirt Sporty,F,low_admin_cost,49.0568068434327,101.56639588452859,1533.030285787876
UST T-Shirt Sporty UPSIZE (3XL-5XL),S,high_goods_value,1.298561754536041,1.950616549056589,2160.893994887962
UST T-Shirt Sporty UPSIZE (3XL-5XL),S,low_admin_cost,1.298561754536041,1.950616549056589,170.8336701506552
"UST TIGERS Oversized shirt (V,B) @650",S,high_goods_value,2.6370875525156174,5.628868374433425,4628.670898402076
"UST TIGERS Oversized shirt (V,B) @650",S,low_admin_cost,2.6370875525156174,5.628868374433425,365.92856445720975
UST Toddler Hoodie,S,high_goods_value,0.043672334853905904,0.09298740334705659,524.0937756874105
UST Toddler Hoodie,S,low_admin_cost,0.043672334853905904,0.09298740334705659,41.43325096723989
UST-Pen W/Box,S,high_goods_value,10.909724576868431,13.917943754950624,4093.3032417072923
UST-Pen W/Box,S,low_admin_cost,10.909724576868431,13.917943754950624,323.6040349386445
USTORE Voucher (1000),S,high_goods_value,1.6595487244484244,3.5335213271881507,3230.7310097163545
USTORE Voucher (1000),S,low_admin_cost,1.6595487244484244,3.5335213271881507,255.4117124509815
USTORE Voucher (200),S,high_goods_value,0.6550850228085884,1.3948110502058486,2029.8064650883064
USTORE Voucher (200),S,low_admin_cost,0.6550850228085884,1.3948110502058486,160.47029097535244
USTORE Voucher (500),S,high_goods_value,1.004463701639836,2.1387102769823017,2513.4654506136685
USTORE Voucher (500),S,low_admin_cost,1.004463701639836,2.1387102769823017,198.7068911020163
USTWBT Championship Shirt 2025,S,high_goods_value,0.8403151226547627,1.7992192322438036,2620.4688784370524
USTWBT Championship Shirt 2025,S,low_admin_cost,0.8403151226547627,1.7992192322438036,207.16625483619947
Umb (One For UST),F,high_goods_value,58.819290101761844,101.67408462230979,15449.658710978514
Umb (One For UST),F,low_admin_cost,58.819290101761844,101.67408462230979,1221.4027649738289
Utensil,S,high_goods_value,48.13424854795384,54.249317041104526,5836.06129410679
Utensil,S,low_admin_cost,48.13424854795384,54.249317041104526,461.38115634318166
VB Jersey without Sig @1500,S,high_goods_value,1.4317703499261538,1.853688158145332,1738.2224089158276
VB Jersey without Sig @1500,S,low_admin_cost,1.4317703499261538,1.853688158145332,137.41854730296467
VL Keychain,S,high_goods_value,6.851643563446172,12.276301097692746,5496.741892118587
VL Keychain,S,low_admin_cost,6.851643563446172,12.276301097692746,434.5556022289569
VL Lanyard,S,high_goods_value,0.957913123442423,1.7962692878259847,2160.893994887962
VL Lanyard,S,low_admin_cost,0.957913123442423,1.7962692878259847,170.8336701506552
VL Sticker Pack,S,high_goods_value,12.375940011722822,28.008816724051588,9331.22438758326
VL Sticker Pack,S,low_admin_cost,12.375940011722822,28.008816724051588,737.6980605718227
Varsity Jacket Embro,S,high_goods_value,3.518695902603036,10.729654806712624,5081.277679594263
Varsity Jacket Embro,S,low_admin_cost,3.518695902603036,10.729654806712624,401.7102722823289
Varsity Lanyard,S,high_goods_value,5.812088444065307,12.716198033106402,6201.161181585268
Varsity Lanyard,S,low_admin_cost,5.812088444065307,12.716198033106402,490.2448367907611
Varsity Long Sticker,S,high_goods_value,2.974253532857623,5.933157642446664,4059.6129301766127
Varsity Long Sticker,S,low_admin_cost,2.974253532857623,5.933157642446664,320.9405819507049
Varsity UST Keychain,S,high_goods_value,2.3591813581052565,4.1345238238586814,3144.562654124463
Varsity UST Keychain,S,low_admin_cost,2.3591813581052565,4.1345238238586814,248.59950580343937
White Baseball Shirt,S,high_goods_value,0.34663841159092007,0.6918438910429748,1572.2813270622314
White Baseball Shirt,S,low_admin_cost,0.34663841159092007,0.6918438910429748,124.29975290171969
White Embro,S,high_goods_value,3.927799805287762,10.585334051863104,6089.419395264918
White Embro,S,low_admin_cost,3.927799805287762,10.585334051863104,481.4108729260574
Windbreaker,S,high_goods_value,1.8735472646721243,3.561218497548837,2458.2177051095955
Windbreaker,S,low_admin_cost,1.8735472646721243,3.561218497548837,194.33917331746136
Woven Sling Bag (LARGE),S,high_goods_value,0.1310170045617177,0.2789622100411697,907.7570474212013
Woven Sling Bag (LARGE),S,low_admin_cost,0.1310170045617177,0.2789622100411697,71.76449579801182
Woven Sling Bag (SMALL),S,high_goods_value,0.6114126879546826,1.3018236468587923,1960.9793471630444
Woven Sling Bag (SMALL),S,low_admin_cost,0.6114126879546826,1.3018236468587923,155.0290295396317
Woven Tote Bag (BIG),S,high_goods_value,0.043672334853905904,0.09298740334705659,524.0937756874105
Woven Tote Bag (BIG),S,low_admin_cost,0.043672334853905904,0.09298740334705659,41.43325096723989
Woven Tote Bag (SMALL),S,high_goods_value,0.4367233485390589,0.9298740334705657,1657.3300386895958
Woven Tote Bag (SMALL),S,low_admin_cost,0.4367233485390589,0.9298740334705657,131.02344392185262
"Y,B VL UST",S,high_goods_value,10.246817961743385,26.274215222017357,9448.234906962403
"Y,B VL UST",S,low_admin_cost,10.246817961743385,26.274215222017357,746.9485543577568
Yellow Baseball Shirt,S,high_goods_value,1.098243029704692,3.207832070800582,3886.783466349227
Yellow Baseball Shirt,S,low_admin_cost,1.098243029704692,3.207832070800582,307.27721313869944
Yellow Id Lanyard,S,high_goods_value,23.548362964020573,51.707267073609614,12523.53852323125
Yellow Id Lanyard,S,low_admin_cost,23.548362964020573,51.707267073609614,990.0726524568068
Yellow Laptop Bag,S,high_goods_value,0.1310170045617177,0.2789622100411697,907.7570474212013
Yellow Laptop Bag,S,low_admin_cost,0.1310170045617177,0.2789622100411697,71.76449579801182
Yellow Notebook,S,high_goods_value,14.561815485195838,35.323459320812276,10753.505209266154
Yellow Notebook,S,low_admin_cost,14.561815485195838,35.323459320812276,850.1392322941662
Yellow Wearable Blanket,S,high_goods_value,1.0139082873470682,2.1974699311826846,2567.524655605639
Yellow Wearable Blanket,S,low_admin_cost,1.0139082873470682,2.1974699311826846,202.98064650883063
Yellow/Black Lanyard,S,high_goods_value,5.998328572636714,13.938054600033976,6650.004511276666
Yellow/Black Lanyard,S,low_admin_cost,5.998328572636714,13.938054600033976,525.7290176507285
Yelow Laptop Bag,S,high_goods_value,0.043672334853905904,0.09298740334705659,524.0937756874105
Yelow Laptop Bag,S,low_admin_cost,0.043672334853905904,0.09298740334705659,41.43325096723989
