calendar_date,Bags,Drinkware,Keychains & Charms,Lanyards & IDs,Outerwear,Plush & Souvenirs,Shirts & Tops,Stationery,Umbrellas & Gear,Uncategorised
2024-05-02,431.0,0.0,0.0,3.0,0.0,0.0,11.0,0.0,60.0,0.0
2024-05-03,11.0,0.0,0.0,0.0,0.0,0.0,10.0,0.0,16.0,0.0
2024-05-04,1.0,0.0,0.0,1.0,0.0,0.0,10.0,0.0,0.0,0.0
2024-05-05,0.0,0.0,0.0,0.0,0.0,0.0,0.0,0.0,0.0,0.0
2024-05-06,5.0,2.0,0.0,10.0,0.0,0.0,7.0,0.0,0.0,0.0
2024-05-07,1.0,13.0,0.0,2.0,0.0,0.0,11.0,0.0,2.0,0.0
2024-05-08,1.0,2.0,0.0,10.0,0.0,0.0,44.0,0.0,3.0,0.0
2024-05-09,2.0,2.0,0.0,6.0,0.0,0.0,43.0,0.0,3.0,0.0
2024-05-10,2.0,10.0,0.0,6.0,0.0,0.0,56.0,0.0,4.0,0.0
2024-05-11,0.0,0.0,0.0,0.0,0.0,0.0,0.0,0.0,0.0,0.0
2024-05-12,0.0,0.0,0.0,0.0,0.0,0.0,0.0,0.0,0.0,0.0
2024-05-13,2.0,5.0,0.0,4.0,0.0,0.0,22.0,0.0,2.0,0.0
2024-05-14,1.0,0.0,0.0,8.0,0.0,0.0,58.0,0.0,2.0,0.0
2024-05-15,0.0,3.0,0.0,13.0,0.0,0.0,53.0,0.0,1.0,0.0
2024-05-16,5.0,5.0,0.0,0.0,0.0,0.0,4.0,0.0,33.0,0.0
2024-05-17,7.0,6.0,0.0,7.0,0.0,0.0,9.0,0.0,2.0,0.0
2024-05-18,0.0,0.0,0.0,0.0,0.0,0.0,0.0,0.0,0.0,0.0
2024-05-19,0.0,0.0,0.0,0.0,0.0,0.0,0.0,0.0,0.0,0.0
2024-05-20,1.0,0.0,0.0,10.0,0.0,0.0,19.0,0.0,0.0,0.0
2024-05-21,0.0,0.0,0.0,5.0,0.0,0.0,15.0,0.0,2.0,0.0
2024-05-22,1.0,0.0,0.0,5.0,0.0,0.0,9.0,0.0,2.0,0.0
2024-05-23,0.0,0.0,0.0,6.0,0.0,0.0,9.0,0.0,0.0,0.0
2024-05-24,1.0,0.0,0.0,5.0,0.0,0.0,21.0,0.0,1.0,0.0
2024-05-25,0.0,0.0,0.0,0.0,0.0,0.0,0.0,0.0,0.0,0.0
2024-05-26,0.0,0.0,0.0,0.0,0.0,0.0,0.0,0.0,0.0,0.0
2024-05-27,0.0,0.0,1.0,4.0,0.0,0.0,17.0,0.0,0.0,0.0
2024-05-28,1.0,0.0,4.0,6.0,0.0,0.0,8.0,0.0,3.0,0.0
2024-05-29,290.0,0.0,0.0,1.0,0.0,0.0,6.0,0.0,0.0,0.0
2024-05-30,0.0,0.0,2.0,1.0,0.0,0.0,14.0,0.0,3.0,0.0
2024-05-31,1.0,0.0,0.0,3.0,0.0,0.0,23.0,0.0,3.0,0.0
2024-06-01,0.0,0.0,0.0,0.0,0.0,0.0,0.0,0.0,0.0,0.0
2024-06-02,0.0,0.0,0.0,0.0,0.0,0.0,0.0,0.0,0.0,0.0
2024-06-03,0.0,0.0,0.0,0.0,0.0,0.0,0.0,0.0,0.0,0.0
2024-06-04,0.0,0.0,0.0,0.0,0.0,0.0,0.0,0.0,0.0,0.0
2024-06-05,0.0,0.0,0.0,0.0,0.0,0.0,0.0,0.0,0.0,0.0
2024-06-06,0.0,0.0,0.0,0.0,0.0,0.0,0.0,0.0,0.0,0.0
2024-06-07,0.0,0.0,0.0,0.0,0.0,0.0,0.0,0.0,0.0,0.0
2024-06-08,0.0,0.0,0.0,0.0,0.0,0.0,0.0,0.0,0.0,0.0
2024-06-09,0.0,0.0,0.0,0.0,0.0,0.0,0.0,0.0,0.0,0.0
2024-06-10,0.0,0.0,0.0,0.0,0.0,0.0,0.0,0.0,0.0,0.0
2024-06-11,0.0,0.0,0.0,0.0,0.0,0.0,0.0,0.0,0.0,0.0
2024-06-12,0.0,0.0,0.0,0.0,0.0,0.0,0.0,0.0,0.0,0.0
2024-06-13,0.0,0.0,0.0,0.0,0.0,0.0,0.0,0.0,0.0,0.0
2024-06-14,0.0,0.0,0.0,0.0,0.0,0.0,0.0,0.0,0.0,0.0
2024-06-15,0.0,0.0,0.0,0.0,0.0,0.0,0.0,0.0,0.0,0.0
2024-06-16,0.0,0.0,0.0,0.0,0.0,0.0,0.0,0.0,0.0,0.0
2024-06-17,0.0,0.0,0.0,0.0,0.0,0.0,0.0,0.0,0.0,0.0
2024-06-18,0.0,0.0,0.0,0.0,0.0,0.0,0.0,0.0,0.0,0.0
2024-06-19,0.0,0.0,0.0,0.0,0.0,0.0,0.0,0.0,0.0,0.0
2024-06-20,0.0,0.0,0.0,0.0,0.0,0.0,0.0,0.0,0.0,0.0
2024-06-21,0.0,0.0,0.0,0.0,0.0,0.0,0.0,0.0,0.0,0.0
2024-06-22,0.0,0.0,0.0,0.0,0.0,0.0,0.0,0.0,0.0,0.0
2024-06-23,0.0,0.0,0.0,0.0,0.0,0.0,0.0,0.0,0.0,0.0
2024-06-24,0.0,0.0,0.0,0.0,0.0,0.0,0.0,0.0,0.0,0.0
2024-06-25,0.0,0.0,0.0,0.0,0.0,0.0,0.0,0.0,0.0,0.0
2024-06-26,0.0,0.0,0.0,0.0,0.0,0.0,0.0,0.0,0.0,0.0
2024-06-27,0.0,0.0,0.0,0.0,0.0,0.0,0.0,0.0,0.0,0.0
2024-06-28,0.0,0.0,0.0,0.0,0.0,0.0,0.0,0.0,0.0,0.0
2024-06-29,0.0,0.0,0.0,0.0,0.0,0.0,0.0,0.0,0.0,0.0
2024-06-30,0.0,0.0,0.0,0.0,0.0,0.0,0.0,0.0,0.0,0.0
2024-07-01,0.0,0.0,0.0,0.0,0.0,0.0,0.0,0.0,0.0,0.0
2024-07-02,0.0,0.0,0.0,0.0,0.0,0.0,0.0,0.0,0.0,0.0
2024-07-03,0.0,0.0,0.0,0.0,0.0,0.0,0.0,0.0,0.0,0.0
2024-07-04,0.0,0.0,0.0,0.0,0.0,0.0,0.0,0.0,0.0,0.0
2024-07-05,0.0,0.0,0.0,0.0,0.0,0.0,0.0,0.0,0.0,0.0
2024-07-06,0.0,0.0,0.0,0.0,0.0,0.0,0.0,0.0,0.0,0.0
2024-07-07,0.0,0.0,0.0,0.0,0.0,0.0,0.0,0.0,0.0,0.0
2024-07-08,0.0,0.0,0.0,0.0,0.0,0.0,0.0,0.0,0.0,0.0
2024-07-09,0.0,0.0,0.0,0.0,0.0,0.0,0.0,0.0,0.0,0.0
2024-07-10,0.0,0.0,0.0,0.0,0.0,0.0,0.0,0.0,0.0,0.0
2024-07-11,0.0,0.0,0.0,0.0,0.0,0.0,0.0,0.0,0.0,0.0
2024-07-12,0.0,0.0,0.0,0.0,0.0,0.0,0.0,0.0,0.0,0.0
2024-07-13,0.0,0.0,0.0,0.0,0.0,0.0,0.0,0.0,0.0,0.0
2024-07-14,0.0,0.0,0.0,0.0,0.0,0.0,0.0,0.0,0.0,0.0
2024-07-15,0.0,0.0,0.0,0.0,0.0,0.0,0.0,0.0,0.0,0.0
2024-07-16,0.0,0.0,0.0,0.0,0.0,0.0,0.0,0.0,0.0,0.0
2024-07-17,0.0,0.0,0.0,0.0,0.0,0.0,0.0,0.0,0.0,0.0
2024-07-18,0.0,0.0,0.0,0.0,0.0,0.0,0.0,0.0,0.0,0.0
2024-07-19,0.0,0.0,0.0,0.0,0.0,0.0,0.0,0.0,0.0,0.0
2024-07-20,0.0,0.0,0.0,0.0,0.0,0.0,0.0,0.0,0.0,0.0
2024-07-21,0.0,0.0,0.0,0.0,0.0,0.0,0.0,0.0,0.0,0.0
2024-07-22,0.0,0.0,0.0,0.0,0.0,0.0,0.0,0.0,0.0,0.0
2024-07-23,0.0,0.0,0.0,0.0,0.0,0.0,0.0,0.0,0.0,0.0
2024-07-24,0.0,0.0,0.0,0.0,0.0,0.0,0.0,0.0,0.0,0.0
2024-07-25,0.0,0.0,0.0,0.0,0.0,0.0,0.0,0.0,0.0,0.0
2024-07-26,0.0,0.0,0.0,0.0,0.0,0.0,0.0,0.0,0.0,0.0
2024-07-27,0.0,0.0,0.0,0.0,0.0,0.0,0.0,0.0,0.0,0.0
2024-07-28,0.0,0.0,0.0,0.0,0.0,0.0,0.0,0.0,0.0,0.0
2024-07-29,0.0,0.0,0.0,0.0,0.0,0.0,0.0,0.0,0.0,0.0
2024-07-30,0.0,0.0,0.0,0.0,0.0,0.0,0.0,0.0,0.0,0.0
2024-07-31,0.0,0.0,0.0,0.0,0.0,0.0,0.0,0.0,0.0,0.0
2024-08-01,0.0,0.0,0.0,0.0,0.0,0.0,0.0,0.0,0.0,0.0
2024-08-02,0.0,0.0,0.0,0.0,0.0,0.0,0.0,0.0,0.0,0.0
2024-08-03,0.0,0.0,0.0,0.0,0.0,0.0,0.0,0.0,0.0,0.0
2024-08-04,0.0,0.0,0.0,0.0,0.0,0.0,0.0,0.0,0.0,0.0
2024-08-05,0.0,0.0,0.0,0.0,0.0,0.0,0.0,0.0,0.0,0.0
2024-08-06,1.0,0.0,11.0,18.0,0.0,3.0,50.0,0.0,1.0,0.0
2024-08-07,0.0,0.0,0.0,0.0,0.0,0.0,0.0,0.0,0.0,0.0
2024-08-08,0.0,0.0,0.0,0.0,0.0,0.0,0.0,0.0,0.0,0.0
2024-08-09,0.0,0.0,2.0,2.0,0.0,0.0,8.0,0.0,2.0,0.0
2024-08-10,0.0,0.0,0.0,0.0,0.0,0.0,0.0,0.0,0.0,0.0
2024-08-11,0.0,0.0,0.0,0.0,0.0,0.0,0.0,0.0,0.0,0.0
2024-08-12,0.0,0.0,0.0,0.0,0.0,0.0,0.0,0.0,0.0,0.0
2024-08-13,0.0,0.0,16.0,24.0,0.0,4.0,72.0,1.0,1.0,0.0
2024-08-14,0.0,0.0,0.0,0.0,0.0,0.0,0.0,0.0,0.0,0.0
2024-08-15,0.0,0.0,0.0,0.0,0.0,0.0,0.0,0.0,0.0,0.0
2024-08-16,0.0,0.0,32.0,22.0,0.0,0.0,51.0,0.0,1.0,0.0
2024-08-17,0.0,0.0,0.0,0.0,0.0,0.0,0.0,0.0,0.0,0.0
2024-08-18,0.0,0.0,0.0,0.0,0.0,0.0,0.0,0.0,0.0,0.0
2024-08-19,0.0,0.0,0.0,0.0,0.0,0.0,0.0,0.0,0.0,0.0
2024-08-20,0.0,0.0,0.0,0.0,0.0,0.0,0.0,0.0,0.0,0.0
2024-08-21,0.0,0.0,0.0,0.0,0.0,0.0,0.0,0.0,0.0,0.0
2024-08-22,1.0,0.0,2.0,3.0,0.0,3.0,2.0,0.0,0.0,0.0
2024-08-23,0.0,0.0,0.0,0.0,0.0,0.0,0.0,0.0,0.0,0.0
2024-08-24,0.0,0.0,0.0,0.0,0.0,0.0,0.0,0.0,0.0,0.0
2024-08-25,0.0,0.0,0.0,0.0,0.0,0.0,0.0,0.0,0.0,0.0
2024-08-26,0.0,0.0,0.0,0.0,0.0,0.0,0.0,0.0,0.0,0.0
2024-08-27,0.0,0.0,0.0,0.0,0.0,0.0,0.0,0.0,0.0,0.0
2024-08-28,0.0,0.0,0.0,0.0,0.0,0.0,0.0,0.0,0.0,0.0
2024-08-29,0.0,0.0,0.0,0.0,0.0,0.0,0.0,0.0,0.0,0.0
2024-08-30,0.0,0.0,0.0,0.0,0.0,0.0,0.0,0.0,0.0,0.0
2024-08-31,0.0,0.0,0.0,0.0,0.0,0.0,0.0,0.0,0.0,0.0
2024-09-01,0.0,0.0,0.0,0.0,0.0,0.0,0.0,0.0,0.0,0.0
2024-09-02,0.0,0.0,0.0,0.0,0.0,0.0,0.0,0.0,0.0,0.0
2024-09-03,0.0,0.0,0.0,0.0,0.0,0.0,0.0,0.0,0.0,0.0
2024-09-04,0.0,0.0,0.0,0.0,0.0,0.0,0.0,0.0,0.0,0.0
2024-09-05,0.0,0.0,0.0,0.0,0.0,0.0,0.0,0.0,0.0,0.0
2024-09-06,0.0,0.0,0.0,0.0,0.0,0.0,0.0,0.0,0.0,0.0
2024-09-07,0.0,0.0,0.0,0.0,0.0,0.0,0.0,0.0,0.0,0.0
2024-09-08,0.0,0.0,0.0,0.0,0.0,0.0,0.0,0.0,0.0,0.0
2024-09-09,0.0,0.0,0.0,0.0,0.0,0.0,0.0,0.0,0.0,0.0
2024-09-10,0.0,0.0,0.0,0.0,0.0,0.0,0.0,0.0,0.0,0.0
2024-09-11,0.0,0.0,0.0,0.0,0.0,0.0,0.0,0.0,0.0,0.0
2024-09-12,0.0,0.0,0.0,0.0,0.0,0.0,0.0,0.0,0.0,0.0
2024-09-13,0.0,0.0,0.0,0.0,0.0,0.0,0.0,0.0,0.0,0.0
2024-09-14,0.0,0.0,0.0,0.0,0.0,0.0,0.0,0.0,0.0,0.0
2024-09-15,0.0,0.0,0.0,0.0,0.0,0.0,0.0,0.0,0.0,0.0
2024-09-16,0.0,0.0,0.0,0.0,0.0,0.0,0.0,0.0,0.0,0.0
2024-09-17,0.0,0.0,1.0,16.0,0.0,1.0,18.0,0.0,1.0,0.0
2024-09-18,1.0,0.0,7.0,22.0,0.0,6.0,26.0,0.0,5.0,0.0
2024-09-19,0.0,0.0,10.0,32.0,0.0,2.0,14.0,0.0,0.0,0.0
2024-09-20,0.0,0.0,0.0,0.0,0.0,0.0,0.0,0.0,0.0,0.0
2024-09-21,0.0,0.0,0.0,0.0,0.0,0.0,0.0,0.0,0.0,0.0
2024-09-22,0.0,0.0,0.0,0.0,0.0,0.0,0.0,0.0,0.0,0.0
2024-09-23,0.0,0.0,0.0,0.0,0.0,0.0,0.0,0.0,0.0,0.0
2024-09-24,0.0,0.0,0.0,0.0,0.0,0.0,0.0,0.0,0.0,0.0
2024-09-25,0.0,0.0,0.0,0.0,0.0,0.0,0.0,0.0,0.0,0.0
2024-09-26,0.0,0.0,0.0,0.0,0.0,0.0,0.0,0.0,0.0,0.0
2024-09-27,0.0,0.0,0.0,0.0,0.0,0.0,0.0,0.0,0.0,0.0
2024-09-28,0.0,0.0,0.0,0.0,0.0,0.0,0.0,0.0,0.0,0.0
2024-09-29,0.0,0.0,0.0,0.0,0.0,0.0,0.0,0.0,0.0,0.0
2024-09-30,0.0,0.0,0.0,0.0,0.0,0.0,0.0,0.0,0.0,0.0
2024-10-01,0.0,0.0,5.0,41.0,0.0,4.0,30.0,6.0,3.0,0.0
2024-10-02,1.0,0.0,10.0,28.0,0.0,2.0,17.0,2.0,7.0,0.0
2024-10-03,3.0,0.0,21.0,54.0,0.0,5.0,35.0,5.0,7.0,0.0
2024-10-04,0.0,0.0,2.0,3.0,0.0,4.0,5.0,0.0,1.0,0.0
2024-10-05,0.0,0.0,0.0,0.0,0.0,0.0,0.0,0.0,0.0,0.0
2024-10-06,0.0,0.0,0.0,0.0,0.0,0.0,0.0,0.0,0.0,0.0
2024-10-07,0.0,0.0,11.0,44.0,0.0,1.0,21.0,5.0,2.0,0.0
2024-10-08,0.0,0.0,41.0,46.0,0.0,4.0,33.0,6.0,5.0,0.0
2024-10-09,0.0,0.0,10.0,38.0,0.0,2.0,14.0,15.0,2.0,0.0
2024-10-10,1.0,0.0,21.0,41.0,0.0,6.0,22.0,14.0,7.0,0.0
2024-10-11,0.0,0.0,11.0,37.0,0.0,1.0,42.0,0.0,3.0,0.0
2024-10-12,0.0,0.0,0.0,0.0,0.0,0.0,0.0,0.0,0.0,0.0
2024-10-13,0.0,0.0,0.0,0.0,0.0,0.0,0.0,0.0,0.0,0.0
2024-10-14,0.0,0.0,0.0,0.0,0.0,0.0,0.0,0.0,0.0,0.0
2024-10-15,0.0,0.0,0.0,0.0,0.0,0.0,0.0,0.0,0.0,0.0
2024-10-16,0.0,0.0,5.0,16.0,0.0,15.0,31.0,2.0,1.0,0.0
2024-10-17,1.0,0.0,27.0,47.0,0.0,13.0,34.0,12.0,1.0,0.0
2024-10-18,0.0,0.0,19.0,43.0,0.0,9.0,69.0,16.0,5.0,0.0
2024-10-19,0.0,0.0,19.0,43.0,0.0,11.0,97.0,28.0,0.0,0.0
2024-10-20,24.0,0.0,81.0,87.0,0.0,39.0,170.0,39.0,26.0,0.0
2024-10-21,0.0,0.0,0.0,0.0,0.0,0.0,0.0,0.0,0.0,0.0
2024-10-22,0.0,0.0,0.0,0.0,0.0,0.0,0.0,0.0,0.0,0.0
2024-10-23,0.0,0.0,0.0,0.0,0.0,0.0,0.0,0.0,0.0,0.0
2024-10-24,0.0,0.0,0.0,0.0,0.0,0.0,0.0,0.0,0.0,0.0
2024-10-25,0.0,0.0,0.0,0.0,0.0,0.0,0.0,0.0,0.0,0.0
2024-10-26,0.0,0.0,0.0,0.0,0.0,0.0,0.0,0.0,0.0,0.0
2024-10-27,0.0,0.0,0.0,0.0,0.0,0.0,0.0,0.0,0.0,0.0
2024-10-28,0.0,0.0,0.0,0.0,0.0,0.0,0.0,0.0,0.0,0.0
2024-10-29,0.0,0.0,0.0,0.0,0.0,0.0,0.0,0.0,0.0,0.0
2024-10-30,0.0,0.0,0.0,0.0,0.0,0.0,0.0,0.0,0.0,0.0
2024-10-31,0.0,0.0,0.0,0.0,0.0,0.0,0.0,0.0,0.0,0.0
2024-11-01,0.0,0.0,0.0,0.0,0.0,0.0,0.0,0.0,0.0,0.0
2024-11-02,0.0,0.0,0.0,0.0,0.0,0.0,0.0,0.0,0.0,0.0
2024-11-03,2.0,0.0,2.0,4.0,0.0,3.0,14.0,2.0,2.0,0.0
2024-11-04,1.0,0.0,10.0,17.0,0.0,3.0,25.0,14.0,4.0,0.0
2024-11-05,89.0,0.0,11.0,21.0,0.0,4.0,13.0,0.0,7.0,0.0
2024-11-06,0.0,0.0,8.0,19.0,0.0,0.0,19.0,2.0,1.0,0.0
2024-11-07,1.0,0.0,6.0,16.0,0.0,0.0,23.0,1.0,1.0,0.0
2024-11-08,0.0,0.0,24.0,29.0,0.0,1.0,42.0,0.0,0.0,0.0
2024-11-09,0.0,0.0,0.0,0.0,0.0,0.0,0.0,0.0,0.0,0.0
2024-11-10,0.0,0.0,0.0,0.0,0.0,0.0,0.0,0.0,0.0,0.0
2024-11-11,0.0,0.0,0.0,0.0,0.0,0.0,0.0,0.0,0.0,0.0
2024-11-12,1.0,0.0,4.0,49.0,0.0,0.0,21.0,0.0,1.0,0.0
2024-11-13,1.0,0.0,8.0,25.0,0.0,6.0,34.0,4.0,0.0,0.0
2024-11-14,0.0,0.0,5.0,27.0,0.0,3.0,27.0,10.0,0.0,0.0
2024-11-15,2.0,0.0,5.0,28.0,0.0,4.0,17.0,1.0,0.0,0.0
2024-11-16,0.0,0.0,0.0,0.0,0.0,0.0,0.0,0.0,0.0,0.0
2024-11-17,0.0,0.0,0.0,0.0,0.0,0.0,0.0,0.0,0.0,0.0
2024-11-18,0.0,0.0,0.0,0.0,0.0,0.0,0.0,0.0,0.0,0.0
2024-11-19,0.0,0.0,7.0,27.0,0.0,0.0,19.0,1.0,41.0,0.0
2024-11-20,0.0,0.0,10.0,19.0,0.0,1.0,22.0,4.0,1.0,0.0
2024-11-21,2.0,0.0,12.0,21.0,0.0,3.0,19.0,12.0,3.0,0.0
2024-11-22,1.0,0.0,4.0,37.0,0.0,2.0,31.0,26.0,2.0,0.0
2024-11-23,0.0,0.0,0.0,0.0,0.0,0.0,0.0,0.0,0.0,0.0
2024-11-24,0.0,0.0,0.0,0.0,0.0,0.0,0.0,0.0,0.0,0.0
2024-11-25,3.0,0.0,3.0,31.0,0.0,5.0,12.0,5.0,4.0,0.0
2024-11-26,1.0,0.0,5.0,14.0,0.0,2.0,16.0,7.0,0.0,0.0
2024-11-27,0.0,0.0,11.0,19.0,0.0,6.0,33.0,23.0,3.0,0.0
2024-11-28,0.0,0.0,2.0,1.0,0.0,2.0,15.0,0.0,0.0,0.0
2024-11-29,2.0,0.0,3.0,9.0,0.0,4.0,26.0,31.0,0.0,0.0
2024-11-30,0.0,0.0,0.0,0.0,0.0,0.0,0.0,0.0,0.0,0.0
2024-12-01,0.0,0.0,0.0,0.0,0.0,0.0,0.0,0.0,0.0,0.0
2024-12-02,4.0,0.0,3.0,35.0,0.0,9.0,24.0,7.0,6.0,0.0
2024-12-03,0.0,0.0,1.0,14.0,0.0,2.0,11.0,5.0,1.0,0.0
2024-12-04,2.0,0.0,11.0,27.0,0.0,7.0,28.0,9.0,9.0,0.0
2024-12-05,0.0,0.0,0.0,0.0,0.0,0.0,0.0,0.0,0.0,0.0
2024-12-06,7.0,0.0,3.0,36.0,0.0,4.0,38.0,26.0,3.0,0.0
2024-12-07,6.0,0.0,1.0,5.0,0.0,1.0,8.0,0.0,0.0,0.0
2024-12-08,0.0,0.0,0.0,0.0,0.0,0.0,0.0,0.0,0.0,0.0
2024-12-09,1.0,0.0,6.0,26.0,0.0,5.0,25.0,15.0,5.0,0.0
2024-12-10,1.0,0.0,10.0,11.0,0.0,151.0,12.0,1.0,3.0,0.0
2024-12-11,3.0,0.0,5.0,24.0,0.0,0.0,30.0,0.0,22.0,0.0
2024-12-12,1.0,0.0,10.0,30.0,0.0,1.0,22.0,1.0,3.0,0.0
2024-12-13,5.0,0.0,3.0,28.0,0.0,6.0,36.0,12.0,1.0,0.0
2024-12-14,0.0,0.0,0.0,0.0,0.0,0.0,0.0,0.0,0.0,0.0
2024-12-15,49.0,0.0,48.0,199.0,0.0,18.0,117.0,0.0,8.0,0.0
2024-12-16,0.0,0.0,0.0,0.0,0.0,0.0,0.0,0.0,0.0,0.0
2024-12-17,0.0,0.0,0.0,0.0,0.0,0.0,0.0,0.0,0.0,0.0
2024-12-18,5.0,0.0,12.0,6.0,0.0,3.0,17.0,0.0,0.0,0.0
2024-12-19,152.0,0.0,111.0,27.0,0.0,707.0,25.0,0.0,0.0,0.0
2024-12-20,55.0,0.0,53.0,5.0,0.0,86.0,24.0,0.0,2.0,0.0
2024-12-21,0.0,0.0,0.0,0.0,0.0,0.0,0.0,0.0,0.0,0.0
2024-12-22,0.0,0.0,0.0,0.0,0.0,0.0,0.0,0.0,0.0,0.0
2024-12-23,0.0,0.0,0.0,0.0,0.0,0.0,0.0,0.0,0.0,0.0
2024-12-24,0.0,0.0,0.0,0.0,0.0,0.0,0.0,0.0,0.0,0.0
2024-12-25,0.0,0.0,0.0,0.0,0.0,0.0,0.0,0.0,0.0,0.0
2024-12-26,0.0,0.0,0.0,0.0,0.0,0.0,0.0,0.0,0.0,0.0
2024-12-27,0.0,0.0,0.0,0.0,0.0,0.0,0.0,0.0,0.0,0.0
2024-12-28,0.0,0.0,0.0,0.0,0.0,0.0,0.0,0.0,0.0,0.0
2024-12-29,0.0,0.0,0.0,0.0,0.0,0.0,0.0,0.0,0.0,0.0
2024-12-30,0.0,0.0,0.0,0.0,0.0,0.0,0.0,0.0,0.0,0.0
2024-12-31,0.0,0.0,0.0,0.0,0.0,0.0,0.0,0.0,0.0,0.0
2025-01-01,0.0,0.0,0.0,0.0,0.0,0.0,0.0,0.0,0.0,0.0
2025-01-02,0.0,0.0,0.0,0.0,0.0,0.0,0.0,0.0,0.0,0.0
2025-01-03,0.0,0.0,0.0,0.0,0.0,0.0,0.0,0.0,0.0,0.0
2025-01-04,0.0,0.0,0.0,0.0,0.0,0.0,0.0,0.0,0.0,0.0
2025-01-05,0.0,0.0,0.0,0.0,0.0,0.0,0.0,0.0,0.0,0.0
2025-01-06,0.0,0.0,0.0,0.0,0.0,0.0,0.0,0.0,0.0,0.0
2025-01-07,1.0,0.0,2.0,4.0,0.0,1.0,10.0,0.0,0.0,0.0
2025-01-08,0.0,0.0,1.0,2.0,0.0,1.0,5.0,0.0,0.0,0.0
2025-01-09,0.0,0.0,0.0,0.0,0.0,0.0,0.0,0.0,0.0,0.0
2025-01-10,1.0,0.0,1.0,7.0,0.0,0.0,13.0,0.0,1.0,0.0
2025-01-11,0.0,0.0,0.0,0.0,0.0,0.0,0.0,0.0,0.0,0.0
2025-01-12,64.0,0.0,68.0,327.0,0.0,26.0,230.0,0.0,3.0,0.0
2025-01-13,0.0,0.0,0.0,0.0,0.0,0.0,0.0,0.0,0.0,0.0
2025-01-14,0.0,0.0,0.0,0.0,0.0,0.0,0.0,0.0,0.0,0.0
2025-01-15,4.0,0.0,14.0,15.0,0.0,14.0,25.0,0.0,3.0,0.0
2025-01-16,27.0,0.0,7.0,15.0,0.0,4.0,33.0,0.0,4.0,0.0
2025-01-17,0.0,0.0,4.0,12.0,0.0,2.0,21.0,0.0,2.0,0.0
2025-01-18,0.0,0.0,1.0,2.0,0.0,1.0,5.0,0.0,0.0,0.0
2025-01-19,0.0,0.0,0.0,0.0,0.0,0.0,0.0,0.0,0.0,0.0
2025-01-20,4.0,0.0,7.0,18.0,0.0,3.0,9.0,0.0,2.0,0.0
2025-01-21,6.0,0.0,1.0,12.0,0.0,5.0,24.0,0.0,0.0,0.0
2025-01-22,4.0,0.0,2.0,15.0,0.0,2.0,24.0,0.0,0.0,0.0
2025-01-23,671.0,0.0,16.0,16.0,0.0,3.0,17.0,0.0,2.0,0.0
2025-01-24,4.0,0.0,9.0,7.0,0.0,3.0,18.0,4.0,0.0,0.0
2025-01-25,1.0,0.0,2.0,9.0,0.0,0.0,3.0,0.0,0.0,0.0
2025-01-26,0.0,0.0,0.0,0.0,0.0,0.0,0.0,0.0,0.0,0.0
2025-01-27,8.0,0.0,2.0,13.0,0.0,5.0,22.0,0.0,0.0,0.0
2025-01-28,0.0,0.0,0.0,0.0,0.0,0.0,0.0,0.0,0.0,0.0
2025-01-29,1.0,0.0,3.0,1.0,0.0,1.0,7.0,2.0,4.0,0.0
2025-01-30,4.0,0.0,11.0,15.0,0.0,4.0,36.0,13.0,0.0,0.0
2025-01-31,10.0,0.0,34.0,14.0,0.0,10.0,104.0,7.0,1.0,0.0
2025-02-01,0.0,0.0,0.0,0.0,0.0,0.0,0.0,0.0,0.0,0.0
2025-02-02,0.0,0.0,0.0,0.0,0.0,0.0,0.0,0.0,0.0,0.0
2025-02-03,2.0,0.0,1.0,17.0,0.0,0.0,18.0,4.0,2.0,0.0
2025-02-04,1.0,0.0,1.0,7.0,0.0,0.0,13.0,1.0,2.0,0.0
2025-02-05,1.0,0.0,1.0,9.0,0.0,1.0,26.0,15.0,0.0,0.0
2025-02-06,4.0,0.0,2.0,7.0,0.0,0.0,13.0,26.0,8.0,0.0
2025-02-07,1.0,0.0,9.0,17.0,0.0,0.0,26.0,23.0,1.0,0.0
2025-02-08,0.0,0.0,0.0,0.0,0.0,0.0,0.0,0.0,0.0,0.0
2025-02-09,40.0,0.0,17.0,91.0,0.0,8.0,180.0,225.0,7.0,0.0
2025-02-10,1.0,0.0,3.0,4.0,0.0,1.0,19.0,17.0,1.0,0.0
2025-02-11,2.0,0.0,2.0,14.0,0.0,1.0,18.0,8.0,3.0,0.0
2025-02-12,4.0,0.0,2.0,16.0,0.0,0.0,17.0,7.0,1.0,0.0
2025-02-13,10.0,0.0,0.0,6.0,0.0,1.0,24.0,18.0,3.0,0.0
2025-02-14,6.0,0.0,7.0,8.0,0.0,0.0,25.0,7.0,9.0,0.0
2025-02-15,0.0,0.0,0.0,0.0,0.0,0.0,0.0,0.0,0.0,0.0
2025-02-16,0.0,0.0,0.0,0.0,0.0,0.0,0.0,0.0,0.0,0.0
2025-02-17,0.0,0.0,1.0,4.0,0.0,1.0,11.0,10.0,7.0,0.0
2025-02-18,4.0,0.0,0.0,7.0,0.0,0.0,11.0,6.0,6.0,0.0
2025-02-19,5.0,0.0,1.0,7.0,0.0,0.0,23.0,99.0,9.0,0.0
2025-02-20,19.0,0.0,0.0,6.0,0.0,2.0,13.0,3.0,12.0,0.0
2025-02-21,2.0,0.0,1.0,15.0,0.0,3.0,16.0,10.0,1.0,0.0
2025-02-22,0.0,0.0,0.0,0.0,0.0,0.0,0.0,0.0,0.0,0.0
2025-02-23,0.0,0.0,0.0,0.0,0.0,0.0,0.0,0.0,0.0,0.0
2025-02-24,7.0,0.0,3.0,9.0,0.0,0.0,28.0,7.0,4.0,0.0
2025-02-25,0.0,0.0,0.0,0.0,0.0,0.0,0.0,0.0,0.0,0.0
2025-02-26,5.0,0.0,2.0,17.0,0.0,1.0,24.0,7.0,5.0,0.0
2025-02-27,7.0,0.0,6.0,4.0,0.0,0.0,15.0,22.0,0.0,0.0
2025-02-28,6.0,0.0,2.0,27.0,0.0,1.0,32.0,24.0,2.0,0.0
2025-03-01,0.0,0.0,0.0,0.0,0.0,0.0,0.0,0.0,0.0,0.0
2025-03-02,0.0,0.0,0.0,0.0,0.0,0.0,0.0,0.0,0.0,0.0
2025-03-03,15.0,0.0,0.0,1.0,0.0,0.0,6.0,7.0,0.0,0.0
2025-03-04,0.0,0.0,0.0,0.0,0.0,0.0,0.0,0.0,0.0,0.0
2025-03-05,2.0,0.0,0.0,22.0,0.0,1.0,7.0,18.0,3.0,0.0
2025-03-06,0.0,0.0,1.0,23.0,0.0,0.0,15.0,13.0,1.0,0.0
2025-03-07,14.0,0.0,4.0,29.0,0.0,1.0,31.0,25.0,3.0,0.0
2025-03-08,1.0,0.0,1.0,24.0,0.0,1.0,13.0,31.0,2.0,0.0
2025-03-09,0.0,0.0,0.0,0.0,0.0,0.0,0.0,0.0,0.0,0.0
2025-03-10,2.0,0.0,0.0,12.0,0.0,0.0,14.0,6.0,0.0,0.0
2025-03-11,1.0,0.0,2.0,21.0,0.0,0.0,15.0,8.0,1.0,0.0
2025-03-12,51.0,1.0,2.0,16.0,0.0,1.0,13.0,53.0,0.0,0.0
2025-03-13,1.0,1.0,9.0,14.0,0.0,1.0,17.0,11.0,0.0,0.0
2025-03-14,5.0,2.0,1.0,19.0,0.0,1.0,50.0,24.0,5.0,0.0
2025-03-15,2.0,1.0,0.0,13.0,0.0,0.0,10.0,11.0,0.0,0.0
2025-03-16,0.0,0.0,0.0,0.0,0.0,0.0,0.0,0.0,0.0,0.0
2025-03-17,5.0,3.0,4.0,12.0,0.0,1.0,14.0,11.0,5.0,0.0
2025-03-18,11.0,0.0,1.0,17.0,0.0,3.0,20.0,14.0,0.0,0.0
2025-03-19,1.0,3.0,0.0,9.0,0.0,7.0,12.0,20.0,10.0,0.0
2025-03-20,2.0,0.0,5.0,26.0,0.0,0.0,7.0,24.0,3.0,0.0
2025-03-21,9.0,0.0,6.0,16.0,0.0,3.0,26.0,14.0,4.0,0.0
2025-03-22,0.0,19.0,3.0,10.0,0.0,1.0,6.0,7.0,1.0,0.0
2025-03-23,0.0,0.0,0.0,0.0,0.0,0.0,0.0,0.0,0.0,0.0
2025-03-24,0.0,0.0,0.0,0.0,0.0,0.0,0.0,0.0,0.0,0.0
2025-03-25,76.0,4.0,2.0,9.0,0.0,2.0,22.0,183.0,2.0,0.0
2025-03-26,1.0,2.0,0.0,15.0,0.0,0.0,17.0,16.0,2.0,0.0
2025-03-27,0.0,1.0,1.0,11.0,0.0,0.0,15.0,9.0,1.0,0.0
2025-03-28,2.0,10.0,1.0,20.0,0.0,1.0,34.0,10.0,1.0,0.0
2025-03-29,0.0,0.0,0.0,9.0,0.0,0.0,8.0,7.0,3.0,0.0
2025-03-30,0.0,0.0,0.0,0.0,0.0,0.0,0.0,0.0,0.0,0.0
2025-03-31,4.0,0.0,3.0,43.0,0.0,2.0,26.0,11.0,0.0,0.0
2025-04-01,0.0,0.0,0.0,0.0,0.0,0.0,0.0,0.0,0.0,0.0
2025-04-02,4.0,42.0,2.0,14.0,0.0,11.0,19.0,14.0,42.0,0.0
2025-04-03,3.0,9.0,1.0,24.0,0.0,1.0,26.0,5.0,2.0,0.0
2025-04-04,5.0,3.0,0.0,24.0,0.0,0.0,15.0,16.0,2.0,0.0
2025-04-05,0.0,0.0,1.0,7.0,0.0,0.0,7.0,12.0,0.0,0.0
2025-04-06,0.0,0.0,0.0,0.0,0.0,0.0,0.0,0.0,0.0,0.0
2025-04-07,5.0,0.0,2.0,27.0,0.0,1.0,19.0,13.0,3.0,0.0
2025-04-08,0.0,0.0,1.0,10.0,0.0,1.0,20.0,6.0,1.0,0.0
2025-04-09,0.0,0.0,0.0,0.0,0.0,0.0,0.0,0.0,0.0,0.0
2025-04-10,14.0,0.0,1.0,24.0,0.0,0.0,24.0,3.0,1.0,0.0
2025-04-11,1.0,0.0,6.0,30.0,0.0,4.0,31.0,16.0,8.0,0.0
2025-04-12,0.0,0.0,0.0,0.0,0.0,0.0,0.0,0.0,0.0,0.0
2025-04-13,0.0,0.0,0.0,0.0,0.0,0.0,0.0,0.0,0.0,0.0
2025-04-14,0.0,0.0,0.0,0.0,0.0,0.0,0.0,0.0,0.0,0.0
2025-04-15,0.0,0.0,0.0,0.0,0.0,0.0,0.0,0.0,0.0,0.0
2025-04-16,0.0,0.0,0.0,0.0,0.0,0.0,0.0,0.0,0.0,0.0
2025-04-17,0.0,0.0,0.0,0.0,0.0,0.0,0.0,0.0,0.0,0.0
2025-04-18,0.0,0.0,0.0,0.0,0.0,0.0,0.0,0.0,0.0,0.0
2025-04-19,0.0,0.0,0.0,0.0,0.0,0.0,0.0,0.0,0.0,0.0
2025-04-20,0.0,0.0,0.0,0.0,0.0,0.0,0.0,0.0,0.0,0.0
2025-04-21,0.0,0.0,0.0,0.0,0.0,0.0,0.0,0.0,0.0,0.0
2025-04-22,3.0,25.0,3.0,24.0,0.0,3.0,29.0,9.0,1.0,0.0
2025-04-23,1.0,1.0,0.0,8.0,0.0,0.0,9.0,11.0,3.0,0.0
2025-04-24,0.0,0.0,0.0,0.0,0.0,0.0,0.0,0.0,0.0,0.0
2025-04-25,3.0,11.0,1.0,11.0,0.0,3.0,17.0,16.0,1.0,0.0
2025-04-26,1.0,5.0,3.0,17.0,0.0,0.0,15.0,15.0,0.0,0.0
2025-04-27,0.0,0.0,0.0,0.0,0.0,0.0,0.0,0.0,0.0,0.0
2025-04-28,1.0,0.0,4.0,16.0,0.0,0.0,14.0,6.0,3.0,0.0
2025-04-29,0.0,5.0,2.0,25.0,0.0,1.0,23.0,26.0,11.0,0.0
2025-04-30,5.0,10.0,9.0,22.0,0.0,1.0,26.0,84.0,1.0,0.0
2025-05-01,0.0,0.0,0.0,0.0,0.0,0.0,0.0,0.0,0.0,0.0
2025-05-02,3.0,7.0,1.0,25.0,0.0,1.0,42.0,503.0,2.0,0.0
2025-05-03,0.0,0.0,3.0,19.0,0.0,0.0,16.0,36.0,1.0,0.0
2025-05-04,0.0,0.0,0.0,0.0,0.0,0.0,0.0,0.0,0.0,0.0
2025-05-05,3.0,9.0,1.0,29.0,0.0,0.0,38.0,18.0,7.0,0.0
2025-05-06,4.0,4.0,3.0,47.0,0.0,4.0,26.0,35.0,0.0,0.0
2025-05-07,24.0,16.0,4.0,11.0,0.0,3.0,11.0,19.0,12.0,0.0
2025-05-08,8.0,1.0,3.0,16.0,0.0,0.0,21.0,16.0,6.0,0.0
2025-05-09,26.0,69.0,3.0,22.0,0.0,5.0,33.0,38.0,1.0,0.0
2025-05-10,0.0,2.0,2.0,16.0,0.0,0.0,22.0,32.0,3.0,0.0
2025-05-11,0.0,0.0,0.0,0.0,0.0,0.0,0.0,0.0,0.0,0.0
2025-05-12,0.0,0.0,0.0,0.0,0.0,0.0,0.0,0.0,0.0,0.0
2025-05-13,0.0,0.0,0.0,0.0,0.0,0.0,0.0,0.0,0.0,0.0
2025-05-14,2.0,4.0,2.0,11.0,0.0,1.0,16.0,60.0,2.0,0.0
2025-05-15,2.0,4.0,3.0,13.0,0.0,0.0,19.0,335.0,25.0,0.0
2025-05-16,1.0,1.0,7.0,64.0,0.0,1.0,52.0,59.0,3.0,0.0
2025-05-17,2.0,5.0,2.0,31.0,0.0,0.0,24.0,44.0,0.0,0.0
2025-05-18,0.0,0.0,0.0,0.0,0.0,0.0,0.0,0.0,0.0,0.0
2025-05-19,4.0,0.0,2.0,14.0,0.0,4.0,19.0,21.0,0.0,0.0
2025-05-20,2.0,12.0,1.0,14.0,0.0,1.0,22.0,45.0,5.0,0.0
2025-05-21,2.0,3.0,4.0,18.0,0.0,1.0,9.0,25.0,4.0,0.0
2025-05-22,3.0,0.0,4.0,12.0,0.0,5.0,20.0,19.0,2.0,0.0
2025-05-23,1.0,1.0,3.0,6.0,0.0,2.0,28.0,7.0,4.0,0.0
2025-05-24,0.0,0.0,5.0,12.0,0.0,0.0,14.0,15.0,0.0,0.0
2025-05-25,0.0,0.0,0.0,0.0,0.0,0.0,0.0,0.0,0.0,0.0
2025-05-26,19.0,3.0,9.0,22.0,0.0,0.0,22.0,41.0,23.0,0.0
2025-05-27,3.0,7.0,168.0,10.0,0.0,8.0,27.0,27.0,0.0,0.0
2025-05-28,8.0,0.0,9.0,7.0,0.0,3.0,14.0,16.0,0.0,0.0
2025-05-29,0.0,0.0,0.0,3.0,0.0,0.0,15.0,25.0,1.0,0.0
2025-05-30,1.0,30.0,6.0,15.0,0.0,3.0,16.0,32.0,7.0,0.0
2025-05-31,5.0,1.0,7.0,34.0,0.0,4.0,44.0,91.0,11.0,0.0
2025-06-01,0.0,0.0,0.0,0.0,0.0,0.0,0.0,0.0,0.0,0.0
2025-06-02,5.0,2.0,10.0,7.0,0.0,23.0,19.0,30.0,5.0,0.0
2025-06-03,12.0,5.0,21.0,24.0,0.0,40.0,55.0,22.0,0.0,0.0
2025-06-04,5.0,4.0,5.0,8.0,0.0,14.0,11.0,15.0,2.0,0.0
2025-06-05,9.0,15.0,8.0,28.0,0.0,35.0,39.0,49.0,7.0,0.0
2025-06-06,8.0,6.0,19.0,11.0,0.0,64.0,36.0,40.0,31.0,0.0
2025-06-07,6.0,10.0,9.0,14.0,0.0,45.0,35.0,48.0,3.0,0.0
2025-06-08,0.0,0.0,0.0,0.0,0.0,0.0,0.0,0.0,0.0,0.0
2025-06-09,9.0,5.0,8.0,21.0,0.0,26.0,32.0,48.0,5.0,0.0
2025-06-10,6.0,19.0,18.0,14.0,0.0,32.0,41.0,60.0,18.0,0.0
2025-06-11,4.0,9.0,10.0,5.0,0.0,0.0,26.0,49.0,5.0,0.0
2025-06-12,1.0,0.0,14.0,7.0,0.0,0.0,9.0,26.0,1.0,0.0
2025-06-13,6.0,6.0,22.0,19.0,0.0,39.0,51.0,69.0,11.0,0.0
2025-06-14,10.0,12.0,16.0,14.0,0.0,14.0,16.0,19.0,7.0,0.0
2025-06-15,0.0,0.0,0.0,0.0,0.0,0.0,0.0,0.0,0.0,0.0
2025-06-16,1.0,0.0,1.0,6.0,0.0,0.0,6.0,1.0,0.0,0.0
2025-06-17,31.0,0.0,1.0,28.0,0.0,0.0,11.0,39.0,1.0,0.0
2025-06-18,2.0,1.0,5.0,13.0,0.0,0.0,5.0,17.0,1.0,0.0
2025-06-19,1.0,0.0,3.0,17.0,0.0,0.0,9.0,15.0,0.0,0.0
2025-06-20,5.0,4.0,5.0,16.0,0.0,0.0,17.0,20.0,3.0,0.0
2025-06-21,1.0,4.0,15.0,17.0,0.0,5.0,9.0,44.0,40.0,0.0
2025-06-22,0.0,0.0,0.0,0.0,0.0,0.0,0.0,0.0,0.0,0.0
2025-06-23,0.0,0.0,0.0,0.0,0.0,0.0,0.0,0.0,0.0,0.0
2025-06-24,0.0,0.0,0.0,0.0,0.0,0.0,0.0,0.0,0.0,0.0
2025-06-25,3.0,17.0,5.0,5.0,0.0,1.0,17.0,30.0,5.0,0.0
2025-06-26,4.0,3.0,10.0,30.0,0.0,0.0,26.0,99.0,6.0,0.0
2025-06-27,2.0,2.0,3.0,21.0,0.0,9.0,19.0,43.0,0.0,0.0
2025-06-28,1.0,3.0,11.0,7.0,0.0,21.0,22.0,18.0,4.0,0.0
2025-06-29,0.0,0.0,0.0,0.0,0.0,0.0,0.0,0.0,0.0,0.0
2025-06-30,0.0,22.0,12.0,41.0,0.0,3.0,117.0,34.0,4.0,0.0
2025-07-01,1.0,0.0,3.0,5.0,0.0,0.0,5.0,4.0,2.0,0.0
2025-07-02,0.0,0.0,0.0,0.0,0.0,0.0,0.0,0.0,0.0,0.0
2025-07-03,0.0,0.0,0.0,0.0,0.0,0.0,0.0,0.0,0.0,0.0
2025-07-04,0.0,0.0,0.0,0.0,0.0,0.0,0.0,0.0,0.0,0.0
2025-07-05,0.0,0.0,5.0,0.0,0.0,1.0,7.0,2.0,1.0,0.0
2025-07-06,0.0,0.0,0.0,0.0,0.0,0.0,0.0,0.0,0.0,0.0
2025-07-07,3.0,8.0,3.0,7.0,0.0,0.0,34.0,8.0,3.0,0.0
2025-07-08,0.0,0.0,0.0,0.0,0.0,0.0,0.0,0.0,0.0,0.0
2025-07-09,0.0,0.0,0.0,0.0,0.0,0.0,0.0,0.0,0.0,0.0
2025-07-10,0.0,0.0,0.0,0.0,0.0,0.0,0.0,0.0,0.0,0.0
2025-07-11,0.0,0.0,0.0,0.0,0.0,0.0,0.0,0.0,0.0,0.0
2025-07-12,4.0,4.0,5.0,8.0,0.0,1.0,11.0,9.0,2.0,0.0
2025-07-13,0.0,0.0,0.0,0.0,0.0,0.0,0.0,0.0,0.0,0.0
2025-07-14,1.0,2.0,8.0,39.0,0.0,0.0,30.0,21.0,5.0,0.0
2025-07-15,11.0,0.0,5.0,20.0,0.0,0.0,66.0,15.0,0.0,0.0
2025-07-16,1.0,2.0,12.0,36.0,0.0,0.0,20.0,78.0,0.0,0.0
2025-07-17,8.0,0.0,9.0,27.0,0.0,0.0,35.0,42.0,1.0,0.0
2025-07-18,2.0,2.0,6.0,29.0,0.0,1.0,24.0,45.0,0.0,0.0
2025-07-19,0.0,0.0,0.0,0.0,0.0,0.0,0.0,0.0,0.0,0.0
2025-07-20,0.0,0.0,0.0,0.0,0.0,0.0,0.0,0.0,0.0,0.0
2025-07-21,2.0,0.0,2.0,8.0,0.0,0.0,8.0,8.0,4.0,0.0
2025-07-22,0.0,0.0,0.0,0.0,0.0,0.0,0.0,0.0,0.0,0.0
2025-07-23,0.0,0.0,0.0,0.0,0.0,0.0,0.0,0.0,0.0,0.0
2025-07-24,0.0,0.0,0.0,0.0,0.0,0.0,0.0,0.0,0.0,0.0
2025-07-25,0.0,0.0,0.0,0.0,0.0,0.0,0.0,0.0,0.0,0.0
2025-07-26,0.0,0.0,0.0,0.0,0.0,0.0,0.0,0.0,0.0,0.0
2025-07-27,0.0,0.0,0.0,0.0,0.0,0.0,0.0,0.0,0.0,0.0
2025-07-28,0.0,0.0,0.0,0.0,0.0,0.0,0.0,0.0,0.0,0.0
2025-07-29,0.0,0.0,0.0,0.0,0.0,0.0,0.0,0.0,0.0,0.0
2025-07-30,0.0,0.0,0.0,0.0,0.0,0.0,0.0,0.0,0.0,0.0
2025-07-31,0.0,0.0,0.0,1.0,0.0,0.0,0.0,0.0,0.0,0.0
2025-08-01,25.0,18.0,12.0,79.0,0.0,0.0,63.0,84.0,5.0,0.0
2025-08-02,0.0,0.0,0.0,0.0,0.0,0.0,0.0,0.0,0.0,0.0
2025-08-03,0.0,0.0,0.0,0.0,0.0,0.0,0.0,0.0,0.0,0.0
2025-08-04,7.0,1.0,15.0,95.0,0.0,4.0,95.0,42.0,0.0,0.0
2025-08-05,8.0,1.0,26.0,182.0,0.0,7.0,228.0,55.0,2.0,0.0
2025-08-06,15.0,1.0,14.0,126.0,0.0,0.0,235.0,49.0,24.0,0.0
2025-08-07,24.0,5.0,29.0,155.0,0.0,6.0,121.0,77.0,10.0,0.0
2025-08-08,0.0,0.0,0.0,0.0,0.0,0.0,0.0,0.0,0.0,0.0
2025-08-09,0.0,0.0,0.0,0.0,0.0,0.0,0.0,0.0,0.0,0.0
2025-08-10,0.0,0.0,0.0,0.0,0.0,0.0,0.0,0.0,0.0,0.0
2025-08-11,6.0,1.0,15.0,158.0,0.0,0.0,116.0,34.0,0.0,0.0
2025-08-12,11.0,2.0,3.0,72.0,0.0,0.0,52.0,40.0,6.0,0.0
2025-08-13,12.0,0.0,11.0,140.0,0.0,1.0,57.0,37.0,6.0,0.0
2025-08-14,4.0,1.0,9.0,79.0,0.0,0.0,83.0,27.0,10.0,0.0
2025-08-15,2.0,5.0,7.0,31.0,0.0,1.0,18.0,46.0,7.0,0.0
2025-08-16,0.0,0.0,3.0,25.0,0.0,0.0,33.0,6.0,2.0,0.0
2025-08-17,0.0,0.0,0.0,0.0,0.0,0.0,0.0,0.0,0.0,0.0
2025-08-18,4.0,0.0,9.0,80.0,0.0,3.0,41.0,28.0,4.0,0.0
2025-08-19,13.0,1.0,11.0,72.0,0.0,6.0,39.0,31.0,8.0,0.0
2025-08-20,7.0,0.0,6.0,43.0,0.0,3.0,52.0,23.0,8.0,0.0
2025-08-21,0.0,0.0,0.0,0.0,0.0,0.0,0.0,0.0,0.0,0.0
2025-08-22,2.0,1.0,4.0,17.0,0.0,0.0,17.0,6.0,16.0,0.0
2025-08-23,6.0,1.0,8.0,33.0,0.0,0.0,25.0,121.0,6.0,0.0
2025-08-24,0.0,0.0,0.0,0.0,0.0,0.0,0.0,0.0,0.0,0.0
2025-08-25,0.0,0.0,0.0,0.0,0.0,0.0,0.0,0.0,0.0,0.0
2025-08-26,0.0,0.0,0.0,0.0,0.0,0.0,0.0,0.0,0.0,0.0
2025-08-27,14.0,18.0,18.0,64.0,0.0,4.0,271.0,71.0,9.0,0.0
2025-08-28,8.0,1.0,4.0,34.0,0.0,0.0,82.0,11.0,14.0,0.0
2025-08-29,6.0,3.0,10.0,187.0,0.0,1.0,181.0,211.0,109.0,0.0
2025-08-30,0.0,0.0,0.0,0.0,0.0,0.0,0.0,0.0,0.0,0.0
2025-08-31,0.0,0.0,0.0,0.0,0.0,0.0,0.0,0.0,0.0,0.0
2025-09-01,0.0,0.0,0.0,0.0,0.0,0.0,0.0,0.0,0.0,0.0
2025-09-02,3.0,4.0,6.0,74.0,0.0,0.0,63.0,36.0,0.0,0.0
2025-09-03,3.0,0.0,7.0,36.0,0.0,0.0,28.0,21.0,2.0,0.0
2025-09-04,2.0,0.0,10.0,40.0,0.0,0.0,17.0,25.0,3.0,0.0
2025-09-05,0.0,1.0,2.0,45.0,0.0,3.0,27.0,28.0,4.0,0.0
2025-09-06,8.0,0.0,4.0,14.0,0.0,1.0,17.0,12.0,4.0,0.0
2025-09-07,0.0,0.0,0.0,0.0,0.0,0.0,0.0,0.0,0.0,0.0
2025-09-08,0.0,0.0,4.0,27.0,0.0,2.0,53.0,10.0,157.0,0.0
2025-09-09,61.0,2.0,6.0,26.0,0.0,0.0,52.0,40.0,5.0,0.0
2025-09-10,0.0,0.0,0.0,0.0,0.0,0.0,0.0,0.0,0.0,0.0
2025-09-11,14.0,3.0,3.0,49.0,0.0,1.0,378.0,56.0,8.0,0.0
2025-09-12,6.0,83.0,29.0,115.0,0.0,3.0,244.0,41.0,16.0,0.0
2025-09-13,2.0,1.0,4.0,12.0,0.0,2.0,16.0,16.0,4.0,0.0
2025-09-14,0.0,0.0,0.0,0.0,0.0,0.0,0.0,0.0,0.0,0.0
2025-09-15,52.0,50.0,3.0,25.0,0.0,6.0,59.0,21.0,5.0,0.0
2025-09-16,6.0,1.0,4.0,50.0,0.0,1.0,136.0,42.0,9.0,0.0
2025-09-17,0.0,0.0,0.0,0.0,0.0,0.0,0.0,0.0,0.0,0.0
2025-09-18,2.0,0.0,0.0,0.0,0.0,0.0,9.0,12.0,0.0,0.0
2025-09-19,19.0,4.0,3.0,72.0,3.0,4.0,310.0,24.0,2.0,15.0
2025-09-20,1.0,7.0,2.0,48.0,0.0,1.0,63.0,41.0,3.0,2.0
2025-09-21,3.0,6.0,7.0,28.0,7.0,0.0,67.0,32.0,5.0,6.0
2025-09-22,0.0,0.0,0.0,0.0,0.0,0.0,0.0,0.0,0.0,0.0
2025-09-23,0.0,0.0,0.0,0.0,0.0,0.0,0.0,0.0,0.0,0.0
2025-09-24,69.0,4.0,5.0,30.0,2.0,0.0,42.0,16.0,13.0,2.0
2025-09-25,18.0,4.0,1.0,44.0,5.0,4.0,33.0,24.0,4.0,5.0
2025-09-26,0.0,0.0,0.0,0.0,0.0,0.0,0.0,0.0,0.0,0.0
2025-09-27,0.0,0.0,0.0,0.0,0.0,0.0,0.0,0.0,0.0,0.0
2025-09-28,0.0,0.0,0.0,0.0,0.0,0.0,0.0,0.0,0.0,0.0
2025-09-29,2.0,0.0,11.0,48.0,2.0,2.0,39.0,32.0,16.0,3.0
2025-09-30,67.0,2.0,20.0,128.0,13.0,0.0,65.0,37.0,9.0,9.0
2025-10-01,5.0,1.0,12.0,97.0,5.0,2.0,69.0,52.0,10.0,3.0
2025-10-02,16.0,3.0,15.0,31.0,2.0,5.0,22.0,35.0,10.0,0.0
2025-10-03,0.0,2.0,40.0,70.0,6.0,1.0,38.0,13.0,11.0,4.0
2025-10-04,6.0,4.0,10.0,50.0,5.0,3.0,80.0,65.0,3.0,5.0
2025-10-05,0.0,0.0,0.0,0.0,0.0,0.0,0.0,0.0,0.0,0.0
2025-10-06,3.0,0.0,6.0,24.0,3.0,1.0,20.0,26.0,1.0,2.0
2025-10-07,13.0,0.0,9.0,49.0,3.0,0.0,82.0,32.0,16.0,4.0
2025-10-08,0.0,1.0,3.0,32.0,1.0,0.0,14.0,13.0,1.0,4.0
2025-10-09,9.0,5.0,9.0,67.0,1.0,16.0,66.0,61.0,4.0,9.0
2025-10-10,13.0,1.0,5.0,63.0,6.0,2.0,44.0,20.0,7.0,7.0
2025-10-11,0.0,0.0,0.0,0.0,0.0,0.0,0.0,0.0,0.0,0.0
2025-10-12,0.0,0.0,0.0,0.0,0.0,0.0,0.0,0.0,0.0,0.0
2025-10-13,6.0,8.0,14.0,36.0,4.0,1.0,20.0,49.0,5.0,2.0
2025-10-14,13.0,5.0,9.0,47.0,2.0,15.0,34.0,23.0,7.0,4.0
2025-10-15,0.0,0.0,0.0,0.0,0.0,0.0,0.0,0.0,0.0,0.0
2025-10-16,0.0,0.0,0.0,0.0,0.0,0.0,0.0,0.0,0.0,0.0
2025-10-17,20.0,11.0,22.0,65.0,7.0,10.0,66.0,64.0,3.0,1.0
2025-10-18,0.0,0.0,0.0,0.0,0.0,0.0,0.0,0.0,0.0,0.0
2025-10-19,22.0,0.0,53.0,85.0,22.0,3.0,133.0,20.0,38.0,1.0
2025-10-20,0.0,0.0,0.0,0.0,0.0,0.0,0.0,0.0,0.0,0.0
2025-10-21,0.0,0.0,0.0,0.0,0.0,0.0,0.0,0.0,0.0,0.0
2025-10-22,27.0,73.0,57.0,57.0,3.0,7.0,72.0,58.0,13.0,1.0
2025-10-23,9.0,4.0,3.0,58.0,5.0,3.0,45.0,34.0,4.0,3.0
2025-10-24,16.0,3.0,11.0,39.0,3.0,9.0,52.0,33.0,6.0,4.0
2025-10-25,16.0,14.0,15.0,45.0,7.0,2.0,63.0,55.0,3.0,5.0
2025-10-26,0.0,0.0,0.0,0.0,0.0,0.0,0.0,0.0,0.0,0.0
2025-10-27,3.0,3.0,19.0,25.0,5.0,8.0,55.0,52.0,5.0,0.0
2025-10-28,17.0,6.0,15.0,57.0,2.0,2.0,42.0,71.0,4.0,5.0
2025-10-29,0.0,0.0,5.0,101.0,1.0,0.0,26.0,2.0,0.0,0.0
2025-10-30,0.0,0.0,0.0,0.0,0.0,0.0,0.0,0.0,0.0,0.0
2025-10-31,0.0,0.0,0.0,0.0,0.0,0.0,0.0,0.0,0.0,0.0
2025-11-01,0.0,0.0,0.0,0.0,0.0,0.0,0.0,0.0,0.0,0.0
2025-11-02,0.0,0.0,0.0,0.0,0.0,0.0,0.0,0.0,0.0,0.0
2025-11-03,0.0,0.0,0.0,0.0,0.0,0.0,0.0,0.0,0.0,0.0
2025-11-04,0.0,0.0,0.0,0.0,0.0,0.0,0.0,0.0,0.0,0.0
2025-11-05,4.0,2.0,8.0,41.0,2.0,0.0,19.0,26.0,1.0,1.0
2025-11-06,12.0,3.0,9.0,34.0,1.0,0.0,28.0,31.0,7.0,0.0
2025-11-07,3.0,1.0,15.0,25.0,2.0,0.0,25.0,12.0,3.0,1.0
2025-11-08,0.0,0.0,0.0,0.0,0.0,0.0,0.0,0.0,0.0,0.0
2025-11-09,0.0,0.0,0.0,0.0,0.0,0.0,0.0,0.0,0.0,0.0
2025-11-10,0.0,0.0,0.0,0.0,0.0,0.0,0.0,0.0,0.0,0.0
2025-11-11,0.0,0.0,0.0,0.0,0.0,0.0,0.0,0.0,0.0,0.0
2025-11-12,6.0,11.0,4.0,20.0,7.0,0.0,27.0,12.0,2.0,1.0
2025-11-13,1.0,5.0,11.0,27.0,7.0,4.0,69.0,17.0,5.0,1.0
2025-11-14,52.0,41.0,15.0,26.0,5.0,18.0,47.0,64.0,4.0,0.0
2025-11-15,0.0,0.0,0.0,0.0,0.0,0.0,0.0,0.0,0.0,0.0
2025-11-16,0.0,13.0,0.0,3.0,2.0,1.0,7.0,4.0,0.0,0.0
2025-11-17,0.0,0.0,0.0,0.0,0.0,0.0,0.0,0.0,0.0,0.0
2025-11-18,0.0,0.0,0.0,0.0,0.0,0.0,0.0,0.0,0.0,0.0
2025-11-19,26.0,11.0,5.0,30.0,2.0,4.0,23.0,69.0,11.0,4.0
2025-11-20,11.0,9.0,3.0,27.0,4.0,0.0,26.0,111.0,7.0,1.0
2025-11-21,5.0,6.0,4.0,29.0,2.0,2.0,28.0,33.0,2.0,0.0
2025-11-22,12.0,7.0,4.0,20.0,2.0,0.0,33.0,55.0,6.0,0.0
2025-11-23,0.0,0.0,0.0,0.0,0.0,0.0,0.0,0.0,0.0,0.0
2025-11-24,1.0,1.0,16.0,26.0,7.0,5.0,20.0,125.0,2.0,1.0
2025-11-25,4.0,12.0,3.0,21.0,2.0,10.0,24.0,125.0,10.0,3.0
2025-11-26,5.0,3.0,19.0,21.0,4.0,4.0,20.0,60.0,3.0,2.0
2025-11-27,9.0,10.0,4.0,30.0,1.0,4.0,32.0,25.0,4.0,0.0
2025-11-28,2.0,3.0,3.0,23.0,3.0,1.0,100.0,26.0,1.0,6.0
2025-11-29,0.0,0.0,0.0,0.0,0.0,0.0,0.0,0.0,0.0,0.0
2025-11-30,0.0,0.0,0.0,19.0,0.0,2.0,7.0,0.0,6.0,4.0
2025-12-01,0.0,0.0,0.0,0.0,0.0,0.0,0.0,0.0,0.0,0.0
2025-12-02,12.0,11.0,7.0,21.0,4.0,1.0,45.0,19.0,7.0,2.0
2025-12-03,4.0,3.0,39.0,63.0,3.0,12.0,41.0,63.0,7.0,3.0
2025-12-04,88.0,0.0,9.0,38.0,1.0,1.0,32.0,6.0,1.0,4.0
2025-12-05,0.0,0.0,0.0,0.0,0.0,0.0,0.0,0.0,0.0,0.0
2025-12-06,0.0,0.0,0.0,0.0,0.0,0.0,0.0,0.0,0.0,0.0
2025-12-07,169.0,20.0,284.0,384.0,30.0,14.0,429.0,211.0,48.0,21.0
2025-12-08,0.0,0.0,0.0,0.0,0.0,0.0,0.0,0.0,0.0,0.0
2025-12-09,0.0,0.0,0.0,0.0,0.0,0.0,0.0,0.0,0.0,0.0
2025-12-10,20.0,3.0,43.0,39.0,8.0,6.0,44.0,75.0,15.0,1.0
2025-12-11,6.0,4.0,24.0,36.0,5.0,0.0,33.0,17.0,4.0,5.0
2025-12-12,6.0,10.0,10.0,32.0,5.0,1.0,44.0,43.0,7.0,4.0
2025-12-13,1.0,1.0,11.0,26.0,3.0,4.0,49.0,11.0,1.0,1.0
2025-12-14,0.0,0.0,0.0,0.0,0.0,0.0,0.0,0.0,0.0,0.0
2025-12-15,3.0,10.0,8.0,37.0,4.0,1.0,33.0,20.0,11.0,6.0
2025-12-16,114.0,7.0,30.0,28.0,3.0,2.0,117.0,26.0,13.0,5.0
2025-12-17,32.0,10.0,38.0,44.0,9.0,20.0,105.0,41.0,4.0,3.0
2025-12-18,47.0,74.0,42.0,60.0,6.0,3.0,127.0,242.0,11.0,13.0
2025-12-19,0.0,0.0,0.0,0.0,0.0,0.0,0.0,0.0,0.0,0.0
2025-12-20,0.0,0.0,0.0,0.0,0.0,0.0,0.0,0.0,0.0,0.0
2025-12-21,0.0,0.0,0.0,0.0,0.0,0.0,0.0,0.0,0.0,0.0
2025-12-22,0.0,0.0,0.0,0.0,0.0,0.0,0.0,0.0,0.0,0.0
2025-12-23,0.0,0.0,0.0,0.0,0.0,0.0,0.0,0.0,0.0,0.0
2025-12-24,0.0,0.0,0.0,0.0,0.0,0.0,0.0,0.0,0.0,0.0
2025-12-25,0.0,0.0,0.0,0.0,0.0,0.0,0.0,0.0,0.0,0.0
2025-12-26,0.0,0.0,0.0,0.0,0.0,0.0,0.0,0.0,0.0,0.0
2025-12-27,0.0,0.0,0.0,0.0,0.0,0.0,0.0,0.0,0.0,0.0
2025-12-28,0.0,0.0,0.0,0.0,0.0,0.0,0.0,0.0,0.0,0.0
2025-12-29,0.0,0.0,0.0,0.0,0.0,0.0,0.0,0.0,0.0,0.0
2025-12-30,0.0,0.0,0.0,0.0,0.0,0.0,0.0,0.0,0.0,0.0
2025-12-31,0.0,0.0,0.0,0.0,0.0,0.0,0.0,0.0,0.0,0.0
2026-01-01,0.0,0.0,0.0,0.0,0.0,0.0,0.0,0.0,0.0,0.0
2026-01-02,0.0,0.0,0.0,0.0,0.0,0.0,0.0,0.0,0.0,0.0
2026-01-03,0.0,0.0,0.0,0.0,0.0,0.0,0.0,0.0,0.0,0.0
2026-01-04,0.0,0.0,0.0,0.0,0.0,0.0,0.0,0.0,0.0,0.0
2026-01-05,0.0,0.0,0.0,0.0,0.0,0.0,0.0,0.0,0.0,0.0
2026-01-06,0.0,0.0,0.0,0.0,0.0,0.0,0.0,0.0,0.0,0.0
2026-01-07,10.0,34.0,4.0,7.0,3.0,0.0,22.0,5.0,0.0,1.0
2026-01-08,1.0,0.0,10.0,9.0,3.0,1.0,13.0,20.0,0.0,1.0
2026-01-09,0.0,0.0,0.0,0.0,0.0,0.0,0.0,0.0,0.0,0.0
2026-01-10,1.0,0.0,7.0,8.0,3.0,0.0,22.0,5.0,0.0,0.0
2026-01-11,0.0,0.0,0.0,0.0,0.0,0.0,0.0,0.0,0.0,0.0
2026-01-12,201.0,3.0,11.0,21.0,3.0,2.0,19.0,45.0,2.0,0.0
2026-01-13,2.0,0.0,4.0,9.0,3.0,4.0,16.0,18.0,0.0,3.0
2026-01-14,132.0,4.0,55.0,162.0,4.0,0.0,61.0,205.0,11.0,3.0
2026-01-15,6.0,1.0,16.0,18.0,0.0,1.0,15.0,10.0,3.0,5.0
2026-01-16,15.0,1.0,19.0,20.0,1.0,4.0,27.0,14.0,1.0,4.0
2026-01-17,4.0,3.0,13.0,8.0,0.0,0.0,24.0,16.0,6.0,0.0
2026-01-18,0.0,0.0,0.0,0.0,0.0,0.0,0.0,0.0,0.0,0.0
2026-01-19,3.0,0.0,5.0,18.0,7.0,1.0,28.0,8.0,2.0,2.0
2026-01-20,2.0,1.0,8.0,12.0,5.0,0.0,30.0,22.0,2.0,0.0
2026-01-21,3.0,0.0,4.0,14.0,1.0,28.0,30.0,8.0,5.0,1.0
2026-01-22,1.0,2.0,3.0,12.0,1.0,0.0,26.0,21.0,2.0,1.0
2026-01-23,3.0,1.0,11.0,2.0,3.0,2.0,50.0,28.0,1.0,0.0
2026-01-24,0.0,0.0,0.0,0.0,0.0,0.0,0.0,0.0,0.0,0.0
2026-01-25,170.0,18.0,345.0,469.0,29.0,12.0,343.0,248.0,29.0,33.0
2026-01-26,0.0,0.0,0.0,0.0,0.0,0.0,0.0,0.0,0.0,0.0
2026-01-27,4.0,2.0,6.0,24.0,4.0,0.0,26.0,10.0,5.0,1.0
2026-01-28,0.0,0.0,0.0,0.0,0.0,0.0,0.0,0.0,0.0,0.0
2026-01-29,1.0,0.0,7.0,31.0,7.0,5.0,32.0,20.0,0.0,1.0
2026-01-30,8.0,0.0,14.0,50.0,1.0,8.0,23.0,18.0,0.0,3.0
2026-01-31,0.0,0.0,115.0,46.0,4.0,9.0,181.0,96.0,0.0,41.0
2026-02-01,85.0,7.0,126.0,241.0,22.0,26.0,286.0,123.0,22.0,10.0
2026-02-02,0.0,0.0,0.0,0.0,0.0,0.0,0.0,0.0,0.0,0.0
2026-02-03,0.0,0.0,0.0,0.0,0.0,0.0,0.0,0.0,0.0,0.0
2026-02-04,0.0,0.0,0.0,0.0,0.0,0.0,0.0,0.0,0.0,0.0
2026-02-05,6.0,3.0,4.0,36.0,1.0,10.0,10.0,7.0,1.0,0.0
2026-02-06,7.0,2.0,4.0,36.0,2.0,9.0,44.0,27.0,2.0,3.0
2026-02-07,2.0,2.0,1.0,16.0,2.0,0.0,18.0,28.0,2.0,1.0
2026-02-08,0.0,0.0,0.0,0.0,0.0,0.0,0.0,0.0,0.0,0.0
2026-02-09,4.0,1.0,0.0,26.0,1.0,0.0,17.0,4.0,2.0,1.0
2026-02-10,5.0,0.0,10.0,32.0,2.0,1.0,26.0,9.0,0.0,2.0
2026-02-11,15.0,3.0,4.0,35.0,4.0,13.0,32.0,30.0,3.0,2.0
2026-02-12,4.0,1.0,6.0,23.0,2.0,12.0,30.0,14.0,1.0,1.0
2026-02-13,9.0,5.0,18.0,28.0,4.0,5.0,41.0,18.0,2.0,2.0
2026-02-14,3.0,4.0,3.0,21.0,1.0,4.0,13.0,37.0,5.0,2.0
2026-02-15,0.0,0.0,0.0,0.0,0.0,0.0,0.0,0.0,0.0,0.0
2026-02-16,1.0,0.0,6.0,35.0,2.0,5.0,33.0,4.0,0.0,0.0
2026-02-17,0.0,0.0,0.0,0.0,0.0,0.0,0.0,0.0,0.0,0.0
2026-02-18,8.0,5.0,2.0,21.0,0.0,25.0,22.0,3.0,1.0,0.0
2026-02-19,2.0,0.0,4.0,23.0,2.0,1.0,18.0,0.0,1.0,0.0
2026-02-20,2.0,3.0,2.0,27.0,2.0,13.0,46.0,20.0,1.0,1.0
2026-02-21,11.0,1.0,3.0,22.0,0.0,28.0,24.0,23.0,0.0,1.0
2026-02-22,0.0,0.0,0.0,0.0,0.0,0.0,0.0,0.0,0.0,0.0
2026-02-23,2.0,3.0,1.0,18.0,2.0,0.0,19.0,4.0,0.0,1.0
2026-02-24,1.0,4.0,3.0,29.0,2.0,5.0,10.0,10.0,4.0,0.0
2026-02-25,0.0,0.0,0.0,0.0,0.0,0.0,0.0,0.0,0.0,0.0
2026-02-26,0.0,0.0,0.0,0.0,0.0,0.0,0.0,0.0,0.0,0.0
2026-02-27,4.0,27.0,3.0,21.0,8.0,5.0,38.0,33.0,7.0,1.0
2026-02-28,2.0,5.0,11.0,76.0,13.0,3.0,99.0,66.0,3.0,2.0
2026-03-01,0.0,0.0,0.0,0.0,0.0,0.0,0.0,0.0,0.0,0.0
2026-03-02,0.0,0.0,0.0,4.0,17.0,0.0,42.0,16.0,0.0,9.0
2026-03-03,0.0,0.0,0.0,0.0,0.0,0.0,0.0,0.0,0.0,0.0
2026-03-04,0.0,0.0,0.0,0.0,0.0,0.0,0.0,0.0,0.0,0.0
2026-03-05,0.0,0.0,0.0,0.0,0.0,0.0,0.0,0.0,0.0,0.0
2026-03-06,0.0,0.0,0.0,0.0,0.0,0.0,0.0,0.0,0.0,0.0
2026-03-07,0.0,1.0,14.0,13.0,2.0,5.0,14.0,19.0,2.0,2.0
2026-03-08,0.0,0.0,0.0,0.0,0.0,0.0,0.0,0.0,0.0,0.0
2026-03-09,2.0,2.0,2.0,17.0,3.0,3.0,24.0,30.0,2.0,1.0
2026-03-10,31.0,9.0,0.0,25.0,0.0,9.0,29.0,12.0,3.0,1.0
2026-03-11,8.0,0.0,13.0,50.0,1.0,0.0,16.0,31.0,1.0,2.0
2026-03-12,5.0,5.0,1.0,26.0,0.0,1.0,15.0,9.0,3.0,2.0
2026-03-13,32.0,10.0,2.0,5.0,4.0,5.0,11.0,6.0,1.0,1.0
2026-03-14,3.0,0.0,3.0,17.0,1.0,0.0,20.0,19.0,0.0,1.0
2026-03-15,0.0,0.0,0.0,0.0,0.0,0.0,0.0,0.0,0.0,0.0
2026-03-16,1.0,4.0,4.0,7.0,1.0,0.0,11.0,1.0,1.0,2.0
2026-03-17,8.0,0.0,1.0,18.0,3.0,3.0,117.0,14.0,7.0,3.0
2026-03-18,53.0,21.0,10.0,24.0,2.0,2.0,26.0,18.0,0.0,0.0
2026-03-19,0.0,0.0,0.0,0.0,0.0,0.0,0.0,0.0,0.0,0.0
2026-03-20,0.0,0.0,0.0,0.0,0.0,0.0,0.0,0.0,0.0,0.0
2026-03-21,2.0,1.0,4.0,10.0,0.0,6.0,28.0,14.0,1.0,1.0
2026-03-22,0.0,0.0,0.0,0.0,0.0,0.0,0.0,0.0,0.0,0.0
2026-03-23,12.0,0.0,3.0,9.0,0.0,21.0,19.0,3.0,3.0,0.0
2026-03-24,20.0,0.0,3.0,15.0,0.0,10.0,16.0,3.0,2.0,0.0
2026-03-25,12.0,34.0,1.0,25.0,5.0,7.0,34.0,29.0,0.0,1.0
2026-03-26,0.0,0.0,0.0,0.0,0.0,0.0,0.0,0.0,0.0,0.0
2026-03-27,0.0,0.0,0.0,0.0,0.0,0.0,0.0,0.0,0.0,0.0
2026-03-28,8.0,6.0,35.0,18.0,2.0,4.0,36.0,189.0,0.0,7.0
2026-03-29,3.0,1.0,11.0,17.0,3.0,2.0,55.0,17.0,0.0,6.0
2026-03-30,0.0,0.0,0.0,0.0,0.0,0.0,0.0,0.0,0.0,0.0
2026-03-31,0.0,0.0,0.0,0.0,0.0,0.0,0.0,0.0,0.0,0.0
2026-04-01,0.0,0.0,0.0,0.0,0.0,0.0,0.0,0.0,0.0,0.0
2026-04-02,0.0,0.0,0.0,0.0,0.0,0.0,0.0,0.0,0.0,0.0
2026-04-03,0.0,0.0,0.0,0.0,0.0,0.0,0.0,0.0,0.0,0.0
2026-04-04,0.0,0.0,0.0,0.0,0.0,0.0,0.0,0.0,0.0,0.0
2026-04-05,4.0,0.0,14.0,10.0,1.0,3.0,21.0,30.0,0.0,3.0
2026-04-06,0.0,0.0,0.0,0.0,0.0,0.0,0.0,0.0,0.0,0.0
2026-04-07,20.0,2.0,0.0,19.0,6.0,15.0,16.0,0.0,2.0,1.0
2026-04-08,6.0,0.0,3.0,10.0,0.0,6.0,42.0,28.0,1.0,0.0
2026-04-09,0.0,0.0,0.0,0.0,0.0,0.0,0.0,0.0,0.0,0.0
2026-04-10,3.0,4.0,4.0,15.0,0.0,6.0,20.0,7.0,0.0,1.0
2026-04-11,7.0,2.0,2.0,18.0,2.0,4.0,18.0,22.0,2.0,1.0
2026-04-12,0.0,0.0,0.0,0.0,0.0,0.0,0.0,0.0,0.0,0.0
2026-04-13,86.0,1.0,2.0,19.0,1.0,19.0,11.0,5.0,1.0,1.0
2026-04-14,12.0,6.0,4.0,19.0,2.0,4.0,7.0,8.0,5.0,1.0
2026-04-15,0.0,0.0,0.0,0.0,0.0,0.0,0.0,0.0,0.0,0.0
2026-04-16,0.0,0.0,0.0,0.0,0.0,0.0,0.0,0.0,0.0,0.0
2026-04-17,0.0,0.0,0.0,0.0,0.0,0.0,0.0,0.0,0.0,0.0
2026-04-18,6.0,7.0,11.0,17.0,8.0,12.0,18.0,15.0,3.0,1.0
2026-04-19,0.0,0.0,0.0,0.0,0.0,0.0,0.0,0.0,0.0,0.0
2026-04-20,0.0,0.0,0.0,0.0,0.0,0.0,0.0,0.0,0.0,0.0
2026-04-21,9.0,10.0,10.0,15.0,0.0,1.0,11.0,20.0,5.0,5.0
2026-04-22,54.0,9.0,5.0,13.0,9.0,14.0,31.0,10.0,1.0,1.0
2026-04-23,13.0,1.0,12.0,9.0,1.0,31.0,21.0,8.0,1.0,0.0
2026-04-24,6.0,14.0,13.0,17.0,0.0,2.0,32.0,10.0,0.0,4.0
2026-04-25,9.0,5.0,28.0,9.0,2.0,7.0,7.0,22.0,2.0,3.0
2026-04-26,0.0,0.0,0.0,0.0,0.0,0.0,0.0,0.0,0.0,0.0
2026-04-27,0.0,0.0,0.0,0.0,0.0,0.0,0.0,0.0,0.0,0.0
2026-04-28,20.0,106.0,8.0,16.0,1.0,8.0,19.0,27.0,0.0,1.0
2026-04-29,22.0,4.0,16.0,18.0,3.0,5.0,53.0,11.0,0.0,3.0
2026-04-30,13.0,0.0,0.0,3.0,0.0,6.0,43.0,16.0,0.0,2.0
2026-05-01,0.0,0.0,0.0,0.0,0.0,0.0,0.0,0.0,0.0,0.0
2026-05-02,0.0,0.0,0.0,0.0,0.0,0.0,0.0,0.0,0.0,0.0
2026-05-03,0.0,0.0,0.0,0.0,0.0,0.0,0.0,0.0,0.0,0.0
2026-05-04,0.0,0.0,0.0,0.0,0.0,0.0,0.0,0.0,0.0,0.0
2026-05-05,9.0,18.0,13.0,15.0,4.0,5.0,18.0,14.0,1.0,0.0
2026-05-06,10.0,5.0,11.0,40.0,1.0,11.0,22.0,21.0,0.0,5.0
2026-05-07,3.0,13.0,8.0,20.0,4.0,2.0,21.0,44.0,0.0,0.0
2026-05-08,0.0,0.0,0.0,0.0,0.0,0.0,0.0,0.0,0.0,0.0
2026-05-09,11.0,3.0,14.0,23.0,1.0,5.0,25.0,16.0,2.0,1.0
2026-05-10,0.0,0.0,0.0,0.0,0.0,0.0,0.0,0.0,0.0,0.0
2026-05-11,0.0,0.0,0.0,0.0,0.0,0.0,0.0,0.0,0.0,0.0
2026-05-12,3.0,10.0,19.0,36.0,3.0,10.0,17.0,28.0,5.0,1.0
2026-05-13,12.0,12.0,8.0,26.0,2.0,3.0,9.0,14.0,14.0,0.0
2026-05-14,8.0,11.0,17.0,22.0,1.0,23.0,59.0,24.0,6.0,5.0
2026-05-15,0.0,0.0,0.0,0.0,0.0,0.0,0.0,11.0,0.0,0.0
2026-05-16,2.0,0.0,7.0,13.0,4.0,4.0,17.0,10.0,0.0,0.0
2026-05-17,0.0,0.0,0.0,0.0,0.0,0.0,0.0,0.0,0.0,0.0
2026-05-18,0.0,0.0,0.0,0.0,0.0,0.0,0.0,0.0,0.0,0.0
2026-05-19,3.0,6.0,14.0,14.0,1.0,55.0,14.0,101.0,1.0,1.0
2026-05-20,37.0,2.0,32.0,10.0,2.0,13.0,18.0,123.0,1.0,0.0
2026-05-21,2.0,9.0,15.0,13.0,1.0,4.0,11.0,1.0,1.0,2.0
2026-05-22,0.0,0.0,0.0,0.0,0.0,0.0,0.0,0.0,0.0,0.0
2026-05-23,11.0,6.0,71.0,82.0,3.0,4.0,80.0,119.0,2.0,4.0
2026-05-24,0.0,0.0,0.0,0.0,0.0,0.0,0.0,0.0,0.0,0.0
2026-05-25,0.0,0.0,0.0,0.0,0.0,0.0,0.0,0.0,0.0,0.0
2026-05-26,0.0,0.0,0.0,0.0,0.0,0.0,0.0,0.0,0.0,0.0
2026-05-27,0.0,0.0,0.0,0.0,0.0,0.0,0.0,0.0,0.0,0.0
2026-05-28,105.0,1.0,26.0,50.0,6.0,9.0,130.0,74.0,5.0,3.0
2026-05-29,0.0,17.0,27.0,24.0,3.0,10.0,30.0,24.0,2.0,3.0
2026-05-30,0.0,0.0,7.0,15.0,4.0,13.0,61.0,13.0,0.0,5.0
2026-05-31,0.0,0.0,0.0,0.0,0.0,0.0,0.0,0.0,0.0,0.0
2026-06-01,34.0,5.0,48.0,59.0,2.0,49.0,32.0,37.0,16.0,2.0
2026-06-02,12.0,7.0,24.0,9.0,3.0,6.0,40.0,10.0,2.0,0.0
2026-06-03,32.0,13.0,131.0,20.0,4.0,55.0,25.0,13.0,6.0,2.0
2026-06-04,19.0,7.0,32.0,21.0,0.0,27.0,14.0,9.0,6.0,6.0
2026-06-05,75.0,24.0,59.0,23.0,6.0,102.0,60.0,55.0,18.0,4.0
2026-06-06,30.0,18.0,48.0,14.0,5.0,47.0,46.0,14.0,3.0,3.0
2026-06-07,0.0,0.0,0.0,0.0,0.0,0.0,0.0,0.0,0.0,0.0
2026-06-08,36.0,12.0,63.0,43.0,0.0,71.0,47.0,28.0,5.0,5.0
2026-06-09,7.0,11.0,23.0,29.0,1.0,4.0,31.0,13.0,2.0,1.0
2026-06-10,19.0,4.0,17.0,21.0,3.0,21.0,23.0,5.0,1.0,1.0
2026-06-11,48.0,15.0,31.0,25.0,3.0,20.0,23.0,26.0,2.0,2.0
2026-06-12,0.0,0.0,0.0,0.0,0.0,0.0,0.0,0.0,0.0,0.0
2026-06-13,47.0,4.0,45.0,15.0,6.0,26.0,37.0,17.0,12.0,2.0
2026-06-14,0.0,0.0,0.0,0.0,0.0,0.0,0.0,0.0,0.0,0.0
2026-06-15,19.0,7.0,22.0,48.0,4.0,13.0,18.0,14.0,8.0,1.0
2026-06-16,21.0,4.0,15.0,42.0,0.0,0.0,51.0,10.0,0.0,1.0
2026-06-17,2.0,6.0,15.0,58.0,0.0,1.0,26.0,18.0,0.0,0.0
2026-06-18,63.0,0.0,16.0,40.0,0.0,6.0,22.0,27.0,1.0,1.0
2026-06-19,12.0,3.0,31.0,50.0,4.0,2.0,41.0,15.0,8.0,1.0
2026-06-20,6.0,0.0,9.0,5.0,0.0,1.0,5.0,4.0,2.0,0.0
2026-06-21,0.0,0.0,0.0,0.0,0.0,0.0,0.0,0.0,0.0,0.0
2026-06-22,0.0,0.0,0.0,0.0,0.0,0.0,0.0,0.0,0.0,0.0
2026-06-23,3.0,9.0,40.0,60.0,6.0,8.0,41.0,48.0,6.0,8.0
2026-06-24,0.0,0.0,0.0,0.0,0.0,0.0,0.0,0.0,0.0,0.0
2026-06-25,63.0,5.0,35.0,195.0,2.0,6.0,69.0,51.0,2.0,9.0
2026-06-26,19.0,7.0,21.0,86.0,5.0,5.0,32.0,55.0,6.0,2.0
2026-06-27,0.0,0.0,0.0,0.0,0.0,0.0,0.0,0.0,0.0,0.0
2026-06-28,0.0,0.0,0.0,0.0,0.0,0.0,0.0,0.0,0.0,0.0
2026-06-29,2.0,1.0,25.0,32.0,5.0,4.0,42.0,15.0,4.0,2.0
2026-06-30,3.0,0.0,24.0,28.0,3.0,1.0,14.0,15.0,2.0,2.0
2026-07-01,2.0,0.0,13.0,19.0,2.0,4.0,20.0,11.0,3.0,0.0
2026-07-02,0.0,0.0,0.0,0.0,0.0,0.0,0.0,0.0,0.0,0.0
2026-07-03,108.0,1.0,25.0,16.0,3.0,3.0,84.0,109.0,4.0,8.0
2026-07-04,3.0,0.0,4.0,7.0,3.0,0.0,17.0,13.0,0.0,3.0
2026-07-05,0.0,0.0,0.0,0.0,0.0,0.0,0.0,0.0,0.0,0.0
2026-07-06,0.0,0.0,0.0,0.0,0.0,0.0,0.0,0.0,0.0,0.0
2026-07-07,16.0,0.0,7.0,32.0,5.0,6.0,32.0,19.0,3.0,3.0
2026-07-08,2.0,0.0,23.0,21.0,5.0,1.0,41.0,18.0,2.0,0.0
2026-07-09,0.0,0.0,0.0,0.0,0.0,0.0,0.0,0.0,0.0,0.0
2026-07-10,0.0,0.0,0.0,0.0,0.0,0.0,0.0,0.0,0.0,0.0
2026-07-11,0.0,0.0,0.0,0.0,0.0,0.0,0.0,0.0,0.0,0.0
2026-07-12,0.0,0.0,0.0,0.0,0.0,0.0,0.0,0.0,0.0,0.0
2026-07-13,0.0,0.0,0.0,0.0,0.0,0.0,0.0,0.0,0.0,0.0
2026-07-14,0.0,0.0,0.0,0.0,0.0,0.0,0.0,0.0,0.0,0.0
2026-07-15,0.0,0.0,0.0,0.0,0.0,0.0,0.0,0.0,0.0,0.0
2026-07-16,0.0,0.0,0.0,0.0,0.0,0.0,0.0,0.0,0.0,0.0
2026-07-17,0.0,0.0,0.0,0.0,0.0,0.0,0.0,0.0,0.0,0.0
2026-07-18,0.0,0.0,0.0,0.0,0.0,0.0,0.0,0.0,0.0,0.0
2026-07-19,0.0,0.0,0.0,0.0,0.0,0.0,0.0,0.0,0.0,0.0
2026-07-20,0.0,0.0,0.0,0.0,0.0,0.0,0.0,0.0,0.0,0.0
2026-07-21,0.0,0.0,0.0,0.0,0.0,0.0,0.0,0.0,0.0,0.0
2026-07-22,0.0,0.0,0.0,0.0,0.0,0.0,0.0,0.0,0.0,0.0
2026-07-23,0.0,0.0,0.0,0.0,0.0,0.0,0.0,0.0,0.0,0.0
2026-07-24,0.0,0.0,0.0,0.0,0.0,0.0,0.0,0.0,0.0,0.0
2026-07-25,0.0,0.0,0.0,0.0,0.0,0.0,0.0,0.0,0.0,0.0
2026-07-26,0.0,0.0,0.0,0.0,0.0,0.0,0.0,0.0,0.0,0.0
2026-07-27,0.0,0.0,0.0,0.0,0.0,0.0,0.0,0.0,0.0,0.0
2026-07-28,0.0,0.0,0.0,0.0,0.0,0.0,0.0,0.0,0.0,0.0
2026-07-29,0.0,0.0,0.0,0.0,0.0,0.0,0.0,0.0,0.0,0.0
2026-07-30,0.0,0.0,0.0,0.0,0.0,0.0,0.0,0.0,0.0,0.0
2026-07-31,0.0,0.0,0.0,0.0,0.0,0.0,0.0,0.0,0.0,0.0
