calendar_date,day_status,legend_label,fill_colour,traded,units_that_day,demand_observable,is_store_closed,source_file,source_sheet,status_source
2024-08-06,NORMAL,,FF6FA8DC,1,150.0,1,0,USTore TBS AUG-DEC 2024.xlsx,AUG 2024 - TBS,colour
2024-08-07,UNKNOWN,,,0,0.0,0,0,calendar_ranges.csv (via Dim_Date),,calendar
2024-08-08,CLOSED,,,0,0.0,0,1,calendar_ranges.csv (via Dim_Date),,calendar
2024-08-09,NORMAL,,theme6+0.0,1,37.0,1,0,USTore TBS AUG-DEC 2024.xlsx,AUG 2024 - TBS,colour
2024-08-10,UNKNOWN,,,0,0.0,0,0,calendar_ranges.csv (via Dim_Date),,calendar
2024-08-11,UNKNOWN,,,0,0.0,0,0,calendar_ranges.csv (via Dim_Date),,calendar
2024-08-12,UNKNOWN,,,0,0.0,0,0,calendar_ranges.csv (via Dim_Date),,calendar
2024-08-13,UNKNOWN,,,0,0.0,0,0,calendar_ranges.csv (via Dim_Date),,calendar
2024-08-14,UNKNOWN,,,0,0.0,0,0,calendar_ranges.csv (via Dim_Date),,calendar
2024-08-15,UNKNOWN,,,0,0.0,0,0,calendar_ranges.csv (via Dim_Date),,calendar
2024-08-16,NORMAL,,theme6+0.0,1,144.0,1,0,USTore TBS AUG-DEC 2024.xlsx,AUG 2024 - TBS,colour
2024-08-17,UNKNOWN,,,0,0.0,0,0,calendar_ranges.csv (via Dim_Date),,calendar
2024-08-18,UNKNOWN,,,0,0.0,0,0,calendar_ranges.csv (via Dim_Date),,calendar
2024-08-19,UNKNOWN,,,0,0.0,0,0,calendar_ranges.csv (via Dim_Date),,calendar
2024-08-20,UNKNOWN,,,0,0.0,0,0,calendar_ranges.csv (via Dim_Date),,calendar
2024-08-21,CLOSED,,,0,0.0,0,1,calendar_ranges.csv (via Dim_Date),,calendar
2024-08-22,NORMAL,,theme6+0.0,1,17.0,1,0,USTore TBS AUG-DEC 2024.xlsx,AUG 2024 - TBS,colour
2024-08-23,UNKNOWN,,,0,0.0,0,0,calendar_ranges.csv (via Dim_Date),,calendar
2024-08-24,UNKNOWN,,,0,0.0,0,0,calendar_ranges.csv (via Dim_Date),,calendar
2024-08-25,UNKNOWN,,,0,0.0,0,0,calendar_ranges.csv (via Dim_Date),,calendar
2024-08-26,CLOSED,,,0,0.0,0,1,calendar_ranges.csv (via Dim_Date),,calendar
2024-08-27,UNKNOWN,,,0,0.0,0,0,calendar_ranges.csv (via Dim_Date),,calendar
2024-08-28,UNKNOWN,,,0,0.0,0,0,calendar_ranges.csv (via Dim_Date),,calendar
2024-08-29,UNKNOWN,,,0,0.0,0,0,calendar_ranges.csv (via Dim_Date),,calendar
2024-08-30,UNKNOWN,,,0,0.0,0,0,calendar_ranges.csv (via Dim_Date),,calendar
2024-08-31,UNKNOWN,,,0,0.0,0,0,calendar_ranges.csv (via Dim_Date),,calendar
2024-09-01,UNKNOWN,,,0,0.0,0,0,calendar_ranges.csv (via Dim_Date),,calendar
2024-09-02,UNKNOWN,,,0,0.0,0,0,calendar_ranges.csv (via Dim_Date),,calendar
2024-09-03,UNKNOWN,,,0,0.0,0,0,calendar_ranges.csv (via Dim_Date),,calendar
2024-09-04,UNKNOWN,,,0,0.0,0,0,calendar_ranges.csv (via Dim_Date),,calendar
2024-09-05,UNKNOWN,,,0,0.0,0,0,calendar_ranges.csv (via Dim_Date),,calendar
2024-09-06,UNKNOWN,,,0,0.0,0,0,calendar_ranges.csv (via Dim_Date),,calendar
2024-09-07,UNKNOWN,,,0,0.0,0,0,calendar_ranges.csv (via Dim_Date),,calendar
2024-09-08,UNKNOWN,,,0,0.0,0,0,calendar_ranges.csv (via Dim_Date),,calendar
2024-09-09,UNKNOWN,,,0,0.0,0,0,calendar_ranges.csv (via Dim_Date),,calendar
2024-09-10,UNKNOWN,,,0,0.0,0,0,calendar_ranges.csv (via Dim_Date),,calendar
2024-09-11,UNKNOWN,,,0,0.0,0,0,calendar_ranges.csv (via Dim_Date),,calendar
2024-09-12,UNKNOWN,,,0,0.0,0,0,calendar_ranges.csv (via Dim_Date),,calendar
2024-09-13,UNKNOWN,,,0,0.0,0,0,calendar_ranges.csv (via Dim_Date),,calendar
2024-09-14,UNKNOWN,,,0,0.0,0,0,calendar_ranges.csv (via Dim_Date),,calendar
2024-09-15,UNKNOWN,,,0,0.0,0,0,calendar_ranges.csv (via Dim_Date),,calendar
2024-09-16,UNKNOWN,,,0,0.0,0,0,calendar_ranges.csv (via Dim_Date),,calendar
2024-09-17,NORMAL,,theme6+0.0,1,46.0,1,0,USTore TBS AUG-DEC 2024.xlsx,SEPT 2024 - TBS,colour
2024-09-18,NORMAL,,theme6+0.0,1,132.0,1,0,USTore TBS AUG-DEC 2024.xlsx,SEPT 2024 - TBS,colour
2024-09-19,NORMAL,,theme6+0.0,1,88.0,1,0,USTore TBS AUG-DEC 2024.xlsx,SEPT 2024 - TBS,colour
2024-09-20,UNKNOWN,,,0,0.0,0,0,calendar_ranges.csv (via Dim_Date),,calendar
2024-09-21,UNKNOWN,,,0,0.0,0,0,calendar_ranges.csv (via Dim_Date),,calendar
2024-09-22,UNKNOWN,,,0,0.0,0,0,calendar_ranges.csv (via Dim_Date),,calendar
2024-09-23,UNKNOWN,,,0,0.0,0,0,calendar_ranges.csv (via Dim_Date),,calendar
2024-09-24,UNKNOWN,,,0,0.0,0,0,calendar_ranges.csv (via Dim_Date),,calendar
2024-09-25,UNKNOWN,,,0,0.0,0,0,calendar_ranges.csv (via Dim_Date),,calendar
2024-09-26,UNKNOWN,,,0,0.0,0,0,calendar_ranges.csv (via Dim_Date),,calendar
2024-09-27,UNKNOWN,,,0,0.0,0,0,calendar_ranges.csv (via Dim_Date),,calendar
2024-09-28,UNKNOWN,,,0,0.0,0,0,calendar_ranges.csv (via Dim_Date),,calendar
2024-09-29,UNKNOWN,,,0,0.0,0,0,calendar_ranges.csv (via Dim_Date),,calendar
2024-09-30,UNKNOWN,,,0,0.0,0,0,calendar_ranges.csv (via Dim_Date),,calendar
2024-10-01,NORMAL,,theme6+0.0,1,124.0,1,0,USTore TBS AUG-DEC 2024.xlsx,OCT 2024 - TBS,colour
2024-10-02,NORMAL,,theme6+0.0,1,106.0,1,0,USTore TBS AUG-DEC 2024.xlsx,OCT 2024 - TBS,colour
2024-10-03,NORMAL,,theme6+0.0,1,181.0,1,0,USTore TBS AUG-DEC 2024.xlsx,OCT 2024 - TBS,colour
2024-10-04,NORMAL,,theme6+0.0,1,34.0,1,0,USTore TBS AUG-DEC 2024.xlsx,OCT 2024 - TBS,colour
2024-10-05,NORMAL,,FFA4C2F4,0,0.0,1,0,USTore TBS AUG-DEC 2024.xlsx,OCT 2024 - TBS,colour
2024-10-06,NORMAL,,FFA4C2F4,0,0.0,1,0,USTore TBS AUG-DEC 2024.xlsx,OCT 2024 - TBS,colour
2024-10-07,NORMAL,,theme6+0.0,1,107.0,1,0,USTore TBS AUG-DEC 2024.xlsx,OCT 2024 - TBS,colour
2024-10-08,NORMAL,,theme6+0.0,1,168.0,1,0,USTore TBS AUG-DEC 2024.xlsx,OCT 2024 - TBS,colour
2024-10-09,NORMAL,,theme6+0.0,1,155.0,1,0,USTore TBS AUG-DEC 2024.xlsx,OCT 2024 - TBS,colour
2024-10-10,NORMAL,,theme6+0.0,1,146.0,1,0,USTore TBS AUG-DEC 2024.xlsx,OCT 2024 - TBS,colour
2024-10-11,NORMAL,,theme6+0.0,1,132.0,1,0,USTore TBS AUG-DEC 2024.xlsx,OCT 2024 - TBS,colour
2024-10-12,NORMAL,,FF9FC5E8,0,0.0,1,0,USTore TBS AUG-DEC 2024.xlsx,OCT 2024 - TBS,colour
2024-10-13,NORMAL,,FF9FC5E8,0,0.0,1,0,USTore TBS AUG-DEC 2024.xlsx,OCT 2024 - TBS,colour
2024-10-14,NORMAL,,FFEA9999,0,0.0,1,0,USTore TBS AUG-DEC 2024.xlsx,OCT 2024 - TBS,colour
2024-10-15,NORMAL,,FFEA9999,0,0.0,1,0,USTore TBS AUG-DEC 2024.xlsx,OCT 2024 - TBS,colour
2024-10-16,NORMAL,,theme6+0.0,1,176.0,1,0,USTore TBS AUG-DEC 2024.xlsx,OCT 2024 - TBS,colour
2024-10-17,NORMAL,,theme6+0.0,1,200.0,1,0,USTore TBS AUG-DEC 2024.xlsx,OCT 2024 - TBS,colour
2024-10-18,NORMAL,,theme6+0.0,1,223.0,1,0,USTore TBS AUG-DEC 2024.xlsx,OCT 2024 - TBS,colour
2024-10-19,NORMAL,,theme6+0.0,1,279.0,1,0,USTore TBS AUG-DEC 2024.xlsx,OCT 2024 - TBS,colour
2024-10-20,NORMAL,,theme6+0.0,1,664.0,1,0,USTore TBS AUG-DEC 2024.xlsx,OCT 2024 - TBS,colour
2024-10-21,UNKNOWN,,,0,0.0,0,0,calendar_ranges.csv (via Dim_Date),,calendar
2024-10-22,UNKNOWN,,,0,0.0,0,0,calendar_ranges.csv (via Dim_Date),,calendar
2024-10-23,UNKNOWN,,,0,0.0,0,0,calendar_ranges.csv (via Dim_Date),,calendar
2024-10-24,UNKNOWN,,,0,0.0,0,0,calendar_ranges.csv (via Dim_Date),,calendar
2024-10-25,UNKNOWN,,,0,0.0,0,0,calendar_ranges.csv (via Dim_Date),,calendar
2024-10-26,UNKNOWN,,,0,0.0,0,0,calendar_ranges.csv (via Dim_Date),,calendar
2024-10-27,UNKNOWN,,,0,0.0,0,0,calendar_ranges.csv (via Dim_Date),,calendar
2024-10-28,CLOSED,,,0,0.0,0,1,calendar_ranges.csv (via Dim_Date),,calendar
2024-10-29,CLOSED,,,0,0.0,0,1,calendar_ranges.csv (via Dim_Date),,calendar
2024-10-30,CLOSED,,,0,0.0,0,1,calendar_ranges.csv (via Dim_Date),,calendar
2024-10-31,CLOSED,,,0,0.0,0,1,calendar_ranges.csv (via Dim_Date),,calendar
2024-11-01,CLOSED,,,0,0.0,0,1,calendar_ranges.csv (via Dim_Date),,calendar
2024-11-02,CLOSED,,,0,0.0,0,1,calendar_ranges.csv (via Dim_Date),,calendar
2024-11-03,NORMAL,,theme6+0.0,1,42.0,1,0,USTore TBS AUG-DEC 2024.xlsx,NOV 2024 - TBS,colour
2024-11-04,NORMAL,,theme6+0.0,1,99.0,1,0,USTore TBS AUG-DEC 2024.xlsx,NOV 2024 - TBS,colour
2024-11-05,NORMAL,,theme6+0.0,1,166.0,1,0,USTore TBS AUG-DEC 2024.xlsx,NOV 2024 - TBS,colour
2024-11-06,NORMAL,,theme6+0.0,1,106.0,1,0,USTore TBS AUG-DEC 2024.xlsx,NOV 2024 - TBS,colour
2024-11-07,NORMAL,,theme6+0.0,1,83.0,1,0,USTore TBS AUG-DEC 2024.xlsx,NOV 2024 - TBS,colour
2024-11-08,NORMAL,,FFD5A6BD,1,148.0,1,0,USTore TBS AUG-DEC 2024.xlsx,NOV 2024 - TBS,colour
2024-11-09,NORMAL,,FF3D85C6,0,0.0,1,0,USTore TBS AUG-DEC 2024.xlsx,NOV 2024 - TBS,colour
2024-11-10,NORMAL,,FF3D85C6,0,0.0,1,0,USTore TBS AUG-DEC 2024.xlsx,NOV 2024 - TBS,colour
2024-11-11,NORMAL,,FFCC4125,0,0.0,1,0,USTore TBS AUG-DEC 2024.xlsx,NOV 2024 - TBS,colour
2024-11-12,NORMAL,,theme6+0.0,1,113.0,1,0,USTore TBS AUG-DEC 2024.xlsx,NOV 2024 - TBS,colour
2024-11-13,NORMAL,,theme6+0.0,1,132.0,1,0,USTore TBS AUG-DEC 2024.xlsx,NOV 2024 - TBS,colour
2024-11-14,NORMAL,,theme6+0.0,1,91.0,1,0,USTore TBS AUG-DEC 2024.xlsx,NOV 2024 - TBS,colour
2024-11-15,NORMAL,,theme6+0.0,1,80.0,1,0,USTore TBS AUG-DEC 2024.xlsx,NOV 2024 - TBS,colour
2024-11-16,NORMAL,,FF3C78D8,0,0.0,1,0,USTore TBS AUG-DEC 2024.xlsx,NOV 2024 - TBS,colour
2024-11-17,NORMAL,,FF3C78D8,0,0.0,1,0,USTore TBS AUG-DEC 2024.xlsx,NOV 2024 - TBS,colour
2024-11-18,NORMAL,,FFCC4125,0,0.0,1,0,USTore TBS AUG-DEC 2024.xlsx,NOV 2024 - TBS,colour
2024-11-19,NORMAL,,theme6+0.0,1,110.0,1,0,USTore TBS AUG-DEC 2024.xlsx,NOV 2024 - TBS,colour
2024-11-20,NORMAL,,theme6+0.0,1,99.0,1,0,USTore TBS AUG-DEC 2024.xlsx,NOV 2024 - TBS,colour
2024-11-21,NORMAL,,theme6+0.0,1,115.0,1,0,USTore TBS AUG-DEC 2024.xlsx,NOV 2024 - TBS,colour
2024-11-22,NORMAL,,theme6+0.0,1,138.0,1,0,USTore TBS AUG-DEC 2024.xlsx,NOV 2024 - TBS,colour
2024-11-23,NORMAL,,theme4+0.0,0,0.0,1,0,USTore TBS AUG-DEC 2024.xlsx,NOV 2024 - TBS,colour
2024-11-24,NORMAL,,theme4+0.0,0,0.0,1,0,USTore TBS AUG-DEC 2024.xlsx,NOV 2024 - TBS,colour
2024-11-25,NORMAL,,theme6+0.0,1,94.0,1,0,USTore TBS AUG-DEC 2024.xlsx,NOV 2024 - TBS,colour
2024-11-26,NORMAL,,theme6+0.0,1,110.0,1,0,USTore TBS AUG-DEC 2024.xlsx,NOV 2024 - TBS,colour
2024-11-27,NORMAL,,theme6+0.0,1,128.0,1,0,USTore TBS AUG-DEC 2024.xlsx,NOV 2024 - TBS,colour
2024-11-28,NORMAL,,theme6+0.0,1,40.0,1,0,USTore TBS AUG-DEC 2024.xlsx,NOV 2024 - TBS,colour
2024-11-29,NORMAL,,theme6+0.0,1,109.0,1,0,USTore TBS AUG-DEC 2024.xlsx,NOV 2024 - TBS,colour
2024-11-30,CLOSED,,,0,0.0,0,1,calendar_ranges.csv (via Dim_Date),,calendar
2024-12-01,UNKNOWN,,,0,0.0,0,0,calendar_ranges.csv (via Dim_Date),,calendar
2024-12-02,NORMAL,,theme6+0.0,1,127.0,1,0,USTore TBS AUG-DEC 2024.xlsx,DEC 2024 - TBS,colour
2024-12-03,NORMAL,,theme6+0.0,1,48.0,1,0,USTore TBS AUG-DEC 2024.xlsx,DEC 2024 - TBS,colour
2024-12-04,NORMAL,,theme6+0.0,1,174.0,1,0,USTore TBS AUG-DEC 2024.xlsx,DEC 2024 - TBS,colour
2024-12-05,NORMAL,,FFA61C00,0,0.0,1,0,USTore TBS AUG-DEC 2024.xlsx,DEC 2024 - TBS,colour
2024-12-06,NORMAL,,theme6+0.0,1,180.0,1,0,USTore TBS AUG-DEC 2024.xlsx,DEC 2024 - TBS,colour
2024-12-07,NORMAL,,theme6+0.0,1,33.0,1,0,USTore TBS AUG-DEC 2024.xlsx,DEC 2024 - TBS,colour
2024-12-08,NORMAL,,FFFF0000,0,0.0,1,0,USTore TBS AUG-DEC 2024.xlsx,DEC 2024 - TBS,colour
2024-12-09,NORMAL,,theme6+0.0,1,106.0,1,0,USTore TBS AUG-DEC 2024.xlsx,DEC 2024 - TBS,colour
2024-12-10,NORMAL,,theme6+0.0,1,230.0,1,0,USTore TBS AUG-DEC 2024.xlsx,DEC 2024 - TBS,colour
2024-12-11,NORMAL,,theme6+0.0,1,104.0,1,0,USTore TBS AUG-DEC 2024.xlsx,DEC 2024 - TBS,colour
2024-12-12,NORMAL,,theme6+0.0,1,107.0,1,0,USTore TBS AUG-DEC 2024.xlsx,DEC 2024 - TBS,colour
2024-12-13,NORMAL,,theme6+0.0,1,154.0,1,0,USTore TBS AUG-DEC 2024.xlsx,DEC 2024 - TBS,colour
2024-12-14,NORMAL,,FF980000,0,0.0,1,0,USTore TBS AUG-DEC 2024.xlsx,DEC 2024 - TBS,colour
2024-12-15,NORMAL,,FFFF9900,1,621.0,1,0,USTore TBS AUG-DEC 2024.xlsx,DEC 2024 - TBS,colour
2024-12-16,NORMAL,,FFFF0000,0,0.0,1,0,USTore TBS AUG-DEC 2024.xlsx,DEC 2024 - TBS,colour
2024-12-17,NORMAL,,FFFF0000,0,0.0,1,0,USTore TBS AUG-DEC 2024.xlsx,DEC 2024 - TBS,colour
2024-12-18,NORMAL,,theme6+0.0,1,122.0,1,0,USTore TBS AUG-DEC 2024.xlsx,DEC 2024 - TBS,colour
2024-12-19,NORMAL,,theme6+0.0,1,1252.0,1,0,USTore TBS AUG-DEC 2024.xlsx,DEC 2024 - TBS,colour
2024-12-20,NORMAL,,theme6+0.0,1,406.0,1,0,USTore TBS AUG-DEC 2024.xlsx,DEC 2024 - TBS,colour
2024-12-21,NORMAL,,theme6+0.0,0,0.0,1,0,USTore TBS AUG-DEC 2024.xlsx,DEC 2024 - TBS,colour
2024-12-22,UNKNOWN,,,0,0.0,0,0,calendar_ranges.csv (via Dim_Date),,calendar
2024-12-23,CLOSED,,,0,0.0,0,1,calendar_ranges.csv (via Dim_Date),,calendar
2024-12-24,CLOSED,,,0,0.0,0,1,calendar_ranges.csv (via Dim_Date),,calendar
2024-12-25,CLOSED,,,0,0.0,0,1,calendar_ranges.csv (via Dim_Date),,calendar
2024-12-26,CLOSED,,,0,0.0,0,1,calendar_ranges.csv (via Dim_Date),,calendar
2024-12-27,CLOSED,,,0,0.0,0,1,calendar_ranges.csv (via Dim_Date),,calendar
2024-12-28,CLOSED,,,0,0.0,0,1,calendar_ranges.csv (via Dim_Date),,calendar
2024-12-29,CLOSED,,,0,0.0,0,1,calendar_ranges.csv (via Dim_Date),,calendar
2024-12-30,CLOSED,,,0,0.0,0,1,calendar_ranges.csv (via Dim_Date),,calendar
2024-12-31,CLOSED,,,0,0.0,0,1,calendar_ranges.csv (via Dim_Date),,calendar
2025-01-01,CLOSED,,,0,0.0,0,1,calendar_ranges.csv (via Dim_Date),,calendar
2025-01-02,CLOSED,,,0,0.0,0,1,calendar_ranges.csv (via Dim_Date),,calendar
2025-01-03,CLOSED,,,0,0.0,0,1,calendar_ranges.csv (via Dim_Date),,calendar
2025-01-04,CLOSED,,,0,0.0,0,1,calendar_ranges.csv (via Dim_Date),,calendar
2025-01-05,CLOSED,,,0,0.0,0,1,calendar_ranges.csv (via Dim_Date),,calendar
2025-01-06,CLOSED,,,0,0.0,0,1,calendar_ranges.csv (via Dim_Date),,calendar
2025-01-07,NORMAL,,theme6+0.0,1,26.0,1,0,2025 USTore TBS.xlsx,JAN 2025 - TBS,colour
2025-01-08,NORMAL,,theme6+0.0,1,25.0,1,0,2025 USTore TBS.xlsx,JAN 2025 - TBS,colour
2025-01-09,NORMAL,,theme6+0.0,0,0.0,1,0,2025 USTore TBS.xlsx,JAN 2025 - TBS,colour
2025-01-10,NORMAL,,theme6+0.0,1,34.0,1,0,2025 USTore TBS.xlsx,JAN 2025 - TBS,colour
2025-01-11,NORMAL,,FFFF0000,0,0.0,1,0,2025 USTore TBS.xlsx,JAN 2025 - TBS,colour
2025-01-12,NORMAL,,theme6+0.0,1,911.0,1,0,2025 USTore TBS.xlsx,JAN 2025 - TBS,colour
2025-01-13,NORMAL,,FFFF0000,0,0.0,1,0,2025 USTore TBS.xlsx,JAN 2025 - TBS,colour
2025-01-14,NORMAL,,FFFF0000,0,0.0,1,0,2025 USTore TBS.xlsx,JAN 2025 - TBS,colour
2025-01-15,NORMAL,,theme6+0.0,1,102.0,1,0,2025 USTore TBS.xlsx,JAN 2025 - TBS,colour
2025-01-16,NORMAL,,theme6+0.0,1,119.0,1,0,2025 USTore TBS.xlsx,JAN 2025 - TBS,colour
2025-01-17,NORMAL,,theme6+0.0,1,62.0,1,0,2025 USTore TBS.xlsx,JAN 2025 - TBS,colour
2025-01-18,NORMAL,,theme6+0.0,1,17.0,1,0,2025 USTore TBS.xlsx,JAN 2025 - TBS,colour
2025-01-19,NORMAL,,theme6+0.0,0,0.0,1,0,2025 USTore TBS.xlsx,JAN 2025 - TBS,colour
2025-01-20,NORMAL,,theme6+0.0,1,54.0,1,0,2025 USTore TBS.xlsx,JAN 2025 - TBS,colour
2025-01-21,NORMAL,,theme6+0.0,1,69.0,1,0,2025 USTore TBS.xlsx,JAN 2025 - TBS,colour
2025-01-22,NORMAL,,theme6+0.0,1,68.0,1,0,2025 USTore TBS.xlsx,JAN 2025 - TBS,colour
2025-01-23,NORMAL,,theme6+0.0,1,744.0,1,0,2025 USTore TBS.xlsx,JAN 2025 - TBS,colour
2025-01-24,NORMAL,,theme6+0.0,1,64.0,1,0,2025 USTore TBS.xlsx,JAN 2025 - TBS,colour
2025-01-25,NORMAL,,theme6+0.0,1,25.0,1,0,2025 USTore TBS.xlsx,JAN 2025 - TBS,colour
2025-01-26,NORMAL,,FFFF0000,0,0.0,1,0,2025 USTore TBS.xlsx,JAN 2025 - TBS,colour
2025-01-27,NORMAL,,theme6+0.0,1,64.0,1,0,2025 USTore TBS.xlsx,JAN 2025 - TBS,colour
2025-01-28,NORMAL,,FFFF0000,0,0.0,1,0,2025 USTore TBS.xlsx,JAN 2025 - TBS,colour
2025-01-29,NORMAL,,FF00FF00,1,64.0,1,0,2025 USTore TBS.xlsx,JAN 2025 - TBS,colour
2025-01-30,NORMAL,,theme6+0.0,1,118.0,1,0,2025 USTore TBS.xlsx,JAN 2025 - TBS,colour
2025-01-31,NORMAL,,FFFFE599,1,360.0,1,0,2025 USTore TBS.xlsx,JAN 2025 - TBS,colour
2025-02-01,UNKNOWN,,,0,0.0,0,0,calendar_ranges.csv (via Dim_Date),,calendar
2025-02-02,UNKNOWN,,,0,0.0,0,0,calendar_ranges.csv (via Dim_Date),,calendar
2025-02-03,NORMAL,,theme6+0.0,1,78.0,1,0,2025 USTore TBS.xlsx,FEB 2025 - TBS,colour
2025-02-04,NORMAL,,theme6+0.0,1,39.0,1,0,2025 USTore TBS.xlsx,FEB 2025 - TBS,colour
2025-02-05,NORMAL,,theme6+0.0,1,106.0,1,0,2025 USTore TBS.xlsx,FEB 2025 - TBS,colour
2025-02-06,NORMAL,,theme6+0.0,1,98.0,1,0,2025 USTore TBS.xlsx,FEB 2025 - TBS,colour
2025-02-07,NORMAL,,theme6+0.0,1,130.0,1,0,2025 USTore TBS.xlsx,FEB 2025 - TBS,colour
2025-02-08,NORMAL,,FFFF0000,0,0.0,1,0,2025 USTore TBS.xlsx,FEB 2025 - TBS,colour
2025-02-09,NORMAL,,FF6AA84F,1,788.0,1,0,2025 USTore TBS.xlsx,FEB 2025 - TBS,colour
2025-02-10,NORMAL,,theme6+0.0,1,97.0,1,0,2025 USTore TBS.xlsx,FEB 2025 - TBS,colour
2025-02-11,NORMAL,,theme6+0.0,1,81.0,1,0,2025 USTore TBS.xlsx,FEB 2025 - TBS,colour
2025-02-12,NORMAL,,theme6+0.0,1,99.0,1,0,2025 USTore TBS.xlsx,FEB 2025 - TBS,colour
2025-02-13,NORMAL,,theme6+0.0,1,109.0,1,0,2025 USTore TBS.xlsx,FEB 2025 - TBS,colour
2025-02-14,NORMAL,,theme6+0.0,1,83.0,1,0,2025 USTore TBS.xlsx,FEB 2025 - TBS,colour
2025-02-15,NORMAL,,FFFF0000,0,0.0,1,0,2025 USTore TBS.xlsx,FEB 2025 - TBS,colour
2025-02-16,NORMAL,,FFFF0000,0,0.0,1,0,2025 USTore TBS.xlsx,FEB 2025 - TBS,colour
2025-02-17,NORMAL,,theme6+0.0,1,46.0,1,0,2025 USTore TBS.xlsx,FEB 2025 - TBS,colour
2025-02-18,NORMAL,,theme6+0.0,1,55.0,1,0,2025 USTore TBS.xlsx,FEB 2025 - TBS,colour
2025-02-19,NORMAL,,theme6+0.0,1,184.0,1,0,2025 USTore TBS.xlsx,FEB 2025 - TBS,colour
2025-02-20,NORMAL,,theme6+0.0,1,90.0,1,0,2025 USTore TBS.xlsx,FEB 2025 - TBS,colour
2025-02-21,NORMAL,,theme6+0.0,1,93.0,1,0,2025 USTore TBS.xlsx,FEB 2025 - TBS,colour
2025-02-22,NORMAL,,FFFF0000,0,0.0,1,0,2025 USTore TBS.xlsx,FEB 2025 - TBS,colour
2025-02-23,NORMAL,,FFFF0000,0,0.0,1,0,2025 USTore TBS.xlsx,FEB 2025 - TBS,colour
2025-02-24,NORMAL,,theme6+0.0,1,107.0,1,0,2025 USTore TBS.xlsx,FEB 2025 - TBS,colour
2025-02-25,NORMAL,,FFFF0000,0,0.0,1,0,2025 USTore TBS.xlsx,FEB 2025 - TBS,colour
2025-02-26,NORMAL,,theme6+0.0,1,107.0,1,0,2025 USTore TBS.xlsx,FEB 2025 - TBS,colour
2025-02-27,NORMAL,,theme6+0.0,1,78.0,1,0,2025 USTore TBS.xlsx,FEB 2025 - TBS,colour
2025-02-28,NORMAL,,theme6+0.0,1,146.0,1,0,2025 USTore TBS.xlsx,FEB 2025 - TBS,colour
2025-03-01,UNKNOWN,,,0,0.0,0,0,calendar_ranges.csv (via Dim_Date),,calendar
2025-03-02,UNKNOWN,,,0,0.0,0,0,calendar_ranges.csv (via Dim_Date),,calendar
2025-03-03,NORMAL,,theme6+0.0,1,35.0,1,0,2025 USTore TBS.xlsx,MAR 2025 - TBS,colour
2025-03-04,NORMAL,,FFFF0000,0,0.0,1,0,2025 USTore TBS.xlsx,MAR 2025 - TBS,colour
2025-03-05,NORMAL,,theme6+0.0,1,89.0,1,0,2025 USTore TBS.xlsx,MAR 2025 - TBS,colour
2025-03-06,NORMAL,,theme6+0.0,1,109.0,1,0,2025 USTore TBS.xlsx,MAR 2025 - TBS,colour
2025-03-07,NORMAL,,theme6+0.0,1,149.0,1,0,2025 USTore TBS.xlsx,MAR 2025 - TBS,colour
2025-03-08,NORMAL,,theme6+0.0,1,93.0,1,0,2025 USTore TBS.xlsx,MAR 2025 - TBS,colour
2025-03-09,NORMAL,,FFFF0000,0,0.0,1,0,2025 USTore TBS.xlsx,MAR 2025 - TBS,colour
2025-03-10,NORMAL,,theme6+0.0,1,43.0,1,0,2025 USTore TBS.xlsx,MAR 2025 - TBS,colour
2025-03-11,NORMAL,,theme6+0.0,1,75.0,1,0,2025 USTore TBS.xlsx,MAR 2025 - TBS,colour
2025-03-12,NORMAL,,theme6+0.0,1,215.0,1,0,2025 USTore TBS.xlsx,MAR 2025 - TBS,colour
2025-03-13,NORMAL,,theme6+0.0,1,84.0,1,0,2025 USTore TBS.xlsx,MAR 2025 - TBS,colour
2025-03-14,NORMAL,,theme6+0.0,1,168.0,1,0,2025 USTore TBS.xlsx,MAR 2025 - TBS,colour
2025-03-15,NORMAL,,theme6+0.0,1,58.0,1,0,2025 USTore TBS.xlsx,MAR 2025 - TBS,colour
2025-03-16,NORMAL,,FFFF0000,0,0.0,1,0,2025 USTore TBS.xlsx,MAR 2025 - TBS,colour
2025-03-17,NORMAL,,theme6+0.0,1,78.0,1,0,2025 USTore TBS.xlsx,MAR 2025 - TBS,colour
2025-03-18,NORMAL,,theme6+0.0,1,85.0,1,0,2025 USTore TBS.xlsx,MAR 2025 - TBS,colour
2025-03-19,NORMAL,,theme6+0.0,1,104.0,1,0,2025 USTore TBS.xlsx,MAR 2025 - TBS,colour
2025-03-20,NORMAL,,theme6+0.0,1,85.0,1,0,2025 USTore TBS.xlsx,MAR 2025 - TBS,colour
2025-03-21,NORMAL,,theme6+0.0,1,102.0,1,0,2025 USTore TBS.xlsx,MAR 2025 - TBS,colour
2025-03-22,NORMAL,,theme6+0.0,1,57.0,1,0,2025 USTore TBS.xlsx,MAR 2025 - TBS,colour
2025-03-23,NORMAL,,FFFF0000,0,0.0,1,0,2025 USTore TBS.xlsx,MAR 2025 - TBS,colour
2025-03-24,NORMAL,,FFFF0000,0,0.0,1,0,2025 USTore TBS.xlsx,MAR 2025 - TBS,colour
2025-03-25,NORMAL,,theme6+0.0,1,509.0,1,0,2025 USTore TBS.xlsx,MAR 2025 - TBS,colour
2025-03-26,NORMAL,,theme6+0.0,1,86.0,1,0,2025 USTore TBS.xlsx,MAR 2025 - TBS,colour
2025-03-27,NORMAL,,theme6+0.0,1,256.0,1,0,2025 USTore TBS.xlsx,MAR 2025 - TBS,colour
2025-03-28,NORMAL,,theme6+0.0,1,139.0,1,0,2025 USTore TBS.xlsx,MAR 2025 - TBS,colour
2025-03-29,NORMAL,,theme6+0.0,1,40.0,1,0,2025 USTore TBS.xlsx,MAR 2025 - TBS,colour
2025-03-30,NORMAL,,FFFF0000,0,0.0,1,0,2025 USTore TBS.xlsx,MAR 2025 - TBS,colour
2025-03-31,NORMAL,,theme6+0.0,1,141.0,1,0,2025 USTore TBS.xlsx,MAR 2025 - TBS,colour
2025-04-01,UNKNOWN,,,0,0.0,0,0,calendar_ranges.csv (via Dim_Date),,calendar
2025-04-02,NORMAL,,theme6+0.0,1,179.0,1,0,2025 USTore TBS.xlsx,APR 2025 - TBS,colour
2025-04-03,NORMAL,,theme6+0.0,1,118.0,1,0,2025 USTore TBS.xlsx,APR 2025 - TBS,colour
2025-04-04,NORMAL,,theme6+0.0,1,95.0,1,0,2025 USTore TBS.xlsx,APR 2025 - TBS,colour
2025-04-05,NORMAL,,theme6+0.0,1,40.0,1,0,2025 USTore TBS.xlsx,APR 2025 - TBS,colour
2025-04-06,NORMAL,,FFFF0000,0,0.0,1,0,2025 USTore TBS.xlsx,APR 2025 - TBS,colour
2025-04-07,NORMAL,,theme6+0.0,1,87.0,1,0,2025 USTore TBS.xlsx,APR 2025 - TBS,colour
2025-04-08,NORMAL,,theme6+0.0,1,66.0,1,0,2025 USTore TBS.xlsx,APR 2025 - TBS,colour
2025-04-09,NORMAL,,FFFF0000,0,0.0,1,0,2025 USTore TBS.xlsx,APR 2025 - TBS,colour
2025-04-10,NORMAL,,theme6+0.0,1,105.0,1,0,2025 USTore TBS.xlsx,APR 2025 - TBS,colour
2025-04-11,NORMAL,,theme6+0.0,1,174.0,1,0,2025 USTore TBS.xlsx,APR 2025 - TBS,colour
2025-04-12,NORMAL,,FF00FF00,0,0.0,1,0,2025 USTore TBS.xlsx,APR 2025 - TBS,colour
2025-04-13,NORMAL,,FFFF0000,0,0.0,1,0,2025 USTore TBS.xlsx,APR 2025 - TBS,colour
2025-04-14,NORMAL,,FFFF0000,0,0.0,1,0,2025 USTore TBS.xlsx,APR 2025 - TBS,colour
2025-04-15,NORMAL,,FFFF0000,0,0.0,1,0,2025 USTore TBS.xlsx,APR 2025 - TBS,colour
2025-04-16,NORMAL,,FFFF0000,0,0.0,1,0,2025 USTore TBS.xlsx,APR 2025 - TBS,colour
2025-04-17,NORMAL,,FFFF0000,0,0.0,1,0,2025 USTore TBS.xlsx,APR 2025 - TBS,colour
2025-04-18,NORMAL,,FFFF0000,0,0.0,1,0,2025 USTore TBS.xlsx,APR 2025 - TBS,colour
2025-04-19,NORMAL,,FFFF0000,0,0.0,1,0,2025 USTore TBS.xlsx,APR 2025 - TBS,colour
2025-04-20,NORMAL,,FFFF0000,0,0.0,1,0,2025 USTore TBS.xlsx,APR 2025 - TBS,colour
2025-04-21,NORMAL,,FFFF0000,0,0.0,1,0,2025 USTore TBS.xlsx,APR 2025 - TBS,colour
2025-04-22,NORMAL,,theme6+0.0,1,198.0,1,0,2025 USTore TBS.xlsx,APR 2025 - TBS,colour
2025-04-23,NORMAL,,theme6+0.0,1,45.0,1,0,2025 USTore TBS.xlsx,APR 2025 - TBS,colour
2025-04-24,NORMAL,,FFFF0000,0,0.0,1,0,2025 USTore TBS.xlsx,APR 2025 - TBS,colour
2025-04-25,NORMAL,,theme6+0.0,1,153.0,1,0,2025 USTore TBS.xlsx,APR 2025 - TBS,colour
2025-04-26,NORMAL,,theme6+0.0,1,96.0,1,0,2025 USTore TBS.xlsx,APR 2025 - TBS,colour
2025-04-27,NORMAL,,FFFF0000,0,0.0,1,0,2025 USTore TBS.xlsx,APR 2025 - TBS,colour
2025-04-28,NORMAL,,theme6+0.0,1,68.0,1,0,2025 USTore TBS.xlsx,APR 2025 - TBS,colour
2025-04-29,NORMAL,,theme6+0.0,1,134.0,1,0,2025 USTore TBS.xlsx,APR 2025 - TBS,colour
2025-04-30,NORMAL,,theme6+0.0,1,241.0,1,0,2025 USTore TBS.xlsx,APR 2025 - TBS,colour
2025-05-01,CLOSED,,,0,0.0,0,1,calendar_ranges.csv (via Dim_Date),,calendar
2025-05-02,NORMAL,,theme6+0.0,1,710.0,1,0,2025 USTore TBS.xlsx,MAY 2025 - TBS,colour
2025-05-03,NORMAL,,theme6+0.0,1,108.0,1,0,2025 USTore TBS.xlsx,MAY 2025 - TBS,colour
2025-05-04,CLOSED,NO OPERATION,FFFF0000,0,0.0,0,1,2025 USTore TBS.xlsx,MAY 2025 - TBS,colour
2025-05-05,NORMAL,,theme6+0.0,1,145.0,1,0,2025 USTore TBS.xlsx,MAY 2025 - TBS,colour
2025-05-06,NORMAL,,theme6+0.0,1,178.0,1,0,2025 USTore TBS.xlsx,MAY 2025 - TBS,colour
2025-05-07,NORMAL,,theme6+0.0,1,158.0,1,0,2025 USTore TBS.xlsx,MAY 2025 - TBS,colour
2025-05-08,NORMAL,,theme6+0.0,1,91.0,1,0,2025 USTore TBS.xlsx,MAY 2025 - TBS,colour
2025-05-09,NORMAL,,theme6+0.0,1,257.0,1,0,2025 USTore TBS.xlsx,MAY 2025 - TBS,colour
2025-05-10,NORMAL,,theme6+0.0,1,103.0,1,0,2025 USTore TBS.xlsx,MAY 2025 - TBS,colour
2025-05-11,CLOSED,NO OPERATION,FFFF0000,0,0.0,0,1,2025 USTore TBS.xlsx,MAY 2025 - TBS,colour
2025-05-12,CLOSED,ELECTION DAY,FF00FF00,0,0.0,0,1,2025 USTore TBS.xlsx,MAY 2025 - TBS,colour
2025-05-13,NORMAL,,FF6D9EEB,0,0.0,1,0,2025 USTore TBS.xlsx,MAY 2025 - TBS,colour
2025-05-14,NORMAL,,theme6+0.0,1,159.0,1,0,2025 USTore TBS.xlsx,MAY 2025 - TBS,colour
2025-05-15,NORMAL,,theme6+0.0,1,449.0,1,0,2025 USTore TBS.xlsx,MAY 2025 - TBS,colour
2025-05-16,NORMAL,,theme6+0.0,1,294.0,1,0,2025 USTore TBS.xlsx,MAY 2025 - TBS,colour
2025-05-17,NORMAL,,theme6+0.0,1,145.0,1,0,2025 USTore TBS.xlsx,MAY 2025 - TBS,colour
2025-05-18,CLOSED,NO OPERATION,FFFF0000,0,0.0,0,1,2025 USTore TBS.xlsx,MAY 2025 - TBS,colour
2025-05-19,NORMAL,,theme6+0.0,1,104.0,1,0,2025 USTore TBS.xlsx,MAY 2025 - TBS,colour
2025-05-20,NORMAL,,theme6+0.0,1,170.0,1,0,2025 USTore TBS.xlsx,MAY 2025 - TBS,colour
2025-05-21,NORMAL,,theme6+0.0,1,111.0,1,0,2025 USTore TBS.xlsx,MAY 2025 - TBS,colour
2025-05-22,NORMAL,,theme6+0.0,1,157.0,1,0,2025 USTore TBS.xlsx,MAY 2025 - TBS,colour
2025-05-23,NORMAL,,theme6+0.0,1,97.0,1,0,2025 USTore TBS.xlsx,MAY 2025 - TBS,colour
2025-05-24,NORMAL,,theme6+0.0,1,71.0,1,0,2025 USTore TBS.xlsx,MAY 2025 - TBS,colour
2025-05-25,CLOSED,NO OPERATION,FFFF0000,0,0.0,0,1,2025 USTore TBS.xlsx,MAY 2025 - TBS,colour
2025-05-26,NORMAL,,theme6+0.0,1,192.0,1,0,2025 USTore TBS.xlsx,MAY 2025 - TBS,colour
2025-05-27,NORMAL,,theme6+0.0,1,416.0,1,0,2025 USTore TBS.xlsx,MAY 2025 - TBS,colour
2025-05-28,NORMAL,,theme6+0.0,1,123.0,1,0,2025 USTore TBS.xlsx,MAY 2025 - TBS,colour
2025-05-29,NORMAL,,theme6+0.0,1,96.0,1,0,2025 USTore TBS.xlsx,MAY 2025 - TBS,colour
2025-05-30,NORMAL,,theme6+0.0,1,213.0,1,0,2025 USTore TBS.xlsx,MAY 2025 - TBS,colour
2025-05-31,NORMAL,,theme6+0.0,1,302.0,1,0,2025 USTore TBS.xlsx,MAY 2025 - TBS,colour
2025-06-01,UNKNOWN,,,0,0.0,0,0,calendar_ranges.csv (via Dim_Date),,calendar
2025-06-02,NORMAL,,theme6+0.0,1,185.0,1,0,2025 USTore TBS.xlsx,JUNE 2025 - TBS,colour
2025-06-03,NORMAL,,theme6+0.0,1,295.0,1,0,2025 USTore TBS.xlsx,JUNE 2025 - TBS,colour
2025-06-04,NORMAL,,theme6+0.0,1,127.0,1,0,2025 USTore TBS.xlsx,JUNE 2025 - TBS,colour
2025-06-05,NORMAL,,theme6+0.0,1,337.0,1,0,2025 USTore TBS.xlsx,JUNE 2025 - TBS,colour
2025-06-06,NORMAL,,theme6+0.0,1,355.0,1,0,2025 USTore TBS.xlsx,JUNE 2025 - TBS,colour
2025-06-07,NORMAL,,theme6+0.0,1,277.0,1,0,2025 USTore TBS.xlsx,JUNE 2025 - TBS,colour
2025-06-08,CLOSED,NO OPERATION,FFFF0000,0,0.0,0,1,2025 USTore TBS.xlsx,JUNE 2025 - TBS,colour
2025-06-09,NORMAL,,theme6+0.0,1,282.0,1,0,2025 USTore TBS.xlsx,JUNE 2025 - TBS,colour
2025-06-10,NORMAL,,theme6+0.0,1,393.0,1,0,2025 USTore TBS.xlsx,JUNE 2025 - TBS,colour
2025-06-11,NORMAL,,theme6+0.0,1,218.0,1,0,2025 USTore TBS.xlsx,JUNE 2025 - TBS,colour
2025-06-12,NORMAL,,theme6+0.0,1,72.0,1,0,2025 USTore TBS.xlsx,JUNE 2025 - TBS,colour
2025-06-13,NORMAL,,theme6+0.0,1,335.0,1,0,2025 USTore TBS.xlsx,JUNE 2025 - TBS,colour
2025-06-14,NORMAL,,theme6+0.0,1,206.0,1,0,2025 USTore TBS.xlsx,JUNE 2025 - TBS,colour
2025-06-15,CLOSED,NO OPERATION,FFFF0000,0,0.0,0,1,2025 USTore TBS.xlsx,JUNE 2025 - TBS,colour
2025-06-16,NORMAL,,theme6+0.0,1,31.0,1,0,2025 USTore TBS.xlsx,JUNE 2025 - TBS,colour
2025-06-17,NORMAL,,theme6+0.0,1,130.0,1,0,2025 USTore TBS.xlsx,JUNE 2025 - TBS,colour
2025-06-18,NORMAL,,theme6+0.0,1,71.0,1,0,2025 USTore TBS.xlsx,JUNE 2025 - TBS,colour
2025-06-19,NORMAL,,theme6+0.0,1,64.0,1,0,2025 USTore TBS.xlsx,JUNE 2025 - TBS,colour
2025-06-20,NORMAL,,theme6+0.0,1,148.0,1,0,2025 USTore TBS.xlsx,JUNE 2025 - TBS,colour
2025-06-21,NORMAL,,theme6+0.0,1,211.0,1,0,2025 USTore TBS.xlsx,JUNE 2025 - TBS,colour
2025-06-22,CLOSED,NO OPERATION,FFFF0000,0,0.0,0,1,2025 USTore TBS.xlsx,JUNE 2025 - TBS,colour
2025-06-23,SUSPENSION,ENHANCED VIRTUAL MODE,theme4+0.0,0,0.0,1,0,2025 USTore TBS.xlsx,JUNE 2025 - TBS,colour
2025-06-24,CLOSED,ELECTION DAY,FF00FF00,0,0.0,0,1,2025 USTore TBS.xlsx,JUNE 2025 - TBS,colour
2025-06-25,NORMAL,,theme6+0.0,1,137.0,1,0,2025 USTore TBS.xlsx,JUNE 2025 - TBS,colour
2025-06-26,NORMAL,,theme6+0.0,1,244.0,1,0,2025 USTore TBS.xlsx,JUNE 2025 - TBS,colour
2025-06-27,NORMAL,,theme6+0.0,1,178.0,1,0,2025 USTore TBS.xlsx,JUNE 2025 - TBS,colour
2025-06-28,NORMAL,,theme6+0.0,1,144.0,1,0,2025 USTore TBS.xlsx,JUNE 2025 - TBS,colour
2025-06-29,CLOSED,NO OPERATION,FFFF0000,0,0.0,0,1,2025 USTore TBS.xlsx,JUNE 2025 - TBS,colour
2025-06-30,NORMAL,,theme6+0.0,1,414.0,1,0,2025 USTore TBS.xlsx,JUNE 2025 - TBS,colour
2025-07-01,NORMAL,,theme6+0.0,1,49.0,1,0,2025 USTore TBS.xlsx,JULY 2025 - TBS,colour
2025-07-02,CLOSED,NO OPERATION,FFFF0000,0,0.0,0,1,2025 USTore TBS.xlsx,JULY 2025 - TBS,colour
2025-07-03,CLOSED,NO OPERATION,FFFF0000,0,0.0,0,1,2025 USTore TBS.xlsx,JULY 2025 - TBS,colour
2025-07-04,CLOSED,NO OPERATION,FFFF0000,0,0.0,0,1,2025 USTore TBS.xlsx,JULY 2025 - TBS,colour
2025-07-05,NORMAL,,theme6+0.0,1,41.0,1,0,2025 USTore TBS.xlsx,JULY 2025 - TBS,colour
2025-07-06,CLOSED,NO OPERATION,FFFF0000,0,0.0,0,1,2025 USTore TBS.xlsx,JULY 2025 - TBS,colour
2025-07-07,NORMAL,,FFF1C232,1,160.0,1,0,2025 USTore TBS.xlsx,JULY 2025 - TBS,colour
2025-07-08,NORMAL,,FF93C47D,0,0.0,1,0,2025 USTore TBS.xlsx,JULY 2025 - TBS,colour
2025-07-09,NORMAL,,FF93C47D,0,0.0,1,0,2025 USTore TBS.xlsx,JULY 2025 - TBS,colour
2025-07-10,NORMAL,,FF93C47D,0,0.0,1,0,2025 USTore TBS.xlsx,JULY 2025 - TBS,colour
2025-07-11,NORMAL,,FFF1C232,1,30.0,1,0,2025 USTore TBS.xlsx,JULY 2025 - TBS,colour
2025-07-12,NORMAL,,FFF1C232,1,57.0,1,0,2025 USTore TBS.xlsx,JULY 2025 - TBS,colour
2025-07-13,CLOSED,NO OPERATION,FFFF0000,0,0.0,0,1,2025 USTore TBS.xlsx,JULY 2025 - TBS,colour
2025-07-14,NORMAL,,FFF1C232,1,156.0,1,0,2025 USTore TBS.xlsx,JULY 2025 - TBS,colour
2025-07-15,NORMAL,,FFF1C232,1,164.0,1,0,2025 USTore TBS.xlsx,JULY 2025 - TBS,colour
2025-07-16,NORMAL,,FFF1C232,1,228.0,1,0,2025 USTore TBS.xlsx,JULY 2025 - TBS,colour
2025-07-17,NORMAL,,FFF1C232,1,159.0,1,0,2025 USTore TBS.xlsx,JULY 2025 - TBS,colour
2025-07-18,NORMAL,,FFF1C232,1,148.0,1,0,2025 USTore TBS.xlsx,JULY 2025 - TBS,colour
2025-07-19,SUSPENSION,CLASS SUSPENSION,FFFF00FF,0,0.0,1,0,2025 USTore TBS.xlsx,JULY 2025 - TBS,colour
2025-07-20,CLOSED,NO OPERATION,FFFF0000,0,0.0,0,1,2025 USTore TBS.xlsx,JULY 2025 - TBS,colour
2025-07-21,NORMAL,,FFF1C232,1,48.0,1,0,2025 USTore TBS.xlsx,JULY 2025 - TBS,colour
2025-07-22,SUSPENSION,CLASS SUSPENSION,FFFF00FF,0,0.0,1,0,2025 USTore TBS.xlsx,JULY 2025 - TBS,colour
2025-07-23,SUSPENSION,CLASS SUSPENSION,FFFF00FF,0,0.0,1,0,2025 USTore TBS.xlsx,JULY 2025 - TBS,colour
2025-07-24,SUSPENSION,CLASS SUSPENSION,FFFF00FF,0,0.0,1,0,2025 USTore TBS.xlsx,JULY 2025 - TBS,colour
2025-07-25,SUSPENSION,CLASS SUSPENSION,FFFF00FF,0,0.0,1,0,2025 USTore TBS.xlsx,JULY 2025 - TBS,colour
2025-07-26,SUSPENSION,CLASS SUSPENSION,FFFF00FF,0,0.0,1,0,2025 USTore TBS.xlsx,JULY 2025 - TBS,colour
2025-07-27,CLOSED,NO OPERATION,FFFF0000,0,0.0,0,1,2025 USTore TBS.xlsx,JULY 2025 - TBS,colour
2025-07-28,NORMAL,,theme6+0.0,0,0.0,1,0,2025 USTore TBS.xlsx,JULY 2025 - TBS,colour
2025-07-29,NORMAL,,theme6+0.0,0,0.0,1,0,2025 USTore TBS.xlsx,JULY 2025 - TBS,colour
2025-07-30,NORMAL,,theme6+0.0,0,0.0,1,0,2025 USTore TBS.xlsx,JULY 2025 - TBS,colour
2025-07-31,NORMAL,,theme6+0.0,1,5.0,1,0,2025 USTore TBS.xlsx,JULY 2025 - TBS,colour
2025-08-01,NORMAL,,theme6+0.0,1,395.0,1,0,2025 USTore TBS.xlsx,AUG 2025 - TBS,colour
2025-08-02,CLOSED,NO OPERATION,FFFF0000,0,0.0,0,1,2025 USTore TBS.xlsx,AUG 2025 - TBS,colour
2025-08-03,CLOSED,NO OPERATION,FFFF0000,0,0.0,0,1,2025 USTore TBS.xlsx,AUG 2025 - TBS,colour
2025-08-04,NORMAL,,theme6+0.0,1,340.0,1,0,2025 USTore TBS.xlsx,AUG 2025 - TBS,colour
2025-08-05,NORMAL,,theme6+0.0,1,638.0,1,0,2025 USTore TBS.xlsx,AUG 2025 - TBS,colour
2025-08-06,NORMAL,,theme6+0.0,1,564.0,1,0,2025 USTore TBS.xlsx,AUG 2025 - TBS,colour
2025-08-07,NORMAL,,theme6+0.0,1,541.0,1,0,2025 USTore TBS.xlsx,AUG 2025 - TBS,colour
2025-08-08,CLOSED,NO OPERATION,FFFF0000,0,0.0,0,1,2025 USTore TBS.xlsx,AUG 2025 - TBS,colour
2025-08-09,CLOSED,NO OPERATION,FFFF0000,0,0.0,0,1,2025 USTore TBS.xlsx,AUG 2025 - TBS,colour
2025-08-10,CLOSED,NO OPERATION,FFFF0000,0,0.0,0,1,2025 USTore TBS.xlsx,AUG 2025 - TBS,colour
2025-08-11,NORMAL,,theme6+0.0,1,402.0,1,0,2025 USTore TBS.xlsx,AUG 2025 - TBS,colour
2025-08-12,NORMAL,,theme6+0.0,1,244.0,1,0,2025 USTore TBS.xlsx,AUG 2025 - TBS,colour
2025-08-13,NORMAL,,theme6+0.0,1,362.0,1,0,2025 USTore TBS.xlsx,AUG 2025 - TBS,colour
2025-08-14,NORMAL,,theme6+0.0,1,275.0,1,0,2025 USTore TBS.xlsx,AUG 2025 - TBS,colour
2025-08-15,NORMAL,,theme6+0.0,1,176.0,1,0,2025 USTore TBS.xlsx,AUG 2025 - TBS,colour
2025-08-16,NORMAL,,theme6+0.0,1,85.0,1,0,2025 USTore TBS.xlsx,AUG 2025 - TBS,colour
2025-08-17,CLOSED,NO OPERATION,FFFF0000,0,0.0,0,1,2025 USTore TBS.xlsx,AUG 2025 - TBS,colour
2025-08-18,NORMAL,,theme6+0.0,1,201.0,1,0,2025 USTore TBS.xlsx,AUG 2025 - TBS,colour
2025-08-19,NORMAL,,theme6+0.0,1,247.0,1,0,2025 USTore TBS.xlsx,AUG 2025 - TBS,colour
2025-08-20,NORMAL,,theme6+0.0,1,190.0,1,0,2025 USTore TBS.xlsx,AUG 2025 - TBS,colour
2025-08-21,CLOSED,HOLIDAY,FF00FF00,0,0.0,0,1,2025 USTore TBS.xlsx,AUG 2025 - TBS,colour
2025-08-22,NORMAL,,theme6+0.0,1,72.0,1,0,2025 USTore TBS.xlsx,AUG 2025 - TBS,colour
2025-08-23,NORMAL,,theme6+0.0,1,237.0,1,0,2025 USTore TBS.xlsx,AUG 2025 - TBS,colour
2025-08-24,CLOSED,NO OPERATION,FFFF0000,0,0.0,0,1,2025 USTore TBS.xlsx,AUG 2025 - TBS,colour
2025-08-25,CLOSED,HOLIDAY,FF00FF00,0,0.0,0,1,2025 USTore TBS.xlsx,AUG 2025 - TBS,colour
2025-08-26,SUSPENSION,CLASS SUSPENSION,FFFF00FF,0,0.0,1,0,2025 USTore TBS.xlsx,AUG 2025 - TBS,colour
2025-08-27,NORMAL,,theme6+0.0,1,577.0,1,0,2025 USTore TBS.xlsx,AUG 2025 - TBS,colour
2025-08-28,NORMAL,,theme6+0.0,1,185.0,1,0,2025 USTore TBS.xlsx,AUG 2025 - TBS,colour
2025-08-29,NORMAL,,theme6+0.0,1,982.0,1,0,2025 USTore TBS.xlsx,AUG 2025 - TBS,colour
2025-08-30,OPS_NONSELLING,INVENTORY DAY,FF0000FF,0,0.0,0,0,2025 USTore TBS.xlsx,AUG 2025 - TBS,colour
2025-08-31,CLOSED,NO OPERATION,FFFF0000,0,0.0,0,1,2025 USTore TBS.xlsx,AUG 2025 - TBS,colour
2025-09-01,NORMAL,,FF9900FF,0,0.0,1,0,2025 USTore TBS.xlsx,SEPT 2025 - TBS,colour
2025-09-02,NORMAL,,theme6+0.0,1,249.0,1,0,2025 USTore TBS.xlsx,SEPT 2025 - TBS,colour
2025-09-03,NORMAL,,theme6+0.0,1,124.0,1,0,2025 USTore TBS.xlsx,SEPT 2025 - TBS,colour
2025-09-04,NORMAL,,theme6+0.0,1,131.0,1,0,2025 USTore TBS.xlsx,SEPT 2025 - TBS,colour
2025-09-05,NORMAL,,theme6+0.0,1,154.0,1,0,2025 USTore TBS.xlsx,SEPT 2025 - TBS,colour
2025-09-06,NORMAL,,theme6+0.0,1,91.0,1,0,2025 USTore TBS.xlsx,SEPT 2025 - TBS,colour
2025-09-07,CLOSED,NO OPERATION,FFFF0000,0,0.0,0,1,2025 USTore TBS.xlsx,SEPT 2025 - TBS,colour
2025-09-08,NORMAL,,theme6+0.0,1,280.0,1,0,2025 USTore TBS.xlsx,SEPT 2025 - TBS,colour
2025-09-09,NORMAL,,theme6+0.0,1,286.0,1,0,2025 USTore TBS.xlsx,SEPT 2025 - TBS,colour
2025-09-10,SUSPENSION,EVM (ENRICHED VIRTUAL MODE),FF4A86E8,0,0.0,1,0,2025 USTore TBS.xlsx,SEPT 2025 - TBS,colour
2025-09-11,NORMAL,,theme6+0.0,1,618.0,1,0,2025 USTore TBS.xlsx,SEPT 2025 - TBS,colour
2025-09-12,NORMAL,,theme6+0.0,1,687.0,1,0,2025 USTore TBS.xlsx,SEPT 2025 - TBS,colour
2025-09-13,NORMAL,,theme6+0.0,1,97.0,1,0,2025 USTore TBS.xlsx,SEPT 2025 - TBS,colour
2025-09-14,CLOSED,NO OPERATION,FFFF0000,0,0.0,0,1,2025 USTore TBS.xlsx,SEPT 2025 - TBS,colour
2025-09-15,NORMAL,,theme6+0.0,1,365.0,1,0,2025 USTore TBS.xlsx,SEPT 2025 - TBS,colour
2025-09-16,NORMAL,,theme6+0.0,1,339.0,1,0,2025 USTore TBS.xlsx,SEPT 2025 - TBS,colour
2025-09-17,SUSPENSION,EVM (ENRICHED VIRTUAL MODE),FF4A86E8,0,0.0,1,0,2025 USTore TBS.xlsx,SEPT 2025 - TBS,colour
2025-09-18,NORMAL,,theme6+0.0,1,35.0,1,0,2025 USTore TBS.xlsx,SEPT 2025 - TBS,colour
2025-09-19,NORMAL,,theme6+0.0,1,614.0,1,0,2025 USTore TBS.xlsx,SEPT 2025 - TBS,colour
2025-09-20,NORMAL,,theme6+0.0,1,248.0,1,0,2025 USTore TBS.xlsx,SEPT 2025 - TBS,colour
2025-09-21,NORMAL,,theme6+0.0,1,254.0,1,0,2025 USTore TBS.xlsx,SEPT 2025 - TBS,colour
2025-09-22,SUSPENSION,CLASS SUSPENSION,FFFF00FF,0,0.0,1,0,2025 USTore TBS.xlsx,SEPT 2025 - TBS,colour
2025-09-23,SUSPENSION,EVM (ENRICHED VIRTUAL MODE),FF4A86E8,0,0.0,1,0,2025 USTore TBS.xlsx,SEPT 2025 - TBS,colour
2025-09-24,NORMAL,,theme6+0.0,1,271.0,1,0,2025 USTore TBS.xlsx,SEPT 2025 - TBS,colour
2025-09-25,NORMAL,,theme6+0.0,1,219.0,1,0,2025 USTore TBS.xlsx,SEPT 2025 - TBS,colour
2025-09-26,NORMAL,,FF9900FF,0,0.0,1,0,2025 USTore TBS.xlsx,SEPT 2025 - TBS,colour
2025-09-27,SUSPENSION,EVM (ENRICHED VIRTUAL MODE),FF4A86E8,0,0.0,1,0,2025 USTore TBS.xlsx,SEPT 2025 - TBS,colour
2025-09-28,CLOSED,NO OPERATION,FFFF0000,0,0.0,0,1,2025 USTore TBS.xlsx,SEPT 2025 - TBS,colour
2025-09-29,NORMAL,,theme6+0.0,1,195.0,1,0,2025 USTore TBS.xlsx,SEPT 2025 - TBS,colour
2025-09-30,NORMAL,,theme6+0.0,1,480.0,1,0,2025 USTore TBS.xlsx,SEPT 2025 - TBS,colour
2025-10-01,NORMAL,,theme6+0.0,1,344.0,1,0,USTore TBS OCTOBER A.Y. 2025-2026.xlsx,OCTOBER 2025 - TBS,colour
2025-10-02,NORMAL,,theme6+0.0,1,217.0,1,0,USTore TBS OCTOBER A.Y. 2025-2026.xlsx,OCTOBER 2025 - TBS,colour
2025-10-03,NORMAL,,theme6+0.0,1,238.0,1,0,USTore TBS OCTOBER A.Y. 2025-2026.xlsx,OCTOBER 2025 - TBS,colour
2025-10-04,NORMAL,,theme6+0.0,1,314.0,1,0,USTore TBS OCTOBER A.Y. 2025-2026.xlsx,OCTOBER 2025 - TBS,colour
2025-10-05,CLOSED,NO OPERATION,FFFF0000,0,0.0,0,1,USTore TBS OCTOBER A.Y. 2025-2026.xlsx,OCTOBER 2025 - TBS,colour
2025-10-06,NORMAL,,theme6+0.0,1,134.0,1,0,USTore TBS OCTOBER A.Y. 2025-2026.xlsx,OCTOBER 2025 - TBS,colour
2025-10-07,NORMAL,,theme6+0.0,1,258.0,1,0,USTore TBS OCTOBER A.Y. 2025-2026.xlsx,OCTOBER 2025 - TBS,colour
2025-10-08,NORMAL,,theme6+0.0,1,96.0,1,0,USTore TBS OCTOBER A.Y. 2025-2026.xlsx,OCTOBER 2025 - TBS,colour
2025-10-09,NORMAL,,theme6+0.0,1,330.0,1,0,USTore TBS OCTOBER A.Y. 2025-2026.xlsx,OCTOBER 2025 - TBS,colour
2025-10-10,NORMAL,,theme6+0.0,1,213.0,1,0,USTore TBS OCTOBER A.Y. 2025-2026.xlsx,OCTOBER 2025 - TBS,colour
2025-10-11,SUSPENSION,EVM (ENRICHED VIRTUAL MODE),FF4A86E8,0,0.0,1,0,USTore TBS OCTOBER A.Y. 2025-2026.xlsx,OCTOBER 2025 - TBS,colour
2025-10-12,CLOSED,NO OPERATION,FFFF0000,0,0.0,0,1,USTore TBS OCTOBER A.Y. 2025-2026.xlsx,OCTOBER 2025 - TBS,colour
2025-10-13,NORMAL,,theme6+0.0,1,193.0,1,0,USTore TBS OCTOBER A.Y. 2025-2026.xlsx,OCTOBER 2025 - TBS,colour
2025-10-14,NORMAL,,theme6+0.0,1,225.0,1,0,USTore TBS OCTOBER A.Y. 2025-2026.xlsx,OCTOBER 2025 - TBS,colour
2025-10-15,SUSPENSION,CLASS SUSPENSION,FFFF00FF,0,0.0,1,0,USTore TBS OCTOBER A.Y. 2025-2026.xlsx,OCTOBER 2025 - TBS,colour
2025-10-16,SUSPENSION,CLASS SUSPENSION,FFFF00FF,0,0.0,1,0,USTore TBS OCTOBER A.Y. 2025-2026.xlsx,OCTOBER 2025 - TBS,colour
2025-10-17,NORMAL,,FFF1C232,1,357.0,1,0,USTore TBS OCTOBER A.Y. 2025-2026.xlsx,OCTOBER 2025 - TBS,colour
2025-10-18,SELLING_SPECIAL,MATHED SELLING,FF7F6000,0,0.0,1,0,USTore TBS OCTOBER A.Y. 2025-2026.xlsx,OCTOBER 2025 - TBS,colour
2025-10-19,SELLING_SPECIAL,USTET SELLING DAY,FF00FF00,1,540.0,1,0,USTore TBS OCTOBER A.Y. 2025-2026.xlsx,OCTOBER 2025 - TBS,colour
2025-10-20,OPS_NONSELLING,CLEANING AFTER USTET,FFFF9900,0,0.0,0,0,USTore TBS OCTOBER A.Y. 2025-2026.xlsx,OCTOBER 2025 - TBS,colour
2025-10-21,OPS_NONSELLING,CLEANING AFTER USTET,FFFF9900,0,0.0,0,0,USTore TBS OCTOBER A.Y. 2025-2026.xlsx,OCTOBER 2025 - TBS,colour
2025-10-22,NORMAL,,theme6+0.0,1,433.0,1,0,USTore TBS OCTOBER A.Y. 2025-2026.xlsx,OCTOBER 2025 - TBS,colour
2025-10-23,NORMAL,,theme6+0.0,1,223.0,1,0,USTore TBS OCTOBER A.Y. 2025-2026.xlsx,OCTOBER 2025 - TBS,colour
2025-10-24,NORMAL,,theme6+0.0,1,238.0,1,0,USTore TBS OCTOBER A.Y. 2025-2026.xlsx,OCTOBER 2025 - TBS,colour
2025-10-25,NORMAL,,theme6+0.0,1,284.0,1,0,USTore TBS OCTOBER A.Y. 2025-2026.xlsx,OCTOBER 2025 - TBS,colour
2025-10-26,CLOSED,NO OPERATION,FFFF0000,0,0.0,0,1,USTore TBS OCTOBER A.Y. 2025-2026.xlsx,OCTOBER 2025 - TBS,colour
2025-10-27,SELLING_SPECIAL,USTET SELLING DAY,FF00FF00,1,260.0,1,0,USTore TBS OCTOBER A.Y. 2025-2026.xlsx,OCTOBER 2025 - TBS,colour
2025-10-28,NORMAL,,theme6+0.0,1,290.0,1,0,USTore TBS OCTOBER A.Y. 2025-2026.xlsx,OCTOBER 2025 - TBS,colour
2025-10-29,OPS_NONSELLING,INVENTORY,FF00FFFF,1,218.0,0,0,USTore TBS OCTOBER A.Y. 2025-2026.xlsx,OCTOBER 2025 - TBS,colour
2025-10-30,CLOSED,,,0,0.0,0,1,calendar_ranges.csv (via Dim_Date),,calendar
2025-10-31,CLOSED,,,0,0.0,0,1,calendar_ranges.csv (via Dim_Date),,calendar
2025-11-01,CLOSED,,,0,0.0,0,1,calendar_ranges.csv (via Dim_Date),,calendar
2025-11-02,CLOSED,,,0,0.0,0,1,calendar_ranges.csv (via Dim_Date),,calendar
2025-11-03,CLOSED,,,0,0.0,0,1,calendar_ranges.csv (via Dim_Date),,calendar
2025-11-04,CLOSED,,,0,0.0,0,1,calendar_ranges.csv (via Dim_Date),,calendar
2025-11-05,NORMAL,,FFF1C232,1,128.0,1,0,USTore TBS OCTOBER A.Y. 2025-2026.xlsx,NOVEMBER 2025 - TBS,colour
2025-11-06,NORMAL,,FFF1C232,1,259.0,1,0,USTore TBS OCTOBER A.Y. 2025-2026.xlsx,NOVEMBER 2025 - TBS,colour
2025-11-07,NORMAL,,FFF1C232,1,140.0,1,0,USTore TBS OCTOBER A.Y. 2025-2026.xlsx,NOVEMBER 2025 - TBS,colour
2025-11-08,OPS_NONSELLING,STORE MAINTENANCE,theme8+0.0,0,0.0,0,0,USTore TBS OCTOBER A.Y. 2025-2026.xlsx,NOVEMBER 2025 - TBS,colour
2025-11-09,CLOSED,NO OPERATION,FFFF0000,0,0.0,0,1,USTore TBS OCTOBER A.Y. 2025-2026.xlsx,NOVEMBER 2025 - TBS,colour
2025-11-10,SUSPENSION,CLASS SUSPENSION,FFFF00FF,0,0.0,1,0,USTore TBS OCTOBER A.Y. 2025-2026.xlsx,NOVEMBER 2025 - TBS,colour
2025-11-11,SUSPENSION,CLASS SUSPENSION,FFFF00FF,0,0.0,1,0,USTore TBS OCTOBER A.Y. 2025-2026.xlsx,NOVEMBER 2025 - TBS,colour
2025-11-12,NORMAL,,theme6+0.0,1,132.0,1,0,USTore TBS OCTOBER A.Y. 2025-2026.xlsx,NOVEMBER 2025 - TBS,colour
2025-11-13,NORMAL,,theme6+0.0,1,187.0,1,0,USTore TBS OCTOBER A.Y. 2025-2026.xlsx,NOVEMBER 2025 - TBS,colour
2025-11-14,NORMAL,,theme6+0.0,1,437.0,1,0,USTore TBS OCTOBER A.Y. 2025-2026.xlsx,NOVEMBER 2025 - TBS,colour
2025-11-15,OPS_NONSELLING,STORE MAINTENANCE,theme8+0.0,0,0.0,0,0,USTore TBS OCTOBER A.Y. 2025-2026.xlsx,NOVEMBER 2025 - TBS,colour
2025-11-16,NORMAL,,theme6+0.0,1,43.0,1,0,USTore TBS OCTOBER A.Y. 2025-2026.xlsx,NOVEMBER 2025 - TBS,colour
2025-11-17,SUSPENSION,EVM (ENRICHED VIRTUAL MODE),FF4A86E8,0,0.0,1,0,USTore TBS OCTOBER A.Y. 2025-2026.xlsx,NOVEMBER 2025 - TBS,colour
2025-11-18,SUSPENSION,EVM (ENRICHED VIRTUAL MODE),FF4A86E8,0,0.0,1,0,USTore TBS OCTOBER A.Y. 2025-2026.xlsx,NOVEMBER 2025 - TBS,colour
2025-11-19,NORMAL,,theme6+0.0,1,227.0,1,0,USTore TBS OCTOBER A.Y. 2025-2026.xlsx,NOVEMBER 2025 - TBS,colour
2025-11-20,NORMAL,,theme6+0.0,1,237.0,1,0,USTore TBS OCTOBER A.Y. 2025-2026.xlsx,NOVEMBER 2025 - TBS,colour
2025-11-21,NORMAL,,theme6+0.0,1,171.0,1,0,USTore TBS OCTOBER A.Y. 2025-2026.xlsx,NOVEMBER 2025 - TBS,colour
2025-11-22,NORMAL,,theme6+0.0,1,202.0,1,0,USTore TBS OCTOBER A.Y. 2025-2026.xlsx,NOVEMBER 2025 - TBS,colour
2025-11-23,CLOSED,NO OPERATION,FFFF0000,0,0.0,0,1,USTore TBS OCTOBER A.Y. 2025-2026.xlsx,NOVEMBER 2025 - TBS,colour
2025-11-24,NORMAL,,theme6+0.0,1,319.0,1,0,USTore TBS OCTOBER A.Y. 2025-2026.xlsx,NOVEMBER 2025 - TBS,colour
2025-11-25,NORMAL,,theme6+0.0,1,264.0,1,0,USTore TBS OCTOBER A.Y. 2025-2026.xlsx,NOVEMBER 2025 - TBS,colour
2025-11-26,NORMAL,,theme6+0.0,1,183.0,1,0,USTore TBS OCTOBER A.Y. 2025-2026.xlsx,NOVEMBER 2025 - TBS,colour
2025-11-27,NORMAL,,theme6+0.0,1,170.0,1,0,USTore TBS OCTOBER A.Y. 2025-2026.xlsx,NOVEMBER 2025 - TBS,colour
2025-11-28,NORMAL,,theme6+0.0,1,208.0,1,0,USTore TBS OCTOBER A.Y. 2025-2026.xlsx,NOVEMBER 2025 - TBS,colour
2025-11-29,OPS_NONSELLING,INVENTORY,FF00FFFF,0,0.0,0,0,USTore TBS OCTOBER A.Y. 2025-2026.xlsx,NOVEMBER 2025 - TBS,colour
2025-11-30,NORMAL,,theme6+0.0,1,71.0,1,0,USTore TBS OCTOBER A.Y. 2025-2026.xlsx,NOVEMBER 2025 - TBS,colour
2025-12-01,OPS_NONSELLING,BENCH-MARKING,theme8+0.0,0,0.0,0,0,USTore TBS OCTOBER A.Y. 2025-2026.xlsx,DECEMBER 2025 - TBS,colour
2025-12-02,NORMAL,,FFF1C232,1,182.0,1,0,USTore TBS OCTOBER A.Y. 2025-2026.xlsx,DECEMBER 2025 - TBS,colour
2025-12-03,NORMAL,,FFF1C232,1,363.0,1,0,USTore TBS OCTOBER A.Y. 2025-2026.xlsx,DECEMBER 2025 - TBS,colour
2025-12-04,NORMAL,,FFF1C232,1,219.0,1,0,USTore TBS OCTOBER A.Y. 2025-2026.xlsx,DECEMBER 2025 - TBS,colour
2025-12-05,OPS_NONSELLING,SUPPORT STAFF GENERAL ASSEMBLY 2025,FF4A86E8,0,0.0,0,0,USTore TBS OCTOBER A.Y. 2025-2026.xlsx,DECEMBER 2025 - TBS,colour
2025-12-06,OPS_NONSELLING,PREPARATION FOR USTET SELLING,FFFF00FF,1,1.0,0,0,USTore TBS OCTOBER A.Y. 2025-2026.xlsx,DECEMBER 2025 - TBS,colour
2025-12-07,SELLING_SPECIAL,USTET SELLING DAY,FF00FF00,1,2623.0,1,0,USTore TBS OCTOBER A.Y. 2025-2026.xlsx,DECEMBER 2025 - TBS,colour
2025-12-08,CLOSED,NO OPERATION,FFFF0000,0,0.0,0,1,USTore TBS OCTOBER A.Y. 2025-2026.xlsx,DECEMBER 2025 - TBS,colour
2025-12-09,OPS_NONSELLING,CLEANING AFTER USTET,FF69351F,0,0.0,0,0,USTore TBS OCTOBER A.Y. 2025-2026.xlsx,DECEMBER 2025 - TBS,colour
2025-12-10,NORMAL,,FFF1C232,1,334.0,1,0,USTore TBS OCTOBER A.Y. 2025-2026.xlsx,DECEMBER 2025 - TBS,colour
2025-12-11,NORMAL,,FFF1C232,1,183.0,1,0,USTore TBS OCTOBER A.Y. 2025-2026.xlsx,DECEMBER 2025 - TBS,colour
2025-12-12,NORMAL,,FFF1C232,1,219.0,1,0,USTore TBS OCTOBER A.Y. 2025-2026.xlsx,DECEMBER 2025 - TBS,colour
2025-12-13,NORMAL,,FFF1C232,1,159.0,1,0,USTore TBS OCTOBER A.Y. 2025-2026.xlsx,DECEMBER 2025 - TBS,colour
2025-12-14,CLOSED,NO OPERATION,FFFF0000,0,0.0,0,1,USTore TBS OCTOBER A.Y. 2025-2026.xlsx,DECEMBER 2025 - TBS,colour
2025-12-15,NORMAL,,FFF1C232,1,179.0,1,0,USTore TBS OCTOBER A.Y. 2025-2026.xlsx,DECEMBER 2025 - TBS,colour
2025-12-16,NORMAL,,FFF1C232,1,427.0,1,0,USTore TBS OCTOBER A.Y. 2025-2026.xlsx,DECEMBER 2025 - TBS,colour
2025-12-17,NORMAL,,FFF1C232,1,383.0,1,0,USTore TBS OCTOBER A.Y. 2025-2026.xlsx,DECEMBER 2025 - TBS,colour
2025-12-18,NORMAL,,FFF1C232,1,890.0,1,0,USTore TBS OCTOBER A.Y. 2025-2026.xlsx,DECEMBER 2025 - TBS,colour
2025-12-19,UNKNOWN,,,0,0.0,0,0,calendar_ranges.csv (via Dim_Date),,calendar
2025-12-20,CLOSED,,,0,0.0,0,1,calendar_ranges.csv (via Dim_Date),,calendar
2025-12-21,CLOSED,,,0,0.0,0,1,calendar_ranges.csv (via Dim_Date),,calendar
2025-12-22,CLOSED,,,0,0.0,0,1,calendar_ranges.csv (via Dim_Date),,calendar
2025-12-23,CLOSED,,,0,0.0,0,1,calendar_ranges.csv (via Dim_Date),,calendar
2025-12-24,CLOSED,,,0,0.0,0,1,calendar_ranges.csv (via Dim_Date),,calendar
2025-12-25,CLOSED,,,0,0.0,0,1,calendar_ranges.csv (via Dim_Date),,calendar
2025-12-26,CLOSED,,,0,0.0,0,1,calendar_ranges.csv (via Dim_Date),,calendar
2025-12-27,CLOSED,,,0,0.0,0,1,calendar_ranges.csv (via Dim_Date),,calendar
2025-12-28,CLOSED,,,0,0.0,0,1,calendar_ranges.csv (via Dim_Date),,calendar
2025-12-29,CLOSED,,,0,0.0,0,1,calendar_ranges.csv (via Dim_Date),,calendar
2025-12-30,CLOSED,,,0,0.0,0,1,calendar_ranges.csv (via Dim_Date),,calendar
2025-12-31,CLOSED,,,0,0.0,0,1,calendar_ranges.csv (via Dim_Date),,calendar
2026-01-01,CLOSED,,,0,0.0,0,1,calendar_ranges.csv (via Dim_Date),,calendar
2026-01-02,CLOSED,,,0,0.0,0,1,calendar_ranges.csv (via Dim_Date),,calendar
2026-01-03,CLOSED,,,0,0.0,0,1,calendar_ranges.csv (via Dim_Date),,calendar
2026-01-04,CLOSED,,,0,0.0,0,1,calendar_ranges.csv (via Dim_Date),,calendar
2026-01-05,CLOSED,,,0,0.0,0,1,calendar_ranges.csv (via Dim_Date),,calendar
2026-01-06,CLOSED,,,0,0.0,0,1,calendar_ranges.csv (via Dim_Date),,calendar
2026-01-07,NORMAL,,FFF1C232,1,182.0,1,0,USTore TBS OCTOBER A.Y. 2025-2026.xlsx,JANUARY 2026 - TBS,colour
2026-01-08,NORMAL,,FFF1C232,1,91.0,1,0,USTore TBS OCTOBER A.Y. 2025-2026.xlsx,JANUARY 2026 - TBS,colour
2026-01-09,CLOSED,FEAST OF THE BLACK NAZARENE,FF4A86E8,0,0.0,0,1,USTore TBS OCTOBER A.Y. 2025-2026.xlsx,JANUARY 2026 - TBS,colour
2026-01-10,NORMAL,,FFF1C232,1,59.0,1,0,USTore TBS OCTOBER A.Y. 2025-2026.xlsx,JANUARY 2026 - TBS,colour
2026-01-11,CLOSED,NO OPERATION,FFFF0000,0,0.0,0,1,USTore TBS OCTOBER A.Y. 2025-2026.xlsx,JANUARY 2026 - TBS,colour
2026-01-12,NORMAL,,FFF1C232,1,341.0,1,0,USTore TBS OCTOBER A.Y. 2025-2026.xlsx,JANUARY 2026 - TBS,colour
2026-01-13,NORMAL,,FFF1C232,1,74.0,1,0,USTore TBS OCTOBER A.Y. 2025-2026.xlsx,JANUARY 2026 - TBS,colour
2026-01-14,NORMAL,,FFF1C232,1,756.0,1,0,USTore TBS OCTOBER A.Y. 2025-2026.xlsx,JANUARY 2026 - TBS,colour
2026-01-15,NORMAL,,FFF1C232,1,91.0,1,0,USTore TBS OCTOBER A.Y. 2025-2026.xlsx,JANUARY 2026 - TBS,colour
2026-01-16,NORMAL,,FFF1C232,1,153.0,1,0,USTore TBS OCTOBER A.Y. 2025-2026.xlsx,JANUARY 2026 - TBS,colour
2026-01-17,NORMAL,,FFF1C232,1,124.0,1,0,USTore TBS OCTOBER A.Y. 2025-2026.xlsx,JANUARY 2026 - TBS,colour
2026-01-18,CLOSED,NO OPERATION,FFFF0000,0,0.0,0,1,USTore TBS OCTOBER A.Y. 2025-2026.xlsx,JANUARY 2026 - TBS,colour
2026-01-19,NORMAL,,theme6+0.0,1,90.0,1,0,USTore TBS OCTOBER A.Y. 2025-2026.xlsx,JANUARY 2026 - TBS,colour
2026-01-20,NORMAL,,theme6+0.0,1,106.0,1,0,USTore TBS OCTOBER A.Y. 2025-2026.xlsx,JANUARY 2026 - TBS,colour
2026-01-21,NORMAL,,theme6+0.0,1,127.0,1,0,USTore TBS OCTOBER A.Y. 2025-2026.xlsx,JANUARY 2026 - TBS,colour
2026-01-22,NORMAL,,theme6+0.0,1,110.0,1,0,USTore TBS OCTOBER A.Y. 2025-2026.xlsx,JANUARY 2026 - TBS,colour
2026-01-23,NORMAL,,theme6+0.0,1,173.0,1,0,USTore TBS OCTOBER A.Y. 2025-2026.xlsx,JANUARY 2026 - TBS,colour
2026-01-24,OPS_NONSELLING,PREPARATION FOR USTET SELLING,FFFF00FF,0,0.0,0,0,USTore TBS OCTOBER A.Y. 2025-2026.xlsx,JANUARY 2026 - TBS,colour
2026-01-25,SELLING_SPECIAL,USTET SELLING DAY,FF00FF00,1,2546.0,1,0,USTore TBS OCTOBER A.Y. 2025-2026.xlsx,JANUARY 2026 - TBS,colour
2026-01-26,OPS_NONSELLING,CLEANING AFTER USTET,FF69351F,0,0.0,0,0,USTore TBS OCTOBER A.Y. 2025-2026.xlsx,JANUARY 2026 - TBS,colour
2026-01-27,NORMAL,,FFF1C232,1,139.0,1,0,USTore TBS OCTOBER A.Y. 2025-2026.xlsx,JANUARY 2026 - TBS,colour
2026-01-28,CLOSED,FEAST OF ST. THOMAS AQUINAS,FFFFFF00,0,0.0,0,1,USTore TBS OCTOBER A.Y. 2025-2026.xlsx,JANUARY 2026 - TBS,colour
2026-01-29,NORMAL,,theme6+0.0,1,125.0,1,0,USTore TBS OCTOBER A.Y. 2025-2026.xlsx,JANUARY 2026 - TBS,colour
2026-01-30,NORMAL,,theme6+0.0,1,167.0,1,0,USTore TBS OCTOBER A.Y. 2025-2026.xlsx,JANUARY 2026 - TBS,colour
2026-01-31,OPS_NONSELLING,PREPARATION FOR USTET SELLING,FFFF00FF,1,638.0,0,0,USTore TBS OCTOBER A.Y. 2025-2026.xlsx,JANUARY 2026 - TBS,colour
2026-02-01,SELLING_SPECIAL,USTET SELLING DAY,FF00FF00,1,1441.0,1,0,USTore TBS OCTOBER A.Y. 2025-2026.xlsx,FEBRUARY 2026 - TBS,colour
2026-02-02,OPS_NONSELLING,CLEANING AFTER USTET,FF783F04,0,0.0,0,0,USTore TBS OCTOBER A.Y. 2025-2026.xlsx,FEBRUARY 2026 - TBS,colour
2026-02-03,OPS_NONSELLING,OPERATIONAL PLANNING AY 2026-2027,theme8+0.0,0,0.0,0,0,USTore TBS OCTOBER A.Y. 2025-2026.xlsx,FEBRUARY 2026 - TBS,colour
2026-02-04,NORMAL,,FFF1C232,0,0.0,1,0,USTore TBS OCTOBER A.Y. 2025-2026.xlsx,FEBRUARY 2026 - TBS,colour
2026-02-05,NORMAL,,FFF1C232,1,122.0,1,0,USTore TBS OCTOBER A.Y. 2025-2026.xlsx,FEBRUARY 2026 - TBS,colour
2026-02-06,NORMAL,,FFF1C232,1,200.0,1,0,USTore TBS OCTOBER A.Y. 2025-2026.xlsx,FEBRUARY 2026 - TBS,colour
2026-02-07,NORMAL,,FFF1C232,1,97.0,1,0,USTore TBS OCTOBER A.Y. 2025-2026.xlsx,FEBRUARY 2026 - TBS,colour
2026-02-08,CLOSED,NO OPERATION,FFFF0000,0,0.0,0,1,USTore TBS OCTOBER A.Y. 2025-2026.xlsx,FEBRUARY 2026 - TBS,colour
2026-02-09,NORMAL,,FFF1C232,1,82.0,1,0,USTore TBS OCTOBER A.Y. 2025-2026.xlsx,FEBRUARY 2026 - TBS,colour
2026-02-10,NORMAL,,FFF1C232,1,132.0,1,0,USTore TBS OCTOBER A.Y. 2025-2026.xlsx,FEBRUARY 2026 - TBS,colour
2026-02-11,NORMAL,,FFF1C232,1,179.0,1,0,USTore TBS OCTOBER A.Y. 2025-2026.xlsx,FEBRUARY 2026 - TBS,colour
2026-02-12,NORMAL,,FFF1C232,1,140.0,1,0,USTore TBS OCTOBER A.Y. 2025-2026.xlsx,FEBRUARY 2026 - TBS,colour
2026-02-13,NORMAL,,FFF1C232,1,178.0,1,0,USTore TBS OCTOBER A.Y. 2025-2026.xlsx,FEBRUARY 2026 - TBS,colour
2026-02-14,NORMAL,,FFF1C232,1,123.0,1,0,USTore TBS OCTOBER A.Y. 2025-2026.xlsx,FEBRUARY 2026 - TBS,colour
2026-02-15,CLOSED,NO OPERATION,FFFF0000,0,0.0,0,1,USTore TBS OCTOBER A.Y. 2025-2026.xlsx,FEBRUARY 2026 - TBS,colour
2026-02-16,NORMAL,,FFF1C232,1,117.0,1,0,USTore TBS OCTOBER A.Y. 2025-2026.xlsx,FEBRUARY 2026 - TBS,colour
2026-02-17,CLOSED,CHINESE NEW YEAR,FFFF00FF,0,0.0,0,1,USTore TBS OCTOBER A.Y. 2025-2026.xlsx,FEBRUARY 2026 - TBS,colour
2026-02-18,NORMAL,,FFF1C232,1,112.0,1,0,USTore TBS OCTOBER A.Y. 2025-2026.xlsx,FEBRUARY 2026 - TBS,colour
2026-02-19,NORMAL,,FFF1C232,1,93.0,1,0,USTore TBS OCTOBER A.Y. 2025-2026.xlsx,FEBRUARY 2026 - TBS,colour
2026-02-20,NORMAL,,FFF1C232,1,170.0,1,0,USTore TBS OCTOBER A.Y. 2025-2026.xlsx,FEBRUARY 2026 - TBS,colour
2026-02-21,NORMAL,,FFF1C232,1,168.0,1,0,USTore TBS OCTOBER A.Y. 2025-2026.xlsx,FEBRUARY 2026 - TBS,colour
2026-02-22,CLOSED,NO OPERATION,FFFF0000,0,0.0,0,1,USTore TBS OCTOBER A.Y. 2025-2026.xlsx,FEBRUARY 2026 - TBS,colour
2026-02-23,NORMAL,,FFF1C232,1,63.0,1,0,USTore TBS OCTOBER A.Y. 2025-2026.xlsx,FEBRUARY 2026 - TBS,colour
2026-02-24,NORMAL,,FFF1C232,1,100.0,1,0,USTore TBS OCTOBER A.Y. 2025-2026.xlsx,FEBRUARY 2026 - TBS,colour
2026-02-25,CLOSED,EDSA PEOPLE POWER,FFFFFF00,0,0.0,0,1,USTore TBS OCTOBER A.Y. 2025-2026.xlsx,FEBRUARY 2026 - TBS,colour
2026-02-26,OPS_NONSELLING,USTORE GENERAL SUPPLIERS MEETING,FF4A86E8,0,0.0,0,0,USTore TBS OCTOBER A.Y. 2025-2026.xlsx,FEBRUARY 2026 - TBS,colour
2026-02-27,NORMAL,,FFF1C232,1,239.0,1,0,USTore TBS OCTOBER A.Y. 2025-2026.xlsx,FEBRUARY 2026 - TBS,colour
2026-02-28,NORMAL,,FFF1C232,1,475.0,1,0,USTore TBS OCTOBER A.Y. 2025-2026.xlsx,FEBRUARY 2026 - TBS,colour
2026-03-01,UNKNOWN,,,0,0.0,0,0,calendar_ranges.csv (via Dim_Date),,calendar
2026-03-02,OPS_NONSELLING,INVENTORY FOR THE MONTH OF MARCH,theme8+0.0,1,191.0,0,0,USTore TBS OCTOBER A.Y. 2025-2026.xlsx,MARCH 2026 - TBS,colour
2026-03-03,OPS_NONSELLING,INVENTORY FOR THE MONTH OF MARCH,theme8+0.0,0,0.0,0,0,USTore TBS OCTOBER A.Y. 2025-2026.xlsx,MARCH 2026 - TBS,colour
2026-03-04,OPS_NONSELLING,UST ALAB: RETREAT 2026,FFFF00FF,0,0.0,0,0,USTore TBS OCTOBER A.Y. 2025-2026.xlsx,MARCH 2026 - TBS,colour
2026-03-05,OPS_NONSELLING,UST ALAB: RETREAT 2026,FFFF00FF,0,0.0,0,0,USTore TBS OCTOBER A.Y. 2025-2026.xlsx,MARCH 2026 - TBS,colour
2026-03-06,OPS_NONSELLING,UST ALAB: RETREAT 2026,FFFF00FF,0,0.0,0,0,USTore TBS OCTOBER A.Y. 2025-2026.xlsx,MARCH 2026 - TBS,colour
2026-03-07,NORMAL,,theme6+0.0,1,93.0,1,0,USTore TBS OCTOBER A.Y. 2025-2026.xlsx,MARCH 2026 - TBS,colour
2026-03-08,CLOSED,NO OPERATION,FFFF0000,0,0.0,0,1,USTore TBS OCTOBER A.Y. 2025-2026.xlsx,MARCH 2026 - TBS,colour
2026-03-09,NORMAL,,theme6+0.0,1,120.0,1,0,USTore TBS OCTOBER A.Y. 2025-2026.xlsx,MARCH 2026 - TBS,colour
2026-03-10,NORMAL,,theme6+0.0,1,162.0,1,0,USTore TBS OCTOBER A.Y. 2025-2026.xlsx,MARCH 2026 - TBS,colour
2026-03-11,NORMAL,,theme6+0.0,1,154.0,1,0,USTore TBS OCTOBER A.Y. 2025-2026.xlsx,MARCH 2026 - TBS,colour
2026-03-12,NORMAL,,theme6+0.0,1,156.0,1,0,USTore TBS OCTOBER A.Y. 2025-2026.xlsx,MARCH 2026 - TBS,colour
2026-03-13,NORMAL,,theme6+0.0,1,144.0,1,0,USTore TBS OCTOBER A.Y. 2025-2026.xlsx,MARCH 2026 - TBS,colour
2026-03-14,NORMAL,,theme6+0.0,1,87.0,1,0,USTore TBS OCTOBER A.Y. 2025-2026.xlsx,MARCH 2026 - TBS,colour
2026-03-15,CLOSED,NO OPERATION,FFFF0000,0,0.0,0,1,USTore TBS OCTOBER A.Y. 2025-2026.xlsx,MARCH 2026 - TBS,colour
2026-03-16,NORMAL,,theme6+0.0,1,47.0,1,0,USTore TBS OCTOBER A.Y. 2025-2026.xlsx,MARCH 2026 - TBS,colour
2026-03-17,NORMAL,,theme6+0.0,1,219.0,1,0,USTore TBS OCTOBER A.Y. 2025-2026.xlsx,MARCH 2026 - TBS,colour
2026-03-18,NORMAL,,theme6+0.0,1,199.0,1,0,USTore TBS OCTOBER A.Y. 2025-2026.xlsx,MARCH 2026 - TBS,colour
2026-03-19,NORMAL,,FF6FA8DC,0,0.0,1,0,USTore TBS OCTOBER A.Y. 2025-2026.xlsx,MARCH 2026 - TBS,colour
2026-03-20,NORMAL,,FFB45F06,0,0.0,1,0,USTore TBS OCTOBER A.Y. 2025-2026.xlsx,MARCH 2026 - TBS,colour
2026-03-21,NORMAL,,theme6+0.0,1,94.0,1,0,USTore TBS OCTOBER A.Y. 2025-2026.xlsx,MARCH 2026 - TBS,colour
2026-03-22,CLOSED,NO OPERATION,FFFF0000,0,0.0,0,1,USTore TBS OCTOBER A.Y. 2025-2026.xlsx,MARCH 2026 - TBS,colour
2026-03-23,NORMAL,,theme6+0.0,1,164.0,1,0,USTore TBS OCTOBER A.Y. 2025-2026.xlsx,MARCH 2026 - TBS,colour
2026-03-24,NORMAL,,theme6+0.0,1,121.0,1,0,USTore TBS OCTOBER A.Y. 2025-2026.xlsx,MARCH 2026 - TBS,colour
2026-03-25,NORMAL,,theme6+0.0,1,227.0,1,0,USTore TBS OCTOBER A.Y. 2025-2026.xlsx,MARCH 2026 - TBS,colour
2026-03-26,SUSPENSION,EVM (DUE TO JEEPNEY STRIKE),FF6D9EEB,0,0.0,1,0,USTore TBS OCTOBER A.Y. 2025-2026.xlsx,MARCH 2026 - TBS,colour
2026-03-27,SUSPENSION,EVM (DUE TO JEEPNEY STRIKE),FF6D9EEB,0,0.0,1,0,USTore TBS OCTOBER A.Y. 2025-2026.xlsx,MARCH 2026 - TBS,colour
2026-03-28,NORMAL,,theme6+0.0,1,358.0,1,0,USTore TBS OCTOBER A.Y. 2025-2026.xlsx,MARCH 2026 - TBS,colour
2026-03-29,SELLING_SPECIAL,UST VOLLEYBALL GAME SELLING,FF00FF00,1,221.0,1,0,USTore TBS OCTOBER A.Y. 2025-2026.xlsx,MARCH 2026 - TBS,colour
2026-03-30,CLOSED,,,0,0.0,0,1,calendar_ranges.csv (via Dim_Date),,calendar
2026-03-31,CLOSED,,,0,0.0,0,1,calendar_ranges.csv (via Dim_Date),,calendar
2026-04-01,CLOSED,,,0,0.0,0,1,calendar_ranges.csv (via Dim_Date),,calendar
2026-04-02,CLOSED,,,0,0.0,0,1,calendar_ranges.csv (via Dim_Date),,calendar
2026-04-03,CLOSED,,,0,0.0,0,1,calendar_ranges.csv (via Dim_Date),,calendar
2026-04-04,CLOSED,,,0,0.0,0,1,calendar_ranges.csv (via Dim_Date),,calendar
2026-04-05,SELLING_SPECIAL,UST VOLLEYBALL GAME SELLING,FF00FF00,1,155.0,1,0,USTore TBS OCTOBER A.Y. 2025-2026.xlsx,APRIL 2026 - TBS,colour
2026-04-06,OPS_NONSELLING,INVTY. MEZZANINE,theme8+0.0,0,0.0,0,0,USTore TBS OCTOBER A.Y. 2025-2026.xlsx,APRIL 2026 - TBS,colour
2026-04-07,NORMAL,,theme6+0.0,1,106.0,1,0,USTore TBS OCTOBER A.Y. 2025-2026.xlsx,APRIL 2026 - TBS,colour
2026-04-08,NORMAL,,theme6+0.0,1,136.0,1,0,USTore TBS OCTOBER A.Y. 2025-2026.xlsx,APRIL 2026 - TBS,colour
2026-04-09,CLOSED,HOLIDAY (DAY OF VALOR),FF980000,0,0.0,0,1,USTore TBS OCTOBER A.Y. 2025-2026.xlsx,APRIL 2026 - TBS,colour
2026-04-10,NORMAL,,theme6+0.0,1,130.0,1,0,USTore TBS OCTOBER A.Y. 2025-2026.xlsx,APRIL 2026 - TBS,colour
2026-04-11,NORMAL,,theme6+0.0,1,106.0,1,0,USTore TBS OCTOBER A.Y. 2025-2026.xlsx,APRIL 2026 - TBS,colour
2026-04-12,CLOSED,NO OPERATION,FFFF0000,0,0.0,0,1,USTore TBS OCTOBER A.Y. 2025-2026.xlsx,APRIL 2026 - TBS,colour
2026-04-13,NORMAL,,theme6+0.0,1,294.0,1,0,USTore TBS OCTOBER A.Y. 2025-2026.xlsx,APRIL 2026 - TBS,colour
2026-04-14,NORMAL,,theme6+0.0,1,106.0,1,0,USTore TBS OCTOBER A.Y. 2025-2026.xlsx,APRIL 2026 - TBS,colour
2026-04-15,SUSPENSION,EVM (TRANSPORT STRIKE) AND AS PER UST,FF4A86E8,0,0.0,1,0,USTore TBS OCTOBER A.Y. 2025-2026.xlsx,APRIL 2026 - TBS,colour
2026-04-16,SUSPENSION,EVM (TRANSPORT STRIKE) AND AS PER UST,FF4A86E8,0,0.0,1,0,USTore TBS OCTOBER A.Y. 2025-2026.xlsx,APRIL 2026 - TBS,colour
2026-04-17,SUSPENSION,EVM (TRANSPORT STRIKE) AND AS PER UST,FF4A86E8,0,0.0,1,0,USTore TBS OCTOBER A.Y. 2025-2026.xlsx,APRIL 2026 - TBS,colour
2026-04-18,NORMAL,,theme6+0.0,1,168.0,1,0,USTore TBS OCTOBER A.Y. 2025-2026.xlsx,APRIL 2026 - TBS,colour
2026-04-19,CLOSED,NO OPERATION,FFFF0000,0,0.0,0,1,USTore TBS OCTOBER A.Y. 2025-2026.xlsx,APRIL 2026 - TBS,colour
2026-04-20,SUSPENSION,EVM (TRANSPORT STRIKE) AND AS PER UST,FF4A86E8,0,0.0,1,0,USTore TBS OCTOBER A.Y. 2025-2026.xlsx,APRIL 2026 - TBS,colour
2026-04-21,NORMAL,,theme6+0.0,1,151.0,1,0,USTore TBS OCTOBER A.Y. 2025-2026.xlsx,APRIL 2026 - TBS,colour
2026-04-22,NORMAL,,theme6+0.0,1,254.0,1,0,USTore TBS OCTOBER A.Y. 2025-2026.xlsx,APRIL 2026 - TBS,colour
2026-04-23,NORMAL,,theme6+0.0,1,137.0,1,0,USTore TBS OCTOBER A.Y. 2025-2026.xlsx,APRIL 2026 - TBS,colour
2026-04-24,NORMAL,,theme6+0.0,1,165.0,1,0,USTore TBS OCTOBER A.Y. 2025-2026.xlsx,APRIL 2026 - TBS,colour
2026-04-25,NORMAL,,theme6+0.0,1,134.0,1,0,USTore TBS OCTOBER A.Y. 2025-2026.xlsx,APRIL 2026 - TBS,colour
2026-04-26,CLOSED,NO OPERATION,FFFF0000,0,0.0,0,1,USTore TBS OCTOBER A.Y. 2025-2026.xlsx,APRIL 2026 - TBS,colour
2026-04-27,SUSPENSION,EVM (TRANSPORT STRIKE) AND AS PER UST,FF4A86E8,0,0.0,1,0,USTore TBS OCTOBER A.Y. 2025-2026.xlsx,APRIL 2026 - TBS,colour
2026-04-28,NORMAL,,FFF1C232,1,265.0,1,0,USTore TBS OCTOBER A.Y. 2025-2026.xlsx,APRIL 2026 - TBS,colour
2026-04-29,NORMAL,,theme6+0.0,1,186.0,1,0,USTore TBS OCTOBER A.Y. 2025-2026.xlsx,APRIL 2026 - TBS,colour
2026-04-30,OPS_NONSELLING,UST SUPPORT STAFF SPORTSFEST 2026,FF6AA84F,1,144.0,0,0,USTore TBS OCTOBER A.Y. 2025-2026.xlsx,APRIL 2026 - TBS,colour
2026-05-01,CLOSED,,,0,0.0,0,1,calendar_ranges.csv (via Dim_Date),,calendar
2026-05-02,UNKNOWN,,,0,0.0,0,0,calendar_ranges.csv (via Dim_Date),,calendar
2026-05-03,UNKNOWN,,,0,0.0,0,0,calendar_ranges.csv (via Dim_Date),,calendar
2026-05-04,UNKNOWN,,,0,0.0,0,0,calendar_ranges.csv (via Dim_Date),,calendar
2026-05-05,NORMAL,,FFF1C232,1,132.0,1,0,USTore TBS OCTOBER A.Y. 2025-2026.xlsx,MAY 2026 - TBS,colour
2026-05-06,NORMAL,,FFF1C232,1,190.0,1,0,USTore TBS OCTOBER A.Y. 2025-2026.xlsx,MAY 2026 - TBS,colour
2026-05-07,NORMAL,,FFF1C232,1,173.0,1,0,USTore TBS OCTOBER A.Y. 2025-2026.xlsx,MAY 2026 - TBS,colour
2026-05-08,OPS_NONSELLING,HIYAS 2026,FF6AA84F,0,0.0,0,0,USTore TBS OCTOBER A.Y. 2025-2026.xlsx,MAY 2026 - TBS,colour
2026-05-09,NORMAL,,FFF1C232,1,177.0,1,0,USTore TBS OCTOBER A.Y. 2025-2026.xlsx,MAY 2026 - TBS,colour
2026-05-10,CLOSED,NO OPERATION,FFFF0000,0,0.0,0,1,USTore TBS OCTOBER A.Y. 2025-2026.xlsx,MAY 2026 - TBS,colour
2026-05-11,OPS_NONSELLING,EVM (TRANSPORT STRIKE) / GENERAL CLEANING,FF4A86E8,0,0.0,0,0,USTore TBS OCTOBER A.Y. 2025-2026.xlsx,MAY 2026 - TBS,colour
2026-05-12,NORMAL,,FFF1C232,1,217.0,1,0,USTore TBS OCTOBER A.Y. 2025-2026.xlsx,MAY 2026 - TBS,colour
2026-05-13,NORMAL,,FFF1C232,1,174.0,1,0,USTore TBS OCTOBER A.Y. 2025-2026.xlsx,MAY 2026 - TBS,colour
2026-05-14,NORMAL,,FFF1C232,1,285.0,1,0,USTore TBS OCTOBER A.Y. 2025-2026.xlsx,MAY 2026 - TBS,colour
2026-05-15,OPS_NONSELLING,UAAP CLOSING 2026,theme8+0.0,1,20.0,0,0,USTore TBS OCTOBER A.Y. 2025-2026.xlsx,MAY 2026 - TBS,colour
2026-05-16,NORMAL,,FFF1C232,1,88.0,1,0,USTore TBS OCTOBER A.Y. 2025-2026.xlsx,MAY 2026 - TBS,colour
2026-05-17,CLOSED,NO OPERATION,FFFF0000,0,0.0,0,1,USTore TBS OCTOBER A.Y. 2025-2026.xlsx,MAY 2026 - TBS,colour
2026-05-18,OPS_NONSELLING,EVM (TRANSPORT STRIKE) / GENERAL CLEANING,FF4A86E8,0,0.0,0,0,USTore TBS OCTOBER A.Y. 2025-2026.xlsx,MAY 2026 - TBS,colour
2026-05-19,NORMAL,,FFF1C232,1,264.0,1,0,USTore TBS OCTOBER A.Y. 2025-2026.xlsx,MAY 2026 - TBS,colour
2026-05-20,NORMAL,,FFF1C232,1,297.0,1,0,USTore TBS OCTOBER A.Y. 2025-2026.xlsx,MAY 2026 - TBS,colour
2026-05-21,NORMAL,,FFF1C232,1,112.0,1,0,USTore TBS OCTOBER A.Y. 2025-2026.xlsx,MAY 2026 - TBS,colour
2026-05-22,SELLING_SPECIAL,AFTERNOON SELLING FRAY MHEL'S BDAY,FF0000FF,0,0.0,1,0,USTore TBS OCTOBER A.Y. 2025-2026.xlsx,MAY 2026 - TBS,colour
2026-05-23,NORMAL,,FFF1C232,1,715.0,1,0,USTore TBS OCTOBER A.Y. 2025-2026.xlsx,MAY 2026 - TBS,colour
2026-05-24,CLOSED,NO OPERATION,FFFF0000,0,0.0,0,1,USTore TBS OCTOBER A.Y. 2025-2026.xlsx,MAY 2026 - TBS,colour
2026-05-25,OPS_NONSELLING,EVM (TRANSPORT STRIKE) / GENERAL CLEANING,FF4A86E8,0,0.0,0,0,USTore TBS OCTOBER A.Y. 2025-2026.xlsx,MAY 2026 - TBS,colour
2026-05-26,OPS_NONSELLING,UST SUPPORT STAFF GEN. ASSEMBLY,FFA64D79,0,0.0,0,0,USTore TBS OCTOBER A.Y. 2025-2026.xlsx,MAY 2026 - TBS,colour
2026-05-27,CLOSED,EID'L ADHA HOLIDAY,FF00FFFF,0,0.0,0,1,USTore TBS OCTOBER A.Y. 2025-2026.xlsx,MAY 2026 - TBS,colour
2026-05-28,NORMAL,,FFF1C232,1,560.0,1,0,USTore TBS OCTOBER A.Y. 2025-2026.xlsx,MAY 2026 - TBS,colour
2026-05-29,NORMAL,,FFF1C232,1,227.0,1,0,USTore TBS OCTOBER A.Y. 2025-2026.xlsx,MAY 2026 - TBS,colour
2026-05-30,NORMAL,,FFF1C232,1,309.0,1,0,USTore TBS OCTOBER A.Y. 2025-2026.xlsx,MAY 2026 - TBS,colour
2026-05-31,UNKNOWN,,,0,0.0,0,0,calendar_ranges.csv (via Dim_Date),,calendar
2026-06-01,NORMAL,,FFF1C232,1,416.0,1,0,USTore TBS OCTOBER A.Y. 2025-2026.xlsx,JUNE 2026 - TBS,colour
2026-06-02,NORMAL,,FFF1C232,1,235.0,1,0,USTore TBS OCTOBER A.Y. 2025-2026.xlsx,JUNE 2026 - TBS,colour
2026-06-03,NORMAL,,FFF1C232,1,401.0,1,0,USTore TBS OCTOBER A.Y. 2025-2026.xlsx,JUNE 2026 - TBS,colour
2026-06-04,NORMAL,,FFF1C232,1,381.0,1,0,USTore TBS OCTOBER A.Y. 2025-2026.xlsx,JUNE 2026 - TBS,colour
2026-06-05,NORMAL,,FFF1C232,1,630.0,1,0,USTore TBS OCTOBER A.Y. 2025-2026.xlsx,JUNE 2026 - TBS,colour
2026-06-06,NORMAL,,FFF1C232,1,315.0,1,0,USTore TBS OCTOBER A.Y. 2025-2026.xlsx,JUNE 2026 - TBS,colour
2026-06-07,CLOSED,NO OPERATION,FFFF0000,0,0.0,0,1,USTore TBS OCTOBER A.Y. 2025-2026.xlsx,JUNE 2026 - TBS,colour
2026-06-08,NORMAL,,FFF1C232,1,436.0,1,0,USTore TBS OCTOBER A.Y. 2025-2026.xlsx,JUNE 2026 - TBS,colour
2026-06-09,NORMAL,,FFF1C232,1,200.0,1,0,USTore TBS OCTOBER A.Y. 2025-2026.xlsx,JUNE 2026 - TBS,colour
2026-06-10,NORMAL,,FFF1C232,1,318.0,1,0,USTore TBS OCTOBER A.Y. 2025-2026.xlsx,JUNE 2026 - TBS,colour
2026-06-11,NORMAL,,FFF1C232,1,293.0,1,0,USTore TBS OCTOBER A.Y. 2025-2026.xlsx,JUNE 2026 - TBS,colour
2026-06-12,CLOSED,INDEPENDENCE DAY,FF980000,0,0.0,0,1,USTore TBS OCTOBER A.Y. 2025-2026.xlsx,JUNE 2026 - TBS,colour
2026-06-13,NORMAL,,FFF1C232,1,348.0,1,0,USTore TBS OCTOBER A.Y. 2025-2026.xlsx,JUNE 2026 - TBS,colour
2026-06-14,CLOSED,NO OPERATION,FFFF0000,0,0.0,0,1,USTore TBS OCTOBER A.Y. 2025-2026.xlsx,JUNE 2026 - TBS,colour
2026-06-15,NORMAL,,FFF1C232,1,276.0,1,0,USTore TBS OCTOBER A.Y. 2025-2026.xlsx,JUNE 2026 - TBS,colour
2026-06-16,NORMAL,,FFF1C232,1,205.0,1,0,USTore TBS OCTOBER A.Y. 2025-2026.xlsx,JUNE 2026 - TBS,colour
2026-06-17,NORMAL,,FFF1C232,1,208.0,1,0,USTore TBS OCTOBER A.Y. 2025-2026.xlsx,JUNE 2026 - TBS,colour
2026-06-18,NORMAL,,FFF1C232,1,294.0,1,0,USTore TBS OCTOBER A.Y. 2025-2026.xlsx,JUNE 2026 - TBS,colour
2026-06-19,NORMAL,,FFF1C232,1,245.0,1,0,USTore TBS OCTOBER A.Y. 2025-2026.xlsx,JUNE 2026 - TBS,colour
2026-06-20,NORMAL,,FFF1C232,1,57.0,1,0,USTore TBS OCTOBER A.Y. 2025-2026.xlsx,JUNE 2026 - TBS,colour
2026-06-21,CLOSED,NO OPERATION,FFFF0000,0,0.0,0,1,USTore TBS OCTOBER A.Y. 2025-2026.xlsx,JUNE 2026 - TBS,colour
2026-06-22,SUSPENSION,EVM (TRANSPORT STRIKE) AS PER UST,FF4A86E8,0,0.0,1,0,USTore TBS OCTOBER A.Y. 2025-2026.xlsx,JUNE 2026 - TBS,colour
2026-06-23,NORMAL,,FFF1C232,1,323.0,1,0,USTore TBS OCTOBER A.Y. 2025-2026.xlsx,JUNE 2026 - TBS,colour
2026-06-24,CLOSED,MANILA DAY (HOLIDAY),theme8+0.0,0,0.0,0,1,USTore TBS OCTOBER A.Y. 2025-2026.xlsx,JUNE 2026 - TBS,colour
2026-06-25,NORMAL,,FFF1C232,1,551.0,1,0,USTore TBS OCTOBER A.Y. 2025-2026.xlsx,JUNE 2026 - TBS,colour
2026-06-26,NORMAL,,FFF1C232,1,335.0,1,0,USTore TBS OCTOBER A.Y. 2025-2026.xlsx,JUNE 2026 - TBS,colour
2026-06-27,OPS_NONSELLING,MONTHLY INVENTORY,FFFFFF00,0,0.0,0,0,USTore TBS OCTOBER A.Y. 2025-2026.xlsx,JUNE 2026 - TBS,colour
2026-06-28,CLOSED,NO OPERATION,FFFF0000,0,0.0,0,1,USTore TBS OCTOBER A.Y. 2025-2026.xlsx,JUNE 2026 - TBS,colour
2026-06-29,NORMAL,,FFF1C232,1,196.0,1,0,USTore TBS OCTOBER A.Y. 2025-2026.xlsx,JUNE 2026 - TBS,colour
2026-06-30,NORMAL,,FFF1C232,1,184.0,1,0,USTore TBS OCTOBER A.Y. 2025-2026.xlsx,JUNE 2026 - TBS,colour
2026-07-01,NORMAL,,FFF1C232,1,121.0,1,0,USTore TBS OCTOBER A.Y. 2025-2026.xlsx,JULY 2026 - TBS,colour
2026-07-02,OPS_NONSELLING,BENCHMARKING,theme8+0.0,0,0.0,0,0,USTore TBS OCTOBER A.Y. 2025-2026.xlsx,JULY 2026 - TBS,colour
2026-07-03,NORMAL,,FFF1C232,1,492.0,1,0,USTore TBS OCTOBER A.Y. 2025-2026.xlsx,JULY 2026 - TBS,colour
2026-07-04,NORMAL,,FFF1C232,1,70.0,1,0,USTore TBS OCTOBER A.Y. 2025-2026.xlsx,JULY 2026 - TBS,colour
2026-07-05,CLOSED,NO OPERATION,FFFF0000,0,0.0,0,1,USTore TBS OCTOBER A.Y. 2025-2026.xlsx,JULY 2026 - TBS,colour
2026-07-06,SUSPENSION,EVM (TRANSPORT STRIKE) AS PER UST,FF4A86E8,0,0.0,1,0,USTore TBS OCTOBER A.Y. 2025-2026.xlsx,JULY 2026 - TBS,colour
2026-07-07,NORMAL,,FFF1C232,1,215.0,1,0,USTore TBS OCTOBER A.Y. 2025-2026.xlsx,JULY 2026 - TBS,colour
2026-07-08,NORMAL,,FFF1C232,1,149.0,1,0,USTore TBS OCTOBER A.Y. 2025-2026.xlsx,JULY 2026 - TBS,colour
2026-07-09,NORMAL,,FFF1C232,0,0.0,1,0,USTore TBS OCTOBER A.Y. 2025-2026.xlsx,JULY 2026 - TBS,colour
2026-07-10,SUSPENSION,EVM (TRANSPORT STRIKE) AS PER UST,FF4A86E8,0,0.0,1,0,USTore TBS OCTOBER A.Y. 2025-2026.xlsx,JULY 2026 - TBS,colour
2026-07-11,OPS_NONSELLING,USTORE THANKSGIVING PARTY,FF980000,0,0.0,0,0,USTore TBS OCTOBER A.Y. 2025-2026.xlsx,JULY 2026 - TBS,colour
2026-07-12,CLOSED,NO OPERATION,FFFF0000,0,0.0,0,1,USTore TBS OCTOBER A.Y. 2025-2026.xlsx,JULY 2026 - TBS,colour
2026-07-13,SUSPENSION,EVM (TRANSPORT STRIKE) AS PER UST,FF4A86E8,0,0.0,1,0,USTore TBS OCTOBER A.Y. 2025-2026.xlsx,JULY 2026 - TBS,colour
2026-07-14,NORMAL,,FFF1C232,0,0.0,1,0,USTore TBS OCTOBER A.Y. 2025-2026.xlsx,JULY 2026 - TBS,colour
2026-07-15,NORMAL,,FFF1C232,0,0.0,1,0,USTore TBS OCTOBER A.Y. 2025-2026.xlsx,JULY 2026 - TBS,colour
2026-07-16,NORMAL,,FFF1C232,0,0.0,1,0,USTore TBS OCTOBER A.Y. 2025-2026.xlsx,JULY 2026 - TBS,colour
2026-07-17,NORMAL,,FFF1C232,0,0.0,1,0,USTore TBS OCTOBER A.Y. 2025-2026.xlsx,JULY 2026 - TBS,colour
2026-07-18,NORMAL,,FF93C47D,0,0.0,1,0,USTore TBS OCTOBER A.Y. 2025-2026.xlsx,JULY 2026 - TBS,colour
2026-07-19,CLOSED,NO OPERATION,FFFF0000,0,0.0,0,1,USTore TBS OCTOBER A.Y. 2025-2026.xlsx,JULY 2026 - TBS,colour
2026-07-20,SUSPENSION,EVM (TRANSPORT STRIKE) AS PER UST,FF4A86E8,0,0.0,1,0,USTore TBS OCTOBER A.Y. 2025-2026.xlsx,JULY 2026 - TBS,colour
2026-07-21,NORMAL,,FFF1C232,0,0.0,1,0,USTore TBS OCTOBER A.Y. 2025-2026.xlsx,JULY 2026 - TBS,colour
2026-07-22,NORMAL,,FFF1C232,0,0.0,1,0,USTore TBS OCTOBER A.Y. 2025-2026.xlsx,JULY 2026 - TBS,colour
2026-07-23,NORMAL,,FFF1C232,0,0.0,1,0,USTore TBS OCTOBER A.Y. 2025-2026.xlsx,JULY 2026 - TBS,colour
2026-07-24,NORMAL,,FFF1C232,0,0.0,1,0,USTore TBS OCTOBER A.Y. 2025-2026.xlsx,JULY 2026 - TBS,colour
2026-07-25,NORMAL,,FFF1C232,0,0.0,1,0,USTore TBS OCTOBER A.Y. 2025-2026.xlsx,JULY 2026 - TBS,colour
2026-07-26,CLOSED,NO OPERATION,FFFF0000,0,0.0,0,1,USTore TBS OCTOBER A.Y. 2025-2026.xlsx,JULY 2026 - TBS,colour
2026-07-27,SUSPENSION,EVM (TRANSPORT STRIKE) AS PER UST,FF4A86E8,0,0.0,1,0,USTore TBS OCTOBER A.Y. 2025-2026.xlsx,JULY 2026 - TBS,colour
2026-07-28,NORMAL,,FFF1C232,0,0.0,1,0,USTore TBS OCTOBER A.Y. 2025-2026.xlsx,JULY 2026 - TBS,colour
2026-07-29,NORMAL,,FFF1C232,0,0.0,1,0,USTore TBS OCTOBER A.Y. 2025-2026.xlsx,JULY 2026 - TBS,colour
2026-07-30,NORMAL,,FFF1C232,0,0.0,1,0,USTore TBS OCTOBER A.Y. 2025-2026.xlsx,JULY 2026 - TBS,colour
2026-07-31,NORMAL,,FFF1C232,0,0.0,1,0,USTore TBS OCTOBER A.Y. 2025-2026.xlsx,JULY 2026 - TBS,colour
