raw_name,canonical_item_name,merged,row_count,source,revisit_with_store
(white/black/yellow line design),(white/black/yellow line design),no,35,inventory,
0.50L B1T1 Tumbler (MCX-A501) Push Button Lid,0.50L B1T1 Tumbler (MCX-A501) Push Button Lid,no,8,sales+inventory,
0.50L B1T1 Tumbler (MCY-A050) screw lid,0.50L B1T1 Tumbler (MCY-A050) screw lid,no,21,inventory,
0.8L B1T1 Tumbler 2 way lid,0.8L B1T1 Tumbler 2 way lid,no,7,inventory,
1.2L Tumbler (MTA-T120) for Carbonated Drinks,1.2L Tumbler (MTA-T120) for Carbonated drinks,yes,3,sales,
1.2L Tumbler (MTA-T120) for Carbonated drinks,1.2L Tumbler (MTA-T120) for Carbonated drinks,no,35,inventory,
1.5 Tumbler (MTA-T150) for Carbonated Drinks,1.5 Tumbler (MTA-T150) for Carbonated Drinks,no,1,sales,
1.5L Tumbler (MTA-T150) for Carbonated drinks,1.5L Tumbler (MTA-T150) for Carbonated drinks,no,35,inventory,"DEFERRED pass2: possible match to '1.5 Tumbler (MTA-T150) for Carbonated Drinks' - Differs by: 5, 5l"
1.75 Glitter Button Pin (typographic),1.75 Glitter Button Pin (typographic),no,10,inventory,
1.75 Glossy Button Pin (typographic),1.75 Glossy Button Pin (typographic),no,10,inventory,
1.75 Matte Button Pin (typographic),1.75 Matte Button Pin (typographic),no,10,inventory,Reversed a bad auto-merge - kept separate. Confirm with store.
2 Color Polo Shirt (tiger pattern color),2 Color Polo Shirt (tiger pattern color),no,179,inventory,
2  Color Polo Shirt (white w/black collar),2 Color Polo Shirt (white w/black collar),yes,175,inventory,
2 Color Polo Shirt (white w/black collar),2 Color Polo Shirt (white w/black collar),no,2,inventory,
2 Color Polo Shirt (white w/black scratch),2 Color Polo Shirt (white w/black scratch),no,5,inventory,
2 Color Polo Shirt (white w/black sleeves),2 Color Polo Shirt (white w/black sleeves),no,178,inventory,
2 Color Polo Shirt (white w/black top w/yellow line),2 Color Polo Shirt (white w/black top w/yellow line),no,178,inventory,
2 Color Polo Shirt (white w/yellow collar),2 Color Polo Shirt (white w/yellow collar),no,175,inventory,
2 Color Polo Shirt (white w/yellow sleeves),2 Color Polo Shirt (white w/yellow sleeves),no,178,inventory,
2 Color Polo Shirt (yellow w/black collar),2 Color Polo Shirt (yellow w/black collar),no,178,inventory,
2 Color Polo Shirt (yelow w/black scratch),2 Color Polo Shirt (yelow w/black scratch),no,5,inventory,
2.25 Glitter Button Pin (main building),2.25 Glitter Button Pin (main building),no,10,inventory,
2.25 Glossy Button Pin (main building),2.25 Glossy Button Pin (main building),no,10,inventory,
2.25 Matte Button Pin (main building),2.25 Matte Button Pin (main building),no,10,inventory,Reversed a bad auto-merge - kept separate. Confirm with store.
280ml Desk Mug,280ml Desk Mug,no,30,sales+inventory,
280ml Desk Mug / MCIA028,280ml Desk Mug / MCIA028,no,3,sales,
3 Color Polo Shirt,3 Color Polo Shirt,no,180,inventory,PRICE-GROUPED: sales logs generic 'Polo Shirt' - handle in proportional allocation
480ML Tumbler (MKA-KO48) Push Button Lid Anti-Bacterial,480ml Tumbler (MKA-KO48)Push Botton Lid Anti Bacterial,yes,2,sales,
480ml Tumbler (MKA-KO48)Push Botton Lid Anti Bacterial,480ml Tumbler (MKA-KO48)Push Botton Lid Anti Bacterial,no,40,inventory,
500ml Tumbler (MTA-T050) for Carbonated drinks,500ml Tumbler (MTA-T050) for Carbonated drinks,no,21,inventory,
500ML Tumbler (MTA-T050) For Carbonated Drinks,500ml Tumbler (MTA-T050) for Carbonated drinks,yes,1,sales,
5M Magnetic Pin,5M Magnetic Pin,no,124,sales,
5M Rotating Keychain,5M Rotating Keychain,no,181,sales,
800ml Sports Tumbler (MCZ-2080) screw lid anti bacterial,800ml Sports Tumbler (MCZ-2080) screw lid anti bacterial,no,1,sales,
800ml Sports Tumbler (MCZ-S040) screw lid antibacterial,800ml Sports Tumbler (MCZ-S040) screw lid antibacterial,no,7,inventory,PRICE-GROUPED: sales logs generic '800ml Sports Tumbler (MCZ-2080) screw lid anti bacterial' - handle in proportional allocation
800ml Sports Tumbler (MCZ-S080) screw lid antibacterial,800ml Sports Tumbler (MCZ-S080) screw lid antibacterial,no,21,inventory,PRICE-GROUPED: sales logs generic '800ml Sports Tumbler (MCZ-2080) screw lid anti bacterial' - handle in proportional allocation
800ml Tumbler (MTA-T080) for Carbonated drinks,800ml Tumbler (MTA-T080) for Carbonated drinks,no,35,inventory,
800ML Tumbler (MTA-T080) for Carbonated Drinks,800ml Tumbler (MTA-T080) for Carbonated drinks,yes,1,sales,
ABSC College Shirt (60th),ABSC College Shirt (60th),no,232,sales+inventory,
Alessandrini,Alessandrini,no,16,inventory,
Aquaflask,Aquaflask,no,136,sales,
Arch,Arch,no,26,sales+inventory,
Arch @320,Arch @320,no,130,sales,
Arch @350,Arch @350,no,63,sales,
Arch Clicker,Arch Clicker,no,2,inventory,DEFERRED pass2: possible match to 'UST Arch Clicker' - Differs by: ust
Architecture (maroon/yellow),Architecture (maroon/yellow),no,215,inventory,
Artic Back Pack,Artic Back Pack,no,18,inventory,PRICE-GROUPED: sales logs generic 'Back pack' - handle in proportional allocation
Arts & Letters Shirt (blue/gray),Arts & Letters Shirt (blue/gray),no,180,inventory,
Athletic Shirt V2(Yellow UAAP Shirt),Athletic Shirt V2(Yellow UAAP Shirt),no,48,inventory,
Athletic V.1,Athletic V.1,no,56,inventory,
Athletic V.2,Athletic V.2,no,14,inventory,
Auto Umbrella,Auto Umbrella,no,5,sales,"Abbreviation of ""Automatic Umbrella"""
Automatic Umbrella,Automatic Umbrella,no,79,sales,
B. Lanyard @180,Lanyard @180,yes,22,sales,Pass4: merged sequential naming-convention change into 'Lanyard @180'
BASE BALL SHIRT,BASE BALL SHIRT,no,113,sales,
Back Pack,Back pack,yes,5,sales,
Back pack,Back pack,no,12,sales,
Backpack Bag,Backpack Bag,no,1,sales,
Bag,Bag,no,1,sales,
Baller,Baller,no,43,sales+inventory,
Ballpen (display included),Ballpen (display included),no,18,inventory,
Ballpen 2 Designs @50 (B&Y),Ballpen 2 Designs @50 (B&Y),no,126,sales,
"Ballpen 3 Designs @50 (B,Y,W)","Ballpen 3 Designs @50 (B,Y,W)",no,94,sales,
Ballpen w/ Box,Ballpen w/ Box,no,18,inventory,
Bamboo Notebook,Bamboo Notebook @150,yes,12,inventory,Pass2: inventory->sales name unified
Bamboo Notebook @150,Bamboo Notebook @150,no,88,sales,
Bamboo Pen,Bamboo Pen @60,yes,12,inventory,Pass2: inventory->sales name unified
Bamboo Pen @60,Bamboo Pen @60,no,103,sales,
Baseball Cap METAL @380,Baseball Cap METAL @380,no,100,sales,
Baseball Cap VELCRO @380,Baseball Cap VELCRO @380,no,2,sales,
"Baseball Shirt (Y,W)","Baseball Shirt (Y,W)",no,48,sales,
Basketball V.1,Basketball V.1,no,72,inventory,
Basketball V.2,Basketball V.2,no,70,inventory,
Big Car,Big Car,no,23,sales,
Big Handcrafted Sling Bag,Big Handcrafted Sling Bag,no,8,inventory,"DEFERRED pass2: possible match to 'Sling Bag' - Differs by: big, handcrafted"
Big Handcrafted Tote Bag,Big Handcrafted Tote Bag,no,8,inventory,"DEFERRED pass2: possible match to 'Woven Tote Bag (BIG)' - Differs by: handcrafted, woven"
Big Mystery Car,Big Mystery Car,no,2,sales,
Big Tiger,Big Tiger,no,1,inventory,DEFERRED pass2: possible match to 'Tiger Plushie Big' - Differs by: plushie
Big Tiger (display Included),Big Tiger (display Included),no,18,inventory,
Black  Aquaflask (display included),Black Aquaflask (display included),yes,18,inventory,
Black Blaze Polo Shirt,Black Blaze Polo Shirt,no,243,inventory,PRICE-GROUPED: sales logs generic 'Polo Shirt' - handle in proportional allocation
Black Click Pen,Black Click Pen,no,12,inventory,
Black Double Canopy Umbrella,Black Double Canopy Umbrella,no,2,inventory,PRICE-GROUPED: sales logs generic 'Double Canopy' - handle in proportional allocation
Black Eco Bag,Black Eco Bag,no,112,sales+inventory,
Black Embro,Black Embro,no,102,sales,
Black Embro Oversized Shirt,Black Embro Oversized Shirt,no,48,inventory,PRICE-GROUPED: sales logs generic 'Black Embro' - handle in proportional allocation
Black Embro Varsity Jacket,Black Embro Varsity Jacket,no,24,inventory,
Black Golden Tigresses,Black Golden Tigresses,no,36,inventory,
Black Golf Umbrella,Black Golf Umbrella,no,11,inventory,
Black Happy Tiger,Black Happy Tiger,no,250,inventory,PRICE-GROUPED: sales logs generic 'UST Happy Tiger' - handle in proportional allocation
Black Hoodie Embro,Black Hoodie Embro,no,112,inventory,PRICE-GROUPED: sales logs generic 'Black Embro' - handle in proportional allocation
Black Hoodie w/ Tigers Lettering,Black Hoodie w/ Tigers Lettering,no,7,inventory,
Black Keep Growling Oversized Shirt,Black Keep Growling Oversized Shirt,no,40,inventory,
Black Lanyard,Black Lanyard,no,18,inventory,PRICE-GROUPED: sales logs generic 'Lanyard' - handle in proportional allocation
Black Laptop Bag,Black Laptop Bag,no,18,inventory,PRICE-GROUPED: sales logs generic 'Laptop Bag' - handle in proportional allocation
Black Oat Hoodie,Black Oat Hoodie,no,184,inventory,
Black Oat Mug,Black Oat Mug,no,14,inventory,"DEFERRED pass2: possible match to 'UST OAT MUG (Pure Black)' - Differs by: pure, ust"
Black Oat Shirt,Black Oat Shirt,no,250,inventory,
Black Pen 1 line,Black Pen 1 line,no,12,inventory,
Black Pen 2 lines,Black Pen 2 lines,no,12,inventory,
Black Quiana Two Toned,Black Quiana Two Toned,no,48,inventory,
Black Script Shirt,Black Script Shirt,no,178,inventory,
Black Shorts,Black Shorts,no,72,inventory,
Black Sporty Shirt,Black Sporty Shirt,no,315,inventory,
Black Sporty Sweatshirt,Black Sporty Sweatshirt,no,214,inventory,
Black Tiger Pattern,Black Tiger Pattern,no,258,inventory,
Black UAAP Subli Polo Shirt,Black UAAP Subli Polo Shirt,no,30,inventory,
Black UST Scarves,Black UST Scarves,no,12,inventory,
Black UST Tote Bag,Black UST Tote Bag,no,12,inventory,
Black Volleyball Shirt,Black Volleyball Shirt,no,175,inventory,
Black Wearable Blanket,Black Wearable Blanket,no,9,inventory,PRICE-GROUPED: sales logs generic 'Wearable Blanket' - handle in proportional allocation
Black w/ Yellow UST Embro,Black w/ Yellow UST Embro,no,23,sales,
Blanca Pen,Blanca Pen,no,54,sales+inventory,
Bomber Jacket,Bomber Jacket,no,62,sales+inventory,
Bookmark,Bookmarks,yes,7,sales,
Bookmarks,Bookmarks,no,15,inventory,
Bucket Hat,Bucket Hat,no,1,inventory,
Bucket Hat (display included),Bucket Hat (display included),no,10,inventory,
Bundle Sticker,Bundle Sticker,no,7,inventory,DEFERRED pass2: possible match to 'MJ Sticker Bundle' - Differs by: mj
Button Pins Big,Button Pin (Big),yes,10,sales,
Button Pin (Big),Button Pin (Big),no,31,sales,
Button Pin (Small),Button Pin (Small),no,16,sales,
Button Pins Small,Button Pins Small,no,29,sales,
C. Keychain,C. Keychain,no,322,sales,
C. Sticker @120,C. Sticker @120,no,19,sales,
CICS Shirt (red/gray),CICS Shirt (red/gray),no,215,inventory,
CTHM Shirt (green/blue),CTHM Shirt (green/blue),no,48,inventory,
Cane Umbrella,Cane Umbrella,no,2,sales,
Canvass Bag,Canvass Bag,no,4,sales+inventory,
Caps,Caps,no,8,sales,
Ceramic Embossed Black Mug,Ceramic Embossed Black Mug,no,2,inventory,
Ceramic Mug 18oz,Ceramic Mug 18oz,no,20,sales,
Championship Shirt,Championship Shirt,no,48,inventory,"DEFERRED pass2: possible match to 'USTWBT Championship Shirt 2025' - Differs by: 2025, ustwbt"
Charger,Charger,no,55,sales+inventory,
Charger (display included),Charger (display included),no,108,inventory,
Chibi Stickers,Chibi Stickers,no,62,sales,
"Chibi Stickers (S1,S2)","Chibi Stickers (S1,S2)",no,41,sales,
Clappers,Clappers,no,49,sales+inventory,
Clock @550,Clock @550,no,17,sales,
Clock @700,Clock @700,no,19,sales,
College Keychain,College Keychain,no,17,inventory,PRICE-GROUPED: sales logs generic 'Keychain' - handle in proportional allocation
College Long Sticker,College Long Sticker,no,16,inventory,PRICE-GROUPED: sales logs generic 'Long Sticker' - handle in proportional allocation
College Sticker @120,College Sticker @120,no,43,sales,
College of Science Shirt (blue/yellow),College of Science Shirt (blue/yellow),no,205,inventory,
Commerce Shirt (black /yellow),Commerce Shirt (black /yellow),no,212,inventory,
Corp Black Windbreaker,Corp Black Windbreaker,no,204,inventory,PRICE-GROUPED: sales logs generic 'Corp Windbreaker' - handle in proportional allocation
Corp Jacket,Corp Jacket,no,139,sales,
Corp Jacket  V2,Corp Jacket V2,yes,9,sales,
Corp Jacket V2,Corp Jacket V2,no,151,sales,
Corp Jacket V3,Corp Jacket V3,no,73,sales,
Corp Jacket v.2,Corp Jacket v.2,no,152,inventory,PRICE-GROUPED: sales logs generic 'Corp Jacket' - handle in proportional allocation
Corp Jacket v.3,Corp Jacket v.3,no,84,inventory,PRICE-GROUPED: sales logs generic 'Corp Jacket' - handle in proportional allocation
Corp Windbreaker,Corp Windbreaker,no,65,sales,
Cotton  Black Jacket,Cotton Black Jacket,yes,168,inventory,
Cotton Black Jacket,Cotton Black Jacket,no,108,sales,
Cotton Brush Bomber Jacket,Cotton Brush Bomber Jacket,no,260,inventory,DEFERRED pass2: possible match to 'Cotton Brush Jacket' - Differs by: bomber
Cotton Brush Jacket,Cotton Brush Jacket,no,177,sales,
Cotton Gray Hoodie,Cotton Gray Hoodie,no,196,inventory,"DEFERRED pass2: possible match to 'Cotton Gray Jacket' - Differs by: hoodie, jacket"
Cotton Gray Jacket,Cotton Gray Jacket,no,95,sales,
DRI-FIT NEW,DRI-FIT NEW,no,188,sales,
Discounted Yellow Lanyard @80,Discounted Yellow Lanyard @80,no,18,sales,
Double Canopy,Double Canopy,no,44,sales,
"Double Canopy (B,Y)","Double Canopy (B,Y)",no,38,sales,
Dri-Fit Golden Tigresses,Dri-Fit Golden Tigresses,no,57,sales,
Dry Fit N ew Shirt Black,Dry Fit N ew Shirt Black,no,82,inventory,
Dry Fit N ew Shirt Yellow,Dry Fit N ew Shirt Yellow,no,82,inventory,
Dry Fit Shirt Black,Dry Fit Shirt Black,no,120,inventory,
Dry Fit Shirt Yellow,Dry Fit Shirt Yellow,no,120,inventory,
Eco Bag,Eco Bag,no,45,sales,
Eco Bag @ 130,Eco Bag @ 130,no,16,sales,
Eco Bag @80,Eco Bag @80,no,65,sales,
Eco Bag CGEEE!,Eco Bag CGEEE!,no,27,sales,
Embroidery Black Shirt,Embroidery Black Shirt,no,208,inventory,
Emboidery White Shirt,Embroidery White Shirt,yes,22,inventory,
Embroidery White Shirt,Embroidery White Shirt,no,104,inventory,
Engineering Shirt (black/gray),Engineering Shirt (black/gray),no,211,inventory,
Fine Arts Shirt (maroon/green),Fine Arts Shirt (maroon/green),no,174,inventory,
Forward Back Pack,Forward Back Pack,no,19,inventory,PRICE-GROUPED: sales logs generic 'Back pack' - handle in proportional allocation
Front Tiger Hoodie,Front Tiger Hoodie,no,7,sales,
GT 375,GT 375,no,1,sales,
GT Shirt,GT Shirt,no,3,sales,
Gemini Paper Bag Large,Gemini Paper Bag Large,no,5,sales,
Gemini Paper Bag Medium,Gemini Paper Bag Medium,no,9,sales,
Gemini Paper Bag Small,Gemini Paper Bag Small,no,7,sales,
Generic Lanyard,Generic Lanyard,no,4,inventory,PRICE-GROUPED: sales logs generic 'Lanyard' - handle in proportional allocation
Go Fight Black Shirt,Go Fight Black Shirt,no,80,inventory,
Go Fight UST Shirt,Go Fight UST Shirt,no,21,sales,
"Go USTE (W,Y,B) @450","Go USTE (W,Y,B) @450",no,132,sales,
Go Uste Black Shirt,Go Uste Black Shirt,no,112,inventory,
Go Uste White Shirt,Go Uste White Shirt,no,112,inventory,
Go Uste Yellow Shirt,Go Uste Yellow Shirt,no,112,inventory,
Gold Baseball Shirt,Gold Baseball Shirt,no,179,inventory,"PRICE-GROUPED: sales logs generic 'Baseball Shirt (Y,W)' - handle in proportional allocation"
Gray Hoodie Embro,Gray Hoodie Embro,no,112,inventory,
Gray Oat Hoodie,Gray Oat Hoodie,no,168,inventory,
Gray and Black Sporty Sweatshirt,Gray and Black Sporty Sweatshirt,no,215,inventory,
Gray and White Sporty Sweatshirt,Gray and White Sporty Sweatshirt,no,214,inventory,
Hair band (tiger ear),Hair band (tiger ear),no,11,inventory,
Hair band (tiger head and tail),Hair band (tiger head and tail),no,6,inventory,
Hernandez,Hernandez,no,90,inventory,
Hoodie,Hoodie,no,16,sales,
"Hoodie UST embro (C,G,Y,B) @1800","Hoodie UST embro (V,G,Y,B) @1800",yes,6,sales,C vs V colour code - typo or real variant? Also a price-grouped row.
"Hoodie UST embro (V,G,Y,B) @1800","Hoodie UST embro (V,G,Y,B) @1800",no,136,sales,
Hoodies Breaker,Hoodies Breaker,no,241,sales,
I.D Case,I.D Case,no,8,inventory,
ID Case,ID Case,no,83,sales,
ID Case @20,ID Case @20,no,5,sales,
ID Case v2,ID Case v2 @40,yes,1,sales,Pass4: merged sequential naming-convention change into 'ID Case v2 @40'
ID Case v2 @40,ID Case v2 @40,no,136,sales,
IPEA Shirt,IPEA Shirt,no,25,sales,
Yellow Shirt Big Tiger Print Infront,IPEA Yellow Shirt Big Tiger Print Infront,yes,5,inventory,Merged into IPEA-prefixed name - confirm same supplier/item.
IPEA Yellow Shirt Big Tiger Print Infront,IPEA Yellow Shirt Big Tiger Print Infront,no,90,inventory,
Insignia Pen,Insignia Pen,no,67,sales+inventory,
JUC Black Jacket w/ red inside,JUC Black Jacket w/ red inside,no,55,inventory,
JUC Bomber Jacket,JUC Bomber Jacket,no,115,inventory,DEFERRED pass2: possible match to 'Bomber Jacket' - Differs by: juc
JUC Corp Jacket,JUC Corp Jacket,no,240,inventory,PRICE-GROUPED: sales logs generic 'Corp Jacket' - handle in proportional allocation
"JYL Hoodie ( white , yellow, green",JYL Hoodie (white/green/yellow,yes,1,inventory,Pass3: merged formatting-only duplicate into 'JYL Hoodie (white/green/yellow'
JYL Hoodie (black/yellow green inside),JYL Hoodie (black/yellow green inside),no,204,inventory,
JYL Hoodie (white/green/yellow,JYL Hoodie (white/green/yellow,no,143,inventory,
JYL Hoodie Scratch,JYL Hoodie Scratch,no,32,inventory,
JYL Jacket (black/yellow green inside),JYL Jacket (black/yellow green inside),no,198,inventory,
JYL Jacket Scratch,JYL Jacket Scratch,no,32,inventory,
JYL Light Yellow Hoodie,JYL Light Yellow Hoodie,no,35,inventory,
Jacket,Jacket,no,192,sales,
Jersey Short,Jersey Short,no,36,sales,
"Keep Growling OS (B,V)","Keep Growling OS (B,V)",no,45,sales,
Keychain,Keychain,no,109,sales,
Keychain @160,Keychain @160,no,35,sales,
Keychain @180,Keychain @180,no,87,sales,
Kit Set,Kit Set,no,28,sales,
Kraft Notebook,Kraft Notebook @130,yes,12,inventory,Pass2: inventory->sales name unified
Kraft Notebook @130,Kraft Notebook @130,no,73,sales,
Kraft Notebook @85,Kraft Notebook @85,no,11,sales,
Lanyard,Lanyard,no,137,sales,
Lanyard @180,Lanyard @180,no,317,sales,
Lanyard @190,Lanyard @190,no,128,sales,
Laptop Bag,Laptop Bag,no,19,sales,
Large Sticker,Large Sticker,no,15,inventory,DEFERRED pass2: possible match to 'MJ Sticker Large' - Differs by: mj
Leather Bag,Leather Bag,no,3,inventory,DEFERRED pass2: possible match to 'Bag' - Differs by: leather
Logo Keychain @200,Logo Keychain @200,no,45,sales,
Logo Sticker @25,Logo Sticker @25,no,83,sales,
Logo Sticker,Logo Sticker @25,yes,16,inventory,Pass2: inventory->sales name unified
Logo Sticker @30,Logo Sticker @30,no,33,sales,
Long Sticker,Long Sticker,no,64,sales,
Long Sticker @120,Long Sticker @120,no,82,sales,
MJ Charger,MJ Charger,no,8,sales,
MJ Sticker Bundle,MJ Sticker Bundle,no,9,sales,
MJ Sticker Large,MJ Sticker Large,no,225,sales,
MJ Sticker Medium,MJ Sticker Medium,no,260,sales,
MJ Sticker Small,MJ Sticker Small,no,271,sales,
Machete Hoodie v.2,Machete Hoodie v.2,no,128,inventory,
Machete v2,Machete V2,yes,20,sales,
Machete V2,Machete V2,no,50,sales,
Magnetic pin,Magnetic pin,no,12,inventory,DEFERRED pass2: possible match to '5M Magnetic Pin' - Differs by: 5m
Main Building,Main Building,no,3,sales,
Medium Sticker,Medium Sticker,no,15,inventory,DEFERRED pass2: possible match to 'MJ Sticker Medium' - Differs by: mj
Mug,Mug,no,3,sales,
Mug @170,Mug @170,no,17,sales,
Mug @220,Mug @220,no,1,sales,
NB,NB,no,4,sales,
Napoliz Hoodie (black/yellow/green inside),Napoliz Hoodie (black/yellow/green inside),no,3,inventory,
Napoliz Jacket (black/yellow/green inside,Napoliz Jacket (black/yellow/green inside,no,3,inventory,
New Baller,New Baller,no,4,inventory,DEFERRED pass2: possible match to 'Baller' - Old/New distinction - same item or successor?
New Clappers,New Clappers,no,23,sales+inventory,
New Freshman Kit,New Freshman Kit,no,18,inventory,
New GT Shirts,New GT Shirts,no,155,sales,
New Id Case,New Id Case,no,8,inventory,DEFERRED pass2: possible match to 'ID Case' - Old/New distinction - same item or successor?
New Keychain,New Keychain,no,1,inventory,PRICE-GROUPED: sales logs generic 'Keychain' - handle in proportional allocation
New Polo Shirt (EMBROIDED),New Polo Shirt (EMBROIDED),no,14,sales,
New Scarves,New Scarves,no,1,inventory,DEFERRED pass2: possible match to 'Scarves' - Old/New distinction - same item or successor?
New Scarves (GO USTE),New Scarves (GO USTE),no,17,inventory,
New Tiger Plushie Big,New Tiger Plushie Big,no,43,sales,
New Tiger Plushie Big @850,New Tiger Plushie Big @850,no,103,sales,
New Tiger Plushie Small,New Tiger Plushie Small,no,54,sales,
New Tiger Plushie Small @750,New Tiger Plushie Small @750,no,93,sales,
New UST Keychain,New UST Keychain,no,3,inventory,PRICE-GROUPED: sales logs generic 'UST 3D Keychain' - handle in proportional allocation
New Umbrella,New Umbrella,no,18,inventory,
New Yellow 1611 Growling Shirt,New Yellow 1611 Growling Shirt,no,150,inventory,
New Yellow 1611 Oat Shirt,New Yellow 1611 Oat Shirt,no,75,inventory,
New Yellow Growling Shirt,New Yellow Growling Shirt,no,60,inventory,
New Yellow Growling Shirt (basketball),New Yellow Growling Shirt (basketball),no,177,inventory,
Notelet,Notelet,no,95,sales,
Notelets,Notelet,yes,16,inventory,
Old  Yellow Growling Shirt (basketball),Old  Yellow Growling Shirt (basketball),no,64,inventory,Reversed a bad auto-merge - kept separate. Confirm with store.
Old Scarves (UNIVERSITY OF STO.TOMAS),Old Scarves (UNIVERSITY OF STO.TOMAS),no,17,inventory,
Old Umbrella,Old Umbrella,no,1,sales,
Orange Sash (display included),Orange Sash (display included),no,1,inventory,
Oversized Sweatshirt,Oversized Sweatshirt,no,6,sales,
"Oversized shirt (V,B) @650","Oversized shirt (V,B) @650",no,64,sales,
"Oversized shirt (C,B) @650","Oversized shirt (V,B) @650",yes,4,sales,C vs V colour code - typo or real variant? Also a price-grouped row.
Paper Bag  @ 130,Paper Bag  @ 130,no,4,sales,
Paper Bag @80,Paper Bag @80,no,2,sales,
Big Paper Bag,Paper Bag BIG @130,yes,6,inventory,Pass2: inventory->sales name unified
Paper Bag BIG @130,Paper Bag BIG @130,no,4,sales,
Paper Bag SMALL @80,Paper Bag SMALL @80,no,1,sales,
Paper weight @330,Paper weight @330,no,4,sales,
Paperweight,Paperweight,no,18,inventory,
Pen @ 50,Pen @ 50,no,3,sales,
Pen @30,Pen @30,no,58,sales,
Pen @40,Pen @40,no,116,sales,
Pen with BOX,Pen with BOX,no,5,sales,
Pencil,Pencil,no,52,sales+inventory,
Pharmacy Shirt (vilolet/yellow),Pharmacy Shirt (vilolet/yellow),no,47,inventory,
Pharmacy Shirt (violet/yellow),Pharmacy Shirt (violet/yellow),no,168,inventory,
Picasso Pen,Picasso Pen,no,32,sales+inventory,
Polo Shirt,Polo Shirt,no,13,sales,
Polo Shirt @800,Polo Shirt @800,no,153,sales,
Poloshirt 123455,Poloshirt 123455,no,1,sales,
Poloshirt 123456,Poloshirt 123456,no,9,sales,
Poloshirt 123456 @860,Poloshirt 123456 @860,no,84,sales,
Poloshirt 3 Color,Poloshirt 3 Color,no,1,sales,
Poloshirt 3 Colors,Poloshirt 3 Colors,no,4,sales,
Poloshirt @800,Poloshirt @800,no,242,sales,
Power Bank (display included),Power Bank (display included),no,20,inventory,
Powerbank,Powerbank,no,25,sales+inventory,
Pure Black Laptop Bag,Pure Black Laptop Bag,no,1,inventory,PRICE-GROUPED: sales logs generic 'Laptop Bag' - handle in proportional allocation
QUIANA SHIRT (B&Y SUBLI),QUIANA SUBLI SHIRT (B&Y),yes,4,sales,Pass3: merged formatting-only duplicate into 'QUIANA SUBLI SHIRT (B&Y)'
QUIANA SUBLI SHIRT (B&Y),QUIANA SUBLI SHIRT (B&Y),no,180,sales,
"QUIANA SUBLI SHIRT (B&Y), 2 TONED","QUIANA SUBLI SHIRT (B&Y), 2 TONED",no,98,sales,
Quiana Black Subli Shirt,Quiana Black Subli Shirt,no,272,inventory,PRICE-GROUPED: sales logs generic 'QUIANA SUBLI SHIRT (B&Y)' - handle in proportional allocation
Quiana Yelloow Subli Shirt,Quiana Yelloow Subli Shirt,no,272,inventory,PRICE-GROUPED: sales logs generic 'QUIANA SUBLI SHIRT (B&Y)' - handle in proportional allocation
Rotating keychain,Rotating keychain,no,12,inventory,DEFERRED pass2: possible match to '5M Rotating Keychain' - Differs by: 5m
S88 UAAP Poloshirt,S88 UAAP Poloshirt,no,35,sales,
SM Tiger Plushie V2,SM Tiger Plushie V2,no,2,sales,
Sash Big,Sash Big,no,7,sales,
Sash Small,Sash Small,no,38,sales,
Scarf @490,Scarf @490,no,67,sales,
Scarves,Scarves,no,31,sales,
Sci Ballpen,Sci Ballpen,no,4,sales,
Sci Notebook,Sci Notebook,no,4,sales,
Sci Totebag,Sci Totebag,no,1,sales,
Script Santo Tomas with Tiger Back (B),Script Santo Tomas with Tiger Back (B),no,12,sales,
Shabby Hat,Shabby Hat,no,79,sales,
Shirts,Shirts,no,54,sales,
Shirts all @450 UPSIZE (3XL-4XL),Shirts all @450 UPSIZE (3XL-4XL),no,109,sales,
Shirts all @450 UPSIZE (3XL-5XL),Shirts all @450 UPSIZE (3XL-5XL),no,32,sales,
Shirts all @450 UPSIZE (5XL),Shirts all @450 UPSIZE (5XL),no,38,sales,
Side Tiger Hoodie,Side Tiger Hoodie,no,6,sales,
Sling Bag,Sling Bag,no,3,sales,
Small Handcrafted Sling Bag,Small Handcrafted Sling Bag,no,8,inventory,"DEFERRED pass2: possible match to 'Woven Sling Bag (SMALL)' - Differs by: handcrafted, woven"
Small Handcrafted Tote Bag,Small Handcrafted Tote Bag,no,8,inventory,"DEFERRED pass2: possible match to 'Woven Tote Bag (SMALL)' - Differs by: handcrafted, woven"
Small Mystery Car,Small Mystery Car,no,53,sales,
Small Paper Bag,Small Paper Bag,no,10,inventory,DEFERRED pass2: possible match to 'Gemini Paper Bag Small' - Differs by: gemini
Small Sticker,Small Sticker,no,15,inventory,DEFERRED pass2: possible match to 'MJ Sticker Small' - Differs by: mj
Small Tiger,Small Tiger,no,1,inventory,DEFERRED pass2: possible match to 'Tiger Plushie Small' - Differs by: plushie
Small Tiger (display Included),Small Tiger (display Included),no,18,inventory,
Stainless Eco Tumbler,Stainless Eco Tumbler,no,29,sales,
Stainless Steel Tumbler,Stainless Steel Tumbler,no,11,inventory,"DEFERRED pass2: possible match to 'Stainless Eco Tumbler' - Differs by: eco, steel"
Sticker,Sticker,no,15,sales,
Sticker @ 120,Sticker @120,yes,20,sales,Pass3: merged formatting-only duplicate into 'Sticker @120'
Sticker @120,Sticker @120,no,103,sales,
Sticker @20,Sticker @20,no,35,sales,
Sticker @25,Sticker @25,no,16,sales,
Sticker Pack,Sticker Pack,no,8,sales,
Subli 2 Color Polo Shirt (big tiger face infront),Subli 2 Color Polo Shirt (big tiger face infront),no,178,inventory,
Subli 2 Color Polo Shirt (w/black line),Subli 2 Color Polo Shirt (w/black line),no,105,inventory,
Subli 2 Color Polo Shirt (yellow/black w/white line),Subli 2 Color Polo Shirt (yellow/black w/white line),no,105,inventory,
Subli Polo Shirt,Subli Polo Shirt,no,35,inventory,DEFERRED pass2: possible match to 'Subli. Shirt' - Differs by: polo
Subli Yellow/Black w/ Yellow Collar,Subli Yellow/Black w/ Yellow Collar,no,62,inventory,
Subli Yellow/White Shirt w/ Black Sleeves,Subli Yellow/White Shirt w/ Black Sleeves,no,21,inventory,
Subli. Shirt,Subli. Shirt,no,22,sales,
Subli. Shirt 2 colors,Subli. Shirt 2 colors,no,1,sales,
Sweatshirt (NEW),Sweatshirt (NEW),no,16,sales,
Taslan Hoodie Windbreaker,Taslan Hoodie Windbreaker,no,224,inventory,
Taslan NEW,Taslan NEW,no,30,sales,
Thick Lanyard,Thick Lanyard,no,81,sales+inventory,
Thomasian Kit,Thomasian Kit,no,28,sales+inventory,
Thomasian Kit Set,Thomasian Kit Set,no,11,sales,
Tiger BUNDLE,Tiger BUNDLE,no,26,sales,
Tiger Brooch,Tiger Brooch,no,3,inventory,
Tiger claw,Tiger Claw,yes,11,inventory,
Tiger Claw,Tiger Claw,no,48,sales,
Tiger Claw Keychain,Tiger Claw Keychain @375,yes,8,inventory,Pass2: inventory->sales name unified
Tiger Claw Keychain @375,Tiger Claw Keychain @375,no,24,sales,
Tiger Costume,Tiger Costume,no,28,sales,"Typo pair with ""Tiger Custome"" - likely one product"
Tiger Custome,Tiger Custome,no,100,inventory,
Tiger Headband (2 Designs),Tiger Headband (2 Designs),no,53,sales,
Tiger Paw Keychain @375,Tiger Paw Keychain @375,no,92,sales,
Tiger Plushie Big,Tiger Plushie Big,no,22,sales,
Tiger Plushie Big V1,Tiger Plushie Big,yes,16,sales,Pass4: merged sequential naming-convention change into 'Tiger Plushie Big'
Tiger Plushie Small,Tiger Plushie Small,no,71,sales,
Tiger Plushie Small V1,Tiger Plushie Small,yes,17,sales,Pass4: merged sequential naming-convention change into 'Tiger Plushie Small'
Tiger Shirt,Tiger Shirt,no,1,sales,
Tiger Stuff Toy Small Grad,Tiger Stuff Toy Small Grad,no,23,sales,
Tiger in a Box,Tiger w/ Box,yes,8,inventory,Pass4: merged sequential naming-convention change into 'Tiger w/ Box'
Tiger w/ Box,Tiger w/ Box,no,70,sales,
One For UST tote,Tote (One For UST),yes,1,inventory,Pass2: inventory->sales name unified
Tote (One For UST),Tote (One For UST),no,148,sales,
Tote (Viva),Tote (Viva),no,153,sales,
Tote Bag Canvas White,Tote Bag Canvas White,no,151,sales,
Tote Bag Canvas White @160,Tote Bag Canvas White,yes,51,sales,Pass4: merged sequential naming-convention change into 'Tote Bag Canvas White'
Tote ONE FOR UST,Tote (One For UST),yes,4,sales,Pass3: merged formatting-only duplicate into 'Tote (One For UST)'
Viva Sto.Tomas Tote Bag,Tote Viva Santo Tomas,yes,17,inventory,Pass2: inventory->sales name unified
Tote Viva Santo Tomas,Tote Viva Santo Tomas,no,105,sales,
Tourism Shirt (green/blue),Tourism Shirt (green/blue),no,165,inventory,
Travel Mug,Travel Mug,no,98,sales+inventory,
Triple Black Embro,Triple Black Embro,no,77,sales,
Triple Black Embroidered Shirt,Triple Black Embroidered Shirt,no,96,inventory,
Triple White Embro,Triple White Embro,no,11,sales,
Tripple Embro Black Shirt,Tripple Embro Black Shirt,no,48,inventory,PRICE-GROUPED: sales logs generic 'Black Embro' - handle in proportional allocation
Tripple Embro White Shirt,Tripple Embro White Shirt,no,48,inventory,"DEFERRED pass2: possible match to 'White Embro' - Differs by: shirt, tripple"
Trucker Cap,Trucker Cap,no,21,sales+inventory,
Tumbler,Tumbler,no,8,sales,
Two toned Windbreaker,Two-toned windbreaker @1700,yes,112,inventory,Pass2: inventory->sales name unified
Two-toned windbreaker @1700,Two-toned windbreaker @1700,no,84,sales,
"UST 1611 Embro Shirt (B,V)","UST 1611 Embro Shirt (B,V)",no,38,sales,
UST 3D Keychain,UST 3D Keychain,no,37,sales,
UST Arch Clicker,UST Arch Clicker,no,25,sales,
UST Black  Cup,UST Black  Cup,no,12,inventory,
UST Car Big (1:64),UST Car Big (1:64),no,11,inventory,
UST Chibi Sticker Set 1,UST Chibi Sticker Set 1,no,10,inventory,
UST Chibi Sticker Set 2,UST Chibi Sticker Set 2,no,10,inventory,
UST College ID Lace,UST College ID Lace,no,330,sales,
UST College ID Lace / GENERIC Lace,UST College ID Lace / GENERIC Lace,no,12,sales,
UST College Lanyard (display included),UST College Lanyard (display included),no,18,inventory,
"UST Embro OS (B,V)","UST Embro OS (B,V)",no,64,sales,
UST Happy Tiger,UST Happy Tiger,no,18,sales,
UST Keyboard Clicker (Fidget),UST Keyboard Clicker (Fidget),no,47,sales,
UST Keychain,UST Keychain,no,13,inventory,PRICE-GROUPED: sales logs generic 'UST 3D Keychain' - handle in proportional allocation
UST Logo Clicker,UST Logo Clicker,no,12,sales+inventory,
UST Logo Embro Polo Shirt (2XL-3XL),UST Logo Embro Polo Shirt (2XL-3XL),no,4,sales,
UST Logo Embro Polo Shirt (XS-XL),UST Logo Embro Polo Shirt (XS-XL),no,24,sales,
UST Long Sticker,UST Long Sticker,no,17,inventory,PRICE-GROUPED: sales logs generic 'Long Sticker' - handle in proportional allocation
UST Mystery Car Small  (1:32),UST Mystery Car Small  (1:32),no,11,inventory,
UST OAT Hoodie Jacket,UST OAT Hoodie Jacket,no,270,sales,
UST OAT MUG,UST OAT MUG,no,9,sales,
UST OAT MUG (B),UST OAT MUG (B),no,43,sales,
UST OAT MUG (Pure Black),UST OAT MUG (Pure Black),no,12,sales,
UST OAT MUG (WE) Inside,UST OAT MUG (W inside),yes,8,sales,
UST OAT MUG (W inside),UST OAT MUG (W inside),no,66,sales,
"UST OAT MUG (Y,B,W)","UST OAT MUG (Y,W,B)",yes,15,sales,"Same 3 colours as (Y,W,B), different order | Pass3: merged formatting-only duplicate into 'UST OAT MUG (Y,W,B)'"
"UST OAT MUG (Y,W)","UST OAT MUG (Y,W)",no,51,sales,Reversed a bad auto-merge - kept separate. Confirm with store.
"UST OAT MUG (Y,W,B)","UST OAT MUG (Y,W,B)",no,83,sales,
UST OAT MUG (Y/B inside),UST OAT MUG (Y/B inside),no,62,sales,Reversed a bad auto-merge - kept separate. Confirm with store.
UST OAT T-Shirt,UST T-Shirt Sporty,yes,5,sales,Pass4: merged sequential naming-convention change into 'UST T-Shirt Sporty'
UST OAT T-Shirt Colleges,UST OAT T-Shirt Colleges,no,3,sales,
UST OAT T-Shirt Y/B/COLLEGE,UST OAT T-Shirt Y/B/COLLEGE,no,320,sales,
UST OAT T-Shirt Y/B/COLLEGE (3XL),UST OAT T-Shirt Y/B/COLLEGE (3XL),no,2,sales,
UST OAT T-Shirt Y/B/COLLEGE (XS-2XL),UST OAT T-Shirt Y/B/COLLEGE (XS-2XL),no,51,sales,
UST Sweatshirt Sporty,UST Sweatshirt Sporty,no,252,sales,
UST T-Shirt Happy Tiger,UST T-Shirt Happy Tiger,no,2,sales,
UST T-Shirt STS,UST T-Shirt Sporty,yes,1,sales,Pass4: merged sequential naming-convention change into 'UST T-Shirt Sporty'
UST T-Shirt Santo Tomas Shirt/UST T-Shirt Tiger Pattern/HAPPY,UST T-Shirt Santo Tomas Shirt/UST T-Shirt Tiger Pattern/HAPPY,no,328,sales,
UST T-Shirt Santo Tomas Shirt/UST T-Shirt Tiger Pattern/HAPPY/Script,UST T-Shirt Santo Tomas Shirt/UST T-Shirt Tiger Pattern/HAPPY/Script,no,52,sales,Reversed a bad auto-merge - kept separate. Confirm with store.
UST T-Shirt Sporty,UST T-Shirt Sporty,no,328,sales,
UST T-Shirt Sports,UST T-Shirt Sporty,yes,23,sales,
UST T-Shirt Sporty UPSIZE (3XL-5XL),UST T-Shirt Sporty UPSIZE (3XL-5XL),no,40,sales,
UST T-Shirt Tiger Pattern,UST T-Shirt Tiger Pattern,no,20,sales,
"UST TIGERS Oversized shirt (V,B) @650","UST TIGERS Oversized shirt (V,B) @650",no,35,sales,
UST Tiger Front and Back Graphic (W),UST Tiger Front and Back Graphic (W),no,14,sales,
UST Tigers Oversize Black Shirt,UST Tigers Oversize Black Shirt,no,112,inventory,
UST Tigers Oversize Vanilla Shirt,UST Tigers Oversize Vanilla Shirt,no,112,inventory,
UST Yellow Cup,UST Yellow Cup,no,12,inventory,
UST-Pen W/Box,UST-Pen W/Box,no,75,sales,
USTORE Voucher (1000),USTORE Voucher (1000),no,9,sales,
USTORE Voucher (200),USTORE Voucher (200),no,4,sales,
USTORE Voucher (500),USTORE Voucher (500),no,6,sales,
USTVL  Yellow Shirt,USTVL  Yellow Shirt,no,56,inventory,
USTVL Black Shirt,USTVL Black Shirt,no,56,inventory,
USTWBT Championship Shirt 2025,USTWBT Championship Shirt 2025,no,19,sales,
Umb (One For UST),Umb (One For UST),no,213,sales,
Umb ONE FOR UST,Umb (One For UST),yes,28,sales,Pass3: merged formatting-only duplicate into 'Umb (One For UST)'
Umb Old @250,Umb Old @250,no,1,sales,
Umb. Cane,Umb. Cane,no,3,sales,
Umbrella,Umbrella,no,1,inventory,DEFERRED pass2: possible match to 'Automatic Umbrella' - Differs by: automatic
University Shirt (Black UAAP Shirt),University Shirt (Black UAAP Shirt),no,60,inventory,
University of Santo Tomas (B),University of Santo Tomas (B),no,22,sales,
Ust Generic Lanyard (display included),Ust Generic Lanyard (display included),no,10,inventory,
Utensils,Utensil,yes,26,sales+inventory,
Utensil,Utensil,no,59,sales,
Utensils ( display included),Utensils ( display included),no,18,inventory,
V. Basketball Sticker Pack (B1),V. Basketball Sticker Pack (B1),no,4,inventory,
V. Basketball Sticker Pack (B2),V. Basketball Sticker Pack (B2),no,10,inventory,
V. Volleyball Sticker,V. Volleyball Sticker,no,1,inventory,
V. Volleyball Sticker (V1),V. Volleyball Sticker (V1),no,10,inventory,
V. Volleyball Sticker (V2),V. Volleyball Sticker (V2),no,7,inventory,
VB Jersey w/o sig.,VB Jersey w/o sig.,no,12,sales,
VB Jersey without Sig @1500,VB Jersey without Sig @1500,no,32,sales,
VB Jersey without Sig @2000,VB Jersey without Sig @2000,no,1,sales,
VL Keychain,VL Keychain,no,23,sales,
VL Lanyard,VL Lanyard,no,10,sales,
VL Sticker Pack,VL Sticker Pack,no,132,sales,
Vanilla Embro Oversized Shirt,Vanilla Embro Oversized Shirt,no,48,inventory,
Vanilla Hoodie Embro,Vanilla Hoodie Embro,no,112,inventory,
Vanilla Keep Growling Oversized Shirt,Vanilla Keep Growling Oversized Shirt,no,40,inventory,
Varsity Classic Yellow Shirt,Varsity Classic Yellow Shirt,no,140,inventory,
Varsity Hoodie,Varsity Hoodie,no,76,inventory,DEFERRED pass2: possible match to 'Hoodie' - Differs by: varsity
Varsity Jacket,Varsity Jacket,no,17,sales,
Varsity Jacket Embro,Varsity Jacket Embro,no,37,sales,
Varsity Lanyard,Varsity Lanyard,no,3,inventory,PRICE-GROUPED: sales logs generic 'Lanyard' - handle in proportional allocation
Varsity Lanyard V1,Varsity Lanyard V1,no,7,inventory,
Varsity Lanyard V2,Varsity Lanyard V2,no,7,inventory,
Varsity Long Sticker,Varsity Long Sticker,no,10,inventory,PRICE-GROUPED: sales logs generic 'Long Sticker' - handle in proportional allocation
Varsity Retro Shirt,Varsity Retro Shirt,no,140,inventory,
Varsity Sticker,Varsity Sticker,no,4,inventory,DEFERRED pass2: possible match to 'Sticker' - Differs by: varsity
Varsity Sweatshirt,Varsity Sweatshirt,no,114,inventory,
Varsity UST Baseball Shirt,Varsity UST Baseball Shirt,no,88,inventory,
Varsity UST  Keychain,Varsity UST Keychain,yes,4,inventory,
Varsity UST Keychain,Varsity UST Keychain,no,7,inventory,PRICE-GROUPED: sales logs generic 'UST 3D Keychain' - handle in proportional allocation
Viva Tote Bag,Viva Tote Bag,no,1,inventory,DEFERRED pass2: possible match to 'Tote (Viva)' - Differs by: bag
Volleyball Athletic V.1,Volleyball Athletic V.1,no,70,inventory,
Volleyball Jersey,Volleyball Jersey,no,30,inventory,
Wearable Blanket,Wearable Blanket,no,47,sales,
White - Yellow Inside Mug,White - Yellow Inside Mug,no,13,inventory,
White Baseball Shirt,White Baseball Shirt,no,180,inventory,"PRICE-GROUPED: sales logs generic 'Baseball Shirt (Y,W)' - handle in proportional allocation"
White Big Clock,White Big Clock,no,10,inventory,
White Blaze Polo Shirt,White Blaze Polo Shirt,no,179,inventory,PRICE-GROUPED: sales logs generic 'Polo Shirt' - handle in proportional allocation
White Clock,White Clock,no,2,inventory,
White Embro,White Embro,no,93,sales,
White Hoodie (black tiger head design),White Hoodie (black tiger head design),no,3,inventory,
White Hoodie (gold tigers lettering),White Hoodie w/ Gold TIgers Lettering,yes,1,inventory,
White Hoodie w/ Gold TIgers  Lettering,White Hoodie w/ Gold TIgers Lettering,yes,39,inventory,
White Hoodie w/ black tiger head,White Hoodie w/ black tiger head,no,177,inventory,
White Hoodie w/ gold tiger head,White Hoodie w/ gold tiger head,no,105,inventory,
White Oat Mug,White Oat Mug,no,5,inventory,PRICE-GROUPED: sales logs generic 'UST OAT MUG' - handle in proportional allocation
White  Pen 1 lines,White Pen 1 lines,yes,4,inventory,
White  Pen 2 lines,White Pen 2 lines,yes,4,inventory,
White Polo Shirt w/ black scratch,White Polo Shirt w/ black scratch,no,175,inventory,
White Shirt (script lettering),White Shirt (script lettering),no,7,inventory,
White Shirt (tiger picture),White Shirt (tiger picture),no,14,inventory,
White Small Clock,White Small Clock,no,10,inventory,
White Tote Bag,White Tote Bag,no,24,sales+inventory,
White UAAP Subli Polo Shirt,White UAAP Subli Polo Shirt,no,30,inventory,
Wind Breaker,Wind Breaker,no,20,sales,
Windbreaker,Windbreaker,no,252,inventory,PRICE-GROUPED: sales logs generic 'Corp Windbreaker' - handle in proportional allocation
Woven Sling Bag (LARGE),Woven Sling Bag (LARGE),no,3,sales,
Woven Sling Bag (SMALL),Woven Sling Bag (SMALL),no,5,sales,
Woven Tote Bag (BIG),Woven Tote Bag (BIG),no,1,sales,
Woven Tote Bag (SMALL),Woven Tote Bag (SMALL),no,5,sales,
"Y,B VL UST","Y,B VL UST",no,87,sales,
Yellow Aquaflask (display included),Yellow Aquaflask (display included),no,16,inventory,
Yellow Baseball Shirt,Yellow Baseball Shirt,no,4,inventory,"PRICE-GROUPED: sales logs generic 'Baseball Shirt (Y,W)' - handle in proportional allocation"
Yellow Big Clock,Yellow Big Clock,no,10,inventory,
Yellow Click Pen,Yellow Click Pen,no,12,inventory,
Yellow Clock,Yellow Clock,no,2,inventory,
Yellow Double Canopy Umbrella,Yellow Double Canopy Umbrella,no,2,inventory,PRICE-GROUPED: sales logs generic 'Double Canopy' - handle in proportional allocation
Yellow Gold Umbrella,Yellow Gold Umbrella,no,10,inventory,
Yellow Golden Tigresses,Yellow Golden Tigresses,no,36,inventory,
Yellow Golf Umbrella,Yellow Golf Umbrella,no,1,inventory,
Yellow Happy Tiger,Yellow Happy Tiger,no,215,inventory,PRICE-GROUPED: sales logs generic 'UST Happy Tiger' - handle in proportional allocation
Yellow Hoodie Embro,Yellow Hoodie Embro,no,112,inventory,
Yellow Hoodie w/ Tigers Lettering,Yellow Hoodie w/ Tigers Lettering,no,19,inventory,
Yellow Hoodie w/ black tiger head,Yellow Hoodie w/ black tiger head,no,14,inventory,
Yellow Id Lanyard,Yellow Id Lanyard,no,8,inventory,PRICE-GROUPED: sales logs generic 'Yellow Lanyard' - handle in proportional allocation
Yellow Lanyard,Yellow Lanyard,no,97,sales+inventory,
Yellow Laptop Bag,Yellow Laptop Bag,no,1,inventory,PRICE-GROUPED: sales logs generic 'Laptop Bag' - handle in proportional allocation
Yellow Notebook,Yellow Notebook,no,83,sales+inventory,
Yellow Oat Mug,Yellow Oat Mug,no,15,inventory,PRICE-GROUPED: sales logs generic 'UST OAT MUG' - handle in proportional allocation
Yellow Oat Shirt,Yellow Oat Shirt,no,216,inventory,
Yellow Pen 1 line,Yellow Pen 1 line,no,12,inventory,
Yellow Pen 2 lines,Yellow Pen 2 lines,no,12,inventory,
Yellow Polo Shirt w/ black scratch,Yellow Polo Shirt w/ black scratch,no,172,inventory,
Yellow Quina Two Toned,Yellow Quina Two Toned,no,48,inventory,
Yellow Script Shirt,Yellow Script Shirt,no,275,inventory,
Yellow Shirt (tiger head print in middle),Yellow Shirt (tiger head print in middle),no,32,inventory,
Yellow Shirt (tiger head print infront),Yellow Shirt (tiger head print infront),no,6,inventory,
Yellow Shirt Volleyball,Yellow Shirt Volleyball,no,175,inventory,
Yellow Small Clock,Yellow Small Clock,no,10,inventory,
Yellow Sporty Shirt,Yellow Sporty Shirt,no,215,inventory,
Yellow UST Scarves,Yellow UST Scarves,no,12,inventory,
Yellow Wearable Blanket,Yellow Wearable Blanket,no,4,inventory,PRICE-GROUPED: sales logs generic 'Wearable Blanket' - handle in proportional allocation
Yellow/Black Lanyard,Yellow/Black Lanyard,no,8,inventory,PRICE-GROUPED: sales logs generic 'Yellow Lanyard' - handle in proportional allocation
Yelow Laptop Bag,Yelow Laptop Bag,no,18,inventory,PRICE-GROUPED: sales logs generic 'Laptop Bag' - handle in proportional allocation
Yelow Tiger Pattern,Yelow Tiger Pattern,no,298,inventory,
w/ black collar,w/ black collar,no,35,inventory,
0.50L B1T1 Tumbler (MCY-A050) Screw Lid,0.50L B1T1 Tumbler (MCY-A050) screw lid,yes,0,sales,Pass5 (zero-fill rebuild): merged into '0.50L B1T1 Tumbler (MCY-A050) screw lid'
0.8 B1T1 Tumbler 2 way lid,0.8L B1T1 Tumbler 2 way lid,yes,0,sales,Pass5 (zero-fill rebuild): merged into '0.8L B1T1 Tumbler 2 way lid'
Sublimation Shirt,Subli. Shirt,yes,22,sales,Pass5 (zero-fill rebuild): merged into 'Subli. Shirt'
Tote Bag White,White Tote Bag,yes,5,sales,Pass5 (zero-fill rebuild): merged into 'White Tote Bag'
Poloshirt 3 Colors @800,Poloshirt 3 Colors,yes,6,sales,Pass5 (zero-fill rebuild): merged into 'Poloshirt 3 Colors'
UST OAT MUG (Pure Black) PHASED OUT,UST OAT MUG (Pure Black),yes,0,sales,Pass5 (zero-fill rebuild): merged into 'UST OAT MUG (Pure Black)'
Pen @50,Pen @ 50,yes,0,sales,Pass5 (zero-fill rebuild): merged into 'Pen @ 50'
Umb Old,Umb Old @250,yes,1,sales,Pass5 (zero-fill rebuild): merged into 'Umb Old @250'
Tote Bag CGEEE!,Eco Bag CGEEE!,yes,0,sales,Pass5 (zero-fill rebuild): merged into 'Eco Bag CGEEE!'
Jacket @1900,Jacket,yes,17,sales,Pass5 (zero-fill rebuild): merged into 'Jacket'
Main @430,Main Building,yes,0,sales,Pass5 (zero-fill rebuild): merged into 'Main Building'
Tubler @150,Tumbler,yes,7,sales,Pass5 (zero-fill rebuild): merged into 'Tumbler'
Crew Neck Shirt @475,Crew Neck Shirt @475,no,0,sales,"Pass5 (zero-fill rebuild): new item, no confident existing match found"
Embro Cap,Embro Cap,no,0,sales,"Pass5 (zero-fill rebuild): new item, no confident existing match found"
GROWLING HOODIE,GROWLING HOODIE,no,0,sales,"Pass5 (zero-fill rebuild): new item, no confident existing match found"
NB @100,NB @100,no,4,sales,"Pass5 (zero-fill rebuild): new item, no confident existing match found"
NB @75,NB @75,no,0,sales,"Pass5 (zero-fill rebuild): new item, no confident existing match found"
Notebook @220,Notebook @220,no,0,sales,"Pass5 (zero-fill rebuild): new item, no confident existing match found"
OAT Tote Bag (Phased Out),OAT Tote Bag (Phased Out),no,0,sales,"Pass5 (zero-fill rebuild): new item, no confident existing match found"
Pen @25,Pen @25,no,0,sales,"Pass5 (zero-fill rebuild): new item, no confident existing match found"
Retractable @25,Retractable @25,no,0,sales,"Pass5 (zero-fill rebuild): new item, no confident existing match found"
SM Tiger Plushie Big V2,SM Tiger Plushie Big V2,no,2,sales,"Pass5 (zero-fill rebuild): new item, no confident existing match found"
SM Tiger Plushie Small V2,SM Tiger Plushie Small V2,no,0,sales,"Pass5 (zero-fill rebuild): new item, no confident existing match found"
Socks @375,Socks @375,no,0,sales,"Pass5 (zero-fill rebuild): new item, no confident existing match found"
Sticker @ 115,Sticker @ 115,no,10,sales,"Pass5 (zero-fill rebuild): new item, no confident existing match found"
Stylus pen @45,Stylus pen @45,no,0,sales,"Pass5 (zero-fill rebuild): new item, no confident existing match found"
Tote Bag Black,Tote Bag Black,no,2,sales,"Pass5 (zero-fill rebuild): new item, no confident existing match found"
UST Santo Tomas Script T-Shirt,UST Santo Tomas Script T-Shirt,no,1,sales,"Pass5 (zero-fill rebuild): new item, no confident existing match found"
UST T-Shirt (College Shirt),UST T-Shirt (College Shirt),no,8,sales,"Pass5 (zero-fill rebuild): new item, no confident existing match found"
UST Toddler Hoodie,UST Toddler Hoodie,no,1,sales,"Pass5 (zero-fill rebuild): new item, no confident existing match found"
VB Jersey with Sig. @1800,VB Jersey with Sig. @1800,no,0,sales,"Pass5 (zero-fill rebuild): new item, no confident existing match found"
VB Jersey with Sig. @2800,VB Jersey with Sig. @2800,no,0,sales,"Pass5 (zero-fill rebuild): new item, no confident existing match found"
VB Jersey without Sig @1000,VB Jersey without Sig @1000,no,0,sales,"Pass5 (zero-fill rebuild): new item, no confident existing match found"
