item_name,fsn_class,supplier_name
(white/black/yellow line design),N,
1.5L Tumbler (MTA-T150) for Carbonated drinks,N,
1.75 Glitter Button Pin (typographic),N,
1.75 Glossy Button Pin (typographic),N,
1.75 Matte Button Pin (typographic),N,
2 Color Polo Shirt (tiger pattern color),N,
2 Color Polo Shirt (white w/black collar),N,
2 Color Polo Shirt (white w/black scratch),N,
2 Color Polo Shirt (white w/black sleeves),N,
2 Color Polo Shirt (white w/black top w/yellow line),N,
2 Color Polo Shirt (white w/yellow collar),N,
2 Color Polo Shirt (white w/yellow sleeves),N,
2 Color Polo Shirt (yellow w/black collar),N,
2 Color Polo Shirt (yelow w/black scratch),N,
2.25 Glitter Button Pin (main building),N,
2.25 Glossy Button Pin (main building),N,
2.25 Matte Button Pin (main building),N,
3 Color Polo Shirt,N,
800ml Sports Tumbler (MCZ-2080) screw lid anti bacterial,N,TIGER FLASK
Alessandrini,N,
Arch,N,
Arch Clicker,N,
Architecture (maroon/yellow),N,
Arts & Letters Shirt (blue/gray),N,
Athletic Shirt V2(Yellow UAAP Shirt),N,
Athletic V.1,N,
Athletic V.2,N,
Back pack,N,NAPOLIZ ENTERPRISES
Ballpen (display included),N,
Ballpen w/ Box,N,
"Baseball Shirt (Y,W)",N,JYL ATHLETICA
Basketball V.1,N,
Basketball V.2,N,
Big Handcrafted Sling Bag,N,
Big Handcrafted Tote Bag,N,
Big Tiger,N,
Big Tiger (display Included),N,
Black Aquaflask (display included),N,
Black Blaze Polo Shirt,N,
Black Click Pen,N,
Black Embro,N,BLAZE
Black Embro Varsity Jacket,N,
Black Golden Tigresses,N,
Black Golf Umbrella,N,
Black Happy Tiger,N,
Black Hoodie w/ Tigers Lettering,N,
Black Keep Growling Oversized Shirt,N,
Black Oat Hoodie,N,
Black Oat Mug,N,
Black Oat Shirt,N,
Black Pen 1 line,N,
Black Pen 2 lines,N,
Black Quiana Two Toned,N,
Black Script Shirt,N,
Black Shorts,N,
Black Sporty Shirt,N,
Black Sporty Sweatshirt,N,
Black Tiger Pattern,N,
Black UAAP Subli Polo Shirt,N,
Black UST Scarves,N,
Black UST Tote Bag,N,
Black Volleyball Shirt,N,
Bucket Hat,N,
Bucket Hat (display included),N,
Bundle Sticker,N,
CICS Shirt (red/gray),N,
CTHM Shirt (green/blue),N,
Ceramic Embossed Black Mug,N,
Championship Shirt,N,
Charger (display included),N,
College of Science Shirt (blue/yellow),N,
Commerce Shirt (black /yellow),N,
Corp Jacket,N,JYL ATHLETICA
Corp Windbreaker,N,JYL ATHLETICA
Cotton Brush Bomber Jacket,N,
Cotton Gray Hoodie,N,
Double Canopy,N,NAPOLIZ ENTERPRISES
Dry Fit N ew Shirt Black,N,
Dry Fit N ew Shirt Yellow,N,
Dry Fit Shirt Black,N,
Dry Fit Shirt Yellow,N,
Embroidery Black Shirt,N,
Embroidery White Shirt,N,
Engineering Shirt (black/gray),N,
Fine Arts Shirt (maroon/green),N,
Go Fight Black Shirt,N,
Go Uste Black Shirt,N,
Go Uste White Shirt,N,
Go Uste Yellow Shirt,N,
Gray Hoodie Embro,N,
Gray Oat Hoodie,N,
Gray and Black Sporty Sweatshirt,N,
Gray and White Sporty Sweatshirt,N,
Hair band (tiger ear),N,
Hair band (tiger head and tail),N,
Hernandez,N,
I.D Case,N,
IPEA Yellow Shirt Big Tiger Print Infront,N,
JUC Black Jacket w/ red inside,N,
JUC Bomber Jacket,N,
JYL Hoodie (black/yellow green inside),N,
JYL Hoodie (white/green/yellow,N,
JYL Hoodie Scratch,N,
JYL Jacket (black/yellow green inside),N,
JYL Jacket Scratch,N,
JYL Light Yellow Hoodie,N,
Keychain,N,VARSITY LIFESTYLE
Lanyard,N,VARSITY LIFESTYLE
Laptop Bag,N,NAPOLIZ ENTERPRISES
Large Sticker,N,
Long Sticker,N,VARSITY LIFESTYLE
Machete Hoodie v.2,N,
Magnetic pin,N,
Medium Sticker,N,
Napoliz Hoodie (black/yellow/green inside),N,
Napoliz Jacket (black/yellow/green inside,N,
New Baller,N,
New Freshman Kit,N,
New Id Case,N,
New Scarves,N,
New Scarves (GO USTE),N,
New Umbrella,N,
New Yellow 1611 Growling Shirt,N,
New Yellow 1611 Oat Shirt,N,
New Yellow Growling Shirt,N,
New Yellow Growling Shirt (basketball),N,
Old  Yellow Growling Shirt (basketball),N,
Old Scarves (UNIVERSITY OF STO.TOMAS),N,
Orange Sash (display included),N,
Paperweight,N,
Pharmacy Shirt (vilolet/yellow),N,
Pharmacy Shirt (violet/yellow),N,
Power Bank (display included),N,
QUIANA SUBLI SHIRT (B&Y),N,JYL ATHLETICA
Rotating keychain,N,
Small Handcrafted Sling Bag,N,
Small Handcrafted Tote Bag,N,
Small Paper Bag,N,
Small Sticker,N,
Small Tiger,N,
Small Tiger (display Included),N,
Stainless Steel Tumbler,N,
Subli 2 Color Polo Shirt (big tiger face infront),N,
Subli 2 Color Polo Shirt (w/black line),N,
Subli 2 Color Polo Shirt (yellow/black w/white line),N,
Subli Polo Shirt,N,
Subli Yellow/Black w/ Yellow Collar,N,
Subli Yellow/White Shirt w/ Black Sleeves,N,
Taslan Hoodie Windbreaker,N,
Tiger Brooch,N,
Tiger Custome,N,
Tourism Shirt (green/blue),N,
Triple Black Embroidered Shirt,N,
Tripple Embro White Shirt,N,
UST 3D Keychain,N,THREADMARKED
UST Black  Cup,N,
UST Car Big (1:64),N,
UST Chibi Sticker Set 1,N,
UST Chibi Sticker Set 2,N,
UST College Lanyard (display included),N,
UST Mystery Car Small  (1:32),N,
UST Tigers Oversize Black Shirt,N,
UST Tigers Oversize Vanilla Shirt,N,
UST Yellow Cup,N,
USTVL  Yellow Shirt,N,
USTVL Black Shirt,N,
Umbrella,N,
University Shirt (Black UAAP Shirt),N,
Ust Generic Lanyard (display included),N,
Utensils ( display included),N,
V. Basketball Sticker Pack (B1),N,
V. Basketball Sticker Pack (B2),N,
V. Volleyball Sticker,N,
V. Volleyball Sticker (V1),N,
V. Volleyball Sticker (V2),N,
Vanilla Embro Oversized Shirt,N,
Vanilla Hoodie Embro,N,
Vanilla Keep Growling Oversized Shirt,N,
Varsity Classic Yellow Shirt,N,
Varsity Hoodie,N,
Varsity Lanyard V1,N,
Varsity Lanyard V2,N,
Varsity Retro Shirt,N,
Varsity Sticker,N,
Varsity Sweatshirt,N,
Varsity UST Baseball Shirt,N,
Viva Tote Bag,N,
Volleyball Athletic V.1,N,
Volleyball Jersey,N,
Wearable Blanket,N,STITCH CORP.
White - Yellow Inside Mug,N,
White Big Clock,N,
White Blaze Polo Shirt,N,
White Clock,N,
White Hoodie (black tiger head design),N,
White Hoodie w/ Gold TIgers Lettering,N,
White Hoodie w/ black tiger head,N,
White Hoodie w/ gold tiger head,N,
White Oat Mug,N,
White Pen 1 lines,N,
White Pen 2 lines,N,
White Polo Shirt w/ black scratch,N,
White Shirt (script lettering),N,
White Shirt (tiger picture),N,
White Small Clock,N,
White UAAP Subli Polo Shirt,N,
Yellow Aquaflask (display included),N,
Yellow Big Clock,N,
Yellow Click Pen,N,
Yellow Clock,N,
Yellow Gold Umbrella,N,
Yellow Golden Tigresses,N,
Yellow Golf Umbrella,N,
Yellow Happy Tiger,N,
Yellow Hoodie Embro,N,
Yellow Hoodie w/ Tigers Lettering,N,
Yellow Hoodie w/ black tiger head,N,
Yellow Lanyard,N,USTORE
Yellow Oat Mug,N,
Yellow Oat Shirt,N,
Yellow Pen 1 line,N,
Yellow Pen 2 lines,N,
Yellow Polo Shirt w/ black scratch,N,
Yellow Quina Two Toned,N,
Yellow Script Shirt,N,
Yellow Shirt (tiger head print in middle),N,
Yellow Shirt (tiger head print infront),N,
Yellow Shirt Volleyball,N,
Yellow Small Clock,N,
Yellow Sporty Shirt,N,
Yellow UST Scarves,N,
Yelow Tiger Pattern,N,
w/ black collar,N,
0.50L B1T1 Tumbler (MCX-A501) Push Button Lid,S,TIGER FLASK
0.50L B1T1 Tumbler (MCY-A050) screw lid,S,TIGER FLASK
0.8L B1T1 Tumbler 2 way lid,S,TIGER FLASK
1.2L Tumbler (MTA-T120) for Carbonated drinks,S,TIGER FLASK
1.5 Tumbler (MTA-T150) for Carbonated Drinks,S,TIGER FLASK
280ml Desk Mug,S,TIGER FLASK
280ml Desk Mug / MCIA028,S,TIGER FLASK
480ml Tumbler (MKA-KO48)Push Botton Lid Anti Bacterial,S,TIGER FLASK
500ml Tumbler (MTA-T050) for Carbonated drinks,S,TIGER FLASK
5M Magnetic Pin,S,USTORE
800ml Sports Tumbler (MCZ-S040) screw lid antibacterial,S,
800ml Sports Tumbler (MCZ-S080) screw lid antibacterial,S,
800ml Tumbler (MTA-T080) for Carbonated drinks,S,TIGER FLASK
ABSC College Shirt (60th),S,SHIRT HAPPENS
Aquaflask,S,USTORE
Arch @320,S,TET AND DARS
Artic Back Pack,S,
Auto Umbrella,S,USTORE
BASE BALL SHIRT,S,JYL ATHLETICA
Bag,S,USTORE
Baller,S,VARSITY LIFESTYLE
Bamboo Notebook @150,S,STITCH CORP.
Bamboo Pen @60,S,STITCH CORP.
Baseball Cap METAL @380,S,STITCH CORP.
Baseball Cap VELCRO @380,S,STITCH CORP.
Big Car,S,MADEBYRUZ CONSUMER GOODS TRADING
Big Mystery Car,S,MADEBYRUZ CONSUMER GOODS TRADING
Black Double Canopy Umbrella,S,
Black Embro Oversized Shirt,S,
Black Hoodie Embro,S,
Black Lanyard,S,
Black Laptop Bag,S,
Black Wearable Blanket,S,
Black w/ Yellow UST Embro,S,BLAZE
Blanca Pen,S,USTORE
Bomber Jacket,S,JUC
Bookmarks,S,USTORE
Button Pin (Big),S,USTORE
Button Pin (Small),S,USTORE
Button Pins Small,S,USTORE
C. Sticker @120,S,USTORE
Cane Umbrella,S,NAPOLIZ ENTERPRISES
Canvass Bag,S,"ASSOCIATION FOR THE EDUCATIONAL ASSISTANCE OF POOR SEMINARIANS, INC."
Caps,S,VARSITY LIFESTYLE
Ceramic Mug 18oz,S,TOP GUN PHILS.
Charger,S,USTORE
Chibi Stickers,S,USTORE
"Chibi Stickers (S1,S2)",S,USTORE
Clappers,S,USTORE
Clock @550,S,STITCH CORP.
Clock @700,S,STITCH CORP.
College Keychain,S,
College Long Sticker,S,
College Sticker @120,S,USTORE
Corp Black Windbreaker,S,
Corp Jacket V2,S,STITCH CORP.
Corp Jacket V3,S,JYL ATHLETICA
Corp Jacket v.2,S,
Corp Jacket v.3,S,
Cotton Black Jacket,S,JYL ATHLETICA
Cotton Brush Jacket,S,JYL ATHLETICA
Cotton Gray Jacket,S,JYL ATHLETICA
Crew Neck Shirt @475,S,BLAZE
DRI-FIT NEW,S,JYL ATHLETICA
"Double Canopy (B,Y)",S,STITCH CORP.
Dri-Fit Golden Tigresses,S,JYL ATHLETICA
Eco Bag @ 130,S,TET AND DARS
Eco Bag @80,S,TET AND DARS
Eco Bag CGEEE!,S,USTORE
Embro Cap,S,THREADMARKED
Forward Back Pack,S,
GROWLING HOODIE,S,JUC
GT 375,S,JYL ATHLETICA
Gemini Paper Bag Large,S,USTORE
Gemini Paper Bag Medium,S,USTORE
Gemini Paper Bag Small,S,USTORE
Generic Lanyard,S,
Go Fight UST Shirt,S,SHIRT HAPPENS
Gold Baseball Shirt,S,
Hoodie,S,VARSITY LIFESTYLE
Hoodies Breaker,S,NAPOLIZ ENTERPRISES
ID Case @20,S,USTORE
IPEA Shirt,S,IPEA
Insignia Pen,S,USTORE
JUC Corp Jacket,S,
Jacket,S,JYL ATHLETICA
Jersey Short,S,JYL ATHLETICA
"Keep Growling OS (B,V)",S,THREADMARKED
Keychain @180,S,TET AND DARS
Kit Set,S,USTORE
Leather Bag,S,"ASSOCIATION FOR THE EDUCATIONAL ASSISTANCE OF POOR SEMINARIANS, INC."
Logo Keychain @200,S,TET AND DARS
Logo Sticker @30,S,TET AND DARS
Long Sticker @120,S,TET AND DARS
MJ Charger,S,USTORE
MJ Sticker Bundle,S,USTORE
Machete V2,S,JYL ATHLETICA
Main Building,S,TET AND DARS
Mug @170,S,TET AND DARS
Mug @220,S,TET AND DARS
NB @100,S,USTORE
NB @75,S,USTORE
New GT Shirts,S,VARSITY LIFESTYLE
New Keychain,S,
New Polo Shirt (EMBROIDED),S,BLAZE
New Tiger Plushie Small @750,S,USTORE
New UST Keychain,S,
Notebook @220,S,TET AND DARS
OAT Tote Bag (Phased Out),S,JUC
Oversized Sweatshirt,S,VARSITY LIFESTYLE
Paper Bag  @ 130,S,TET AND DARS
Paper Bag @80,S,TET AND DARS
Paper Bag BIG @130,S,TET AND DARS
Paper Bag SMALL @80,S,TET AND DARS
Paper weight @330,S,USTORE
Pen @ 50,S,TET AND DARS
Pen @25,S,TET AND DARS
Pen with BOX,S,NEW TRENDS
Pencil,S,USTORE
Picasso Pen,S,USTORE
Polo Shirt @800,S,BLAZE
Poloshirt 123456 @860,S,JYL ATHLETICA
Poloshirt 3 Colors,S,JYL ATHLETICA
Poloshirt @800,S,JYL ATHLETICA
Powerbank,S,USTORE
Pure Black Laptop Bag,S,
Quiana Black Subli Shirt,S,
Quiana Yelloow Subli Shirt,S,
Retractable @25,S,MITSUI
S88 UAAP Poloshirt,S,SHIRT HAPPENS
SM Tiger Plushie Big V2,S,USTORE
SM Tiger Plushie Small V2,S,USTORE
SM Tiger Plushie V2,S,USTORE
Sash Big,S,USTORE
Sash Small,S,USTORE
Scarf @490,S,USTORE
Scarves,S,VARSITY LIFESTYLE
Sci Ballpen,S,COLLEGE OF SCIENCE AT 100
Sci Notebook,S,COLLEGE OF SCIENCE AT 100
Sci Totebag,S,COLLEGE OF SCIENCE AT 100
Shabby Hat,S,USTORE
Shirts,S,VARSITY LIFESTYLE
Shirts all @450 UPSIZE (3XL-4XL),S,JUC
Shirts all @450 UPSIZE (3XL-5XL),S,JUC
Shirts all @450 UPSIZE (5XL),S,JUC
Sling Bag,S,NAPOLIZ ENTERPRISES
Small Mystery Car,S,MADEBYRUZ CONSUMER GOODS TRADING
Socks @375,S,BLAZE
Stainless Eco Tumbler,S,USTORE
Sticker @ 115,S,TET AND DARS
Sticker @120,S,TET AND DARS
Sticker @20,S,TET AND DARS
Sticker Pack,S,VARSITY LIFESTYLE
Stylus pen @45,S,MITSUI
Subli. Shirt,S,CENTRAL SEMINARY
Subli. Shirt 2 colors,S,JYL ATHLETICA
Sweatshirt (NEW),S,VARSITY LIFESTYLE
Taslan NEW,S,JYL ATHLETICA
Thomasian Kit,S,USTORE
Thomasian Kit Set,S,USTORE
Tiger BUNDLE,S,USTORE
Tiger Claw,S,MADEBYRUZ CONSUMER GOODS TRADING
Tiger Costume,S,MADEBYRUZ CONSUMER GOODS TRADING
Tiger Headband (2 Designs),S,MADEBYRUZ CONSUMER GOODS TRADING
Tiger Plushie Big,S,USTORE
Tiger Stuff Toy Small Grad,S,USTORE
Tote (One For UST),S,USTORE
Tote Bag Black,S,NAPOLIZ ENTERPRISES
Travel Mug,S,USTORE
Triple Black Embro,S,BLAZE
Triple White Embro,S,BLAZE
Tripple Embro Black Shirt,S,
Trucker Cap,S,TOP GUN PHILS.
Tumbler,S,USTORE
Two-toned windbreaker @1700,S,THREADMARKED
"UST 1611 Embro Shirt (B,V)",S,THREADMARKED
UST Arch Clicker,S,MADEBYRUZ CONSUMER GOODS TRADING
UST Keychain,S,
UST Logo Clicker,S,MADEBYRUZ CONSUMER GOODS TRADING
UST Logo Embro Polo Shirt (2XL-3XL),S,THREADMARKED
UST Logo Embro Polo Shirt (XS-XL),S,THREADMARKED
UST Long Sticker,S,
UST OAT Hoodie Jacket,S,JUC
UST OAT MUG (Pure Black),S,JUC
UST OAT MUG (W inside),S,JUC
UST OAT T-Shirt Y/B/COLLEGE (3XL),S,JUC
UST Santo Tomas Script T-Shirt,S,JUC
UST Sweatshirt Sporty,S,JUC
UST T-Shirt Sporty UPSIZE (3XL-5XL),S,JUC
"UST TIGERS Oversized shirt (V,B) @650",S,THREADMARKED
UST Toddler Hoodie,S,THREADMARKED
UST-Pen W/Box,S,NEW TRENDS
USTORE Voucher (1000),S,USTORE
USTORE Voucher (200),S,USTORE
USTORE Voucher (500),S,USTORE
USTWBT Championship Shirt 2025,S,VARSITY LIFESTYLE
Umb Old @250,S,USTORE
Umb. Cane,S,USTORE
Utensil,S,USTORE
VB Jersey with Sig. @1800,S,JYL ATHLETICA
VB Jersey with Sig. @2800,S,JYL ATHLETICA
VB Jersey without Sig @1000,S,JYL ATHLETICA
VB Jersey without Sig @1500,S,JYL ATHLETICA
VB Jersey without Sig @2000,S,JYL ATHLETICA
VL Keychain,S,VARSITY LIFESTYLE
VL Lanyard,S,VARSITY LIFESTYLE
VL Sticker Pack,S,VARSITY LIFESTYLE
Varsity Jacket,S,VARSITY LIFESTYLE
Varsity Jacket Embro,S,THREADMARKED
Varsity Lanyard,S,
Varsity Long Sticker,S,
Varsity UST Keychain,S,
White Baseball Shirt,S,
White Embro,S,BLAZE
Windbreaker,S,
Woven Sling Bag (LARGE),S,"ASSOCIATION FOR THE EDUCATIONAL ASSISTANCE OF POOR SEMINARIANS, INC."
Woven Sling Bag (SMALL),S,"ASSOCIATION FOR THE EDUCATIONAL ASSISTANCE OF POOR SEMINARIANS, INC."
Woven Tote Bag (BIG),S,"ASSOCIATION FOR THE EDUCATIONAL ASSISTANCE OF POOR SEMINARIANS, INC."
Woven Tote Bag (SMALL),S,"ASSOCIATION FOR THE EDUCATIONAL ASSISTANCE OF POOR SEMINARIANS, INC."
"Y,B VL UST",S,VARSITY LIFESTYLE
Yellow Baseball Shirt,S,
Yellow Double Canopy Umbrella,S,
Yellow Id Lanyard,S,
Yellow Laptop Bag,S,
Yellow Notebook,S,USTORE
Yellow Wearable Blanket,S,
Yellow/Black Lanyard,S,
Yelow Laptop Bag,S,
