item_name,fsn_class,supplier_name,first_sale,total_units
UST T-Shirt Santo Tomas Shirt/UST T-Shirt Tiger Pattern/HAPPY,F,JUC,2024-08-06,6637
UST OAT T-Shirt Y/B/COLLEGE,F,JUC,2024-08-06,3919
UST College ID Lace,F,JUC,2024-05-02,3107
MJ Sticker Small,F,USTORE,2025-02-03,2156
5M Rotating Keychain,F,USTORE,2025-05-02,1731
C. Keychain,F,USTORE,2024-08-06,1701
MJ Sticker Medium,F,USTORE,2025-02-03,1625
MJ Sticker Large,F,USTORE,2025-02-03,881
Tote (Viva),F,USTORE,2024-12-06,832
Hoodies Breaker,S,NAPOLIZ ENTERPRISES,2024-05-02,762
"UST OAT MUG (Y,W,B)",F,JUC,2025-08-01,747
UST T-Shirt Santo Tomas Shirt/UST T-Shirt Tiger Pattern/HAPPY/Script,F,JUC,2026-04-05,727
Corp Jacket V2,S,STITCH CORP.,2025-06-02,636
"QUIANA SUBLI SHIRT (B&Y), 2 TONED",F,JYL ATHLETICA,2026-01-07,634
5M Magnetic Pin,S,USTORE,2025-05-02,628
UST Sweatshirt Sporty,S,JUC,2024-08-13,582
UST OAT MUG (Y/B inside),F,JUC,2024-05-02,552
UST OAT T-Shirt Y/B/COLLEGE (XS-2XL),F,JUC,2026-03-02,550
DRI-FIT NEW,S,JYL ATHLETICA,2024-12-02,513
Tiger Plushie Small,F,USTORE,2025-11-05,483
ID Case,F,USTORE,2025-03-03,455
Cotton Brush Jacket,S,JYL ATHLETICA,2024-12-11,448
Aquaflask,S,USTORE,2025-02-03,431
VL Sticker Pack,S,VARSITY LIFESTYLE,2024-10-20,423
UST Keyboard Clicker (Fidget),F,THREADMARKED,2026-04-05,406
Tiger Plushie Big,S,USTORE,2025-11-05,368
New GT Shirts,S,VARSITY LIFESTYLE,2024-10-20,361
Automatic Umbrella,F,USTORE,2026-01-07,339
Button Pin (Big),S,USTORE,2025-07-01,332
"Y,B VL UST",S,VARSITY LIFESTYLE,2026-01-07,325
UST-Pen W/Box,S,NEW TRENDS,2024-10-01,319
Tiger Headband (2 Designs),S,MADEBYRUZ CONSUMER GOODS TRADING,2025-08-01,309
"UST OAT MUG (Y,W)",F,JUC,2025-09-01,306
UST OAT MUG (B),F,JUC,2025-09-01,301
Chibi Stickers,S,USTORE,2025-11-05,292
"UST Embro OS (B,V)",F,THREADMARKED,2026-02-01,286
BASE BALL SHIRT,S,JYL ATHLETICA,2024-08-13,262
Dri-Fit Golden Tigresses,S,JYL ATHLETICA,2026-02-01,247
"Double Canopy (B,Y)",S,STITCH CORP.,2026-03-02,232
Button Pin (Small),S,USTORE,2025-11-05,224
White Embro,S,BLAZE,2025-04-02,201
New Tiger Plushie Small,F,USTORE,2024-08-06,199
Cotton Gray Jacket,S,JYL ATHLETICA,2025-03-03,187
Triple Black Embro,S,BLAZE,2025-06-02,177
Corp Jacket V3,S,JYL ATHLETICA,2025-12-07,176
Sci Totebag,S,COLLEGE OF SCIENCE AT 100,2026-04-05,171
"Chibi Stickers (S1,S2)",S,USTORE,2025-07-01,167
Corp Jacket v.3,S,,2024-08-13,160
New Tiger Plushie Big,F,USTORE,2024-08-06,134
Small Mystery Car,S,MADEBYRUZ CONSUMER GOODS TRADING,2025-06-02,126
Machete V2,S,JYL ATHLETICA,2025-09-01,125
Stainless Eco Tumbler,S,USTORE,2025-08-01,125
"UST 1611 Embro Shirt (B,V)",S,THREADMARKED,2026-04-05,122
VL Keychain,S,VARSITY LIFESTYLE,2026-03-02,110
"Keep Growling OS (B,V)",S,THREADMARKED,2026-02-01,103
Varsity Jacket Embro,S,THREADMARKED,2026-03-02,94
Eco Bag @ 130,S,TET AND DARS,2024-05-02,85
Black w/ Yellow UST Embro,S,BLAZE,2026-03-02,73
Jersey Short,S,JYL ATHLETICA,2026-02-01,73
Button Pins Small,S,USTORE,2025-07-01,69
UST OAT MUG (Pure Black),S,JUC,2026-01-07,69
S88 UAAP Poloshirt,S,SHIRT HAPPENS,2026-03-02,65
Go Fight UST Shirt,S,SHIRT HAPPENS,2025-12-07,64
Tiger BUNDLE,S,USTORE,2024-10-09,63
UST College ID Lace / GENERIC Lace,F,JUC,2024-12-02,61
UST T-Shirt Sporty UPSIZE (3XL-5XL),S,JUC,2025-03-03,55
Ceramic Mug 18oz,S,TOP GUN PHILS.,2026-03-02,54
UST Arch Clicker,S,MADEBYRUZ CONSUMER GOODS TRADING,2026-03-02,54
Tiger Costume,S,MADEBYRUZ CONSUMER GOODS TRADING,2025-06-02,45
UST T-Shirt (College Shirt),F,JUC,2024-05-02,44
UST Logo Embro Polo Shirt (XS-XL),S,THREADMARKED,2026-04-05,43
USTORE Voucher (1000),S,USTORE,2025-05-02,39
IPEA Shirt,S,IPEA,2024-08-13,34
Taslan NEW,S,JYL ATHLETICA,2025-03-03,34
Thomasian Kit Set,S,USTORE,2025-08-01,34
Gemini Paper Bag Small,S,USTORE,2026-06-01,32
Big Car,S,MADEBYRUZ CONSUMER GOODS TRADING,2025-07-01,31
New Polo Shirt (EMBROIDED),S,BLAZE,2025-01-07,27
USTWBT Championship Shirt 2025,S,VARSITY LIFESTYLE,2026-01-07,25
Triple White Embro,S,BLAZE,2026-06-01,24
USTORE Voucher (500),S,USTORE,2025-05-02,23
MJ Sticker Bundle,S,USTORE,2025-02-03,22
Sticker @ 115,S,TET AND DARS,2024-05-02,22
Gemini Paper Bag Medium,S,USTORE,2026-06-01,21
Paper Bag  @ 130,S,TET AND DARS,2025-08-01,20
Sweatshirt (NEW),S,VARSITY LIFESTYLE,2025-07-01,19
VL Lanyard,S,VARSITY LIFESTYLE,2026-04-05,17
USTORE Voucher (200),S,USTORE,2025-05-02,15
Woven Sling Bag (SMALL),S,"ASSOCIATION FOR THE EDUCATIONAL ASSISTANCE OF POOR SEMINARIANS, INC.",2025-09-01,14
SM Tiger Plushie V2,S,USTORE,2026-06-01,13
Gemini Paper Bag Large,S,USTORE,2026-06-01,11
Pen @ 50,S,TET AND DARS,2024-05-02,10
Sci Ballpen,S,COLLEGE OF SCIENCE AT 100,2026-04-05,10
Woven Tote Bag (SMALL),S,"ASSOCIATION FOR THE EDUCATIONAL ASSISTANCE OF POOR SEMINARIANS, INC.",2025-09-01,10
Pen with BOX,S,NEW TRENDS,2025-11-05,9
UST OAT T-Shirt Y/B/COLLEGE (3XL),S,JUC,2026-03-02,9
MJ Charger,S,USTORE,2025-11-05,8
GT 375,S,JYL ATHLETICA,2024-05-02,7
UST Logo Embro Polo Shirt (2XL-3XL),S,THREADMARKED,2026-04-05,7
Sci Notebook,S,COLLEGE OF SCIENCE AT 100,2026-04-05,5
Subli. Shirt 2 colors,S,JYL ATHLETICA,2024-11-03,5
280ml Desk Mug / MCIA028,S,TIGER FLASK,2026-01-07,4
SM Tiger Plushie Big V2,S,USTORE,2026-07-01,3
Tote Bag Black,S,NAPOLIZ ENTERPRISES,2024-05-02,3
Woven Sling Bag (LARGE),S,"ASSOCIATION FOR THE EDUCATIONAL ASSISTANCE OF POOR SEMINARIANS, INC.",2025-09-01,3
1.5 Tumbler (MTA-T150) for Carbonated Drinks,S,TIGER FLASK,2025-11-05,2
Big Mystery Car,S,MADEBYRUZ CONSUMER GOODS TRADING,2025-06-02,2
Cane Umbrella,S,NAPOLIZ ENTERPRISES,2024-05-02,2
UST Santo Tomas Script T-Shirt,S,JUC,2024-05-02,1
UST Toddler Hoodie,S,THREADMARKED,2026-07-01,1
Woven Tote Bag (BIG),S,"ASSOCIATION FOR THE EDUCATIONAL ASSISTANCE OF POOR SEMINARIANS, INC.",2025-09-01,1
(white/black/yellow line design),N,,,0
800ml Sports Tumbler (MCZ-2080) screw lid anti bacterial,N,TIGER FLASK,,0
800ml Sports Tumbler (MCZ-S040) screw lid antibacterial,S,,2025-11-05,0
Alessandrini,N,,,0
Back pack,N,NAPOLIZ ENTERPRISES,,0
"Baseball Shirt (Y,W)",N,JYL ATHLETICA,,0
Black Click Pen,N,,,0
Black Embro,N,BLAZE,,0
Black Pen 1 line,N,,,0
Black Pen 2 lines,N,,,0
Black Script Shirt,N,,,0
Black Shorts,N,,,0
Corp Jacket,N,JYL ATHLETICA,,0
Corp Windbreaker,N,JYL ATHLETICA,,0
Dry Fit N ew Shirt Black,N,,,0
Dry Fit Shirt Black,N,,,0
Embro Cap,S,THREADMARKED,2025-11-05,0
GROWLING HOODIE,S,JUC,2024-11-03,0
Hernandez,N,,,0
QUIANA SUBLI SHIRT (B&Y),N,JYL ATHLETICA,,0
SM Tiger Plushie Small V2,S,USTORE,2026-07-01,0
Tiger Brooch,N,,,0
UST 3D Keychain,N,THREADMARKED,,0
UST Black  Cup,N,,,0
Wearable Blanket,N,STITCH CORP.,,0
White Big Clock,N,,,0
White Clock,N,,,0
White Pen 1 lines,N,,,0
White Pen 2 lines,N,,,0
White Small Clock,N,,,0
Yellow Pen 2 lines,N,,,0
w/ black collar,N,,,0
